hour,session_count,total_kwh,hour_of_day,day_of_week,month,is_weekend
2019-01-01 03:00:00+00:00,1,43.114,3,1,1,0
2019-01-01 04:00:00+00:00,0,0.0,4,1,1,0
2019-01-01 05:00:00+00:00,1,3.25,5,1,1,0
2019-01-01 06:00:00+00:00,0,0.0,6,1,1,0
2019-01-01 07:00:00+00:00,0,0.0,7,1,1,0
2019-01-01 08:00:00+00:00,0,0.0,8,1,1,0
2019-01-01 09:00:00+00:00,0,0.0,9,1,1,0
2019-01-01 10:00:00+00:00,0,0.0,10,1,1,0
2019-01-01 11:00:00+00:00,0,0.0,11,1,1,0
2019-01-01 12:00:00+00:00,0,0.0,12,1,1,0
2019-01-01 13:00:00+00:00,0,0.0,13,1,1,0
2019-01-01 14:00:00+00:00,0,0.0,14,1,1,0
2019-01-01 15:00:00+00:00,0,0.0,15,1,1,0
2019-01-01 16:00:00+00:00,0,0.0,16,1,1,0
2019-01-01 17:00:00+00:00,1,0.9,17,1,1,0
2019-01-01 18:00:00+00:00,2,13.417000000000002,18,1,1,0
2019-01-01 19:00:00+00:00,1,0.879,19,1,1,0
2019-01-01 20:00:00+00:00,0,0.0,20,1,1,0
2019-01-01 21:00:00+00:00,3,20.333,21,1,1,0
2019-01-01 22:00:00+00:00,1,13.273,22,1,1,0
2019-01-01 23:00:00+00:00,0,0.0,23,1,1,0
2019-01-02 00:00:00+00:00,0,0.0,0,2,1,0
2019-01-02 01:00:00+00:00,0,0.0,1,2,1,0
2019-01-02 02:00:00+00:00,0,0.0,2,2,1,0
2019-01-02 03:00:00+00:00,0,0.0,3,2,1,0
2019-01-02 04:00:00+00:00,0,0.0,4,2,1,0
2019-01-02 05:00:00+00:00,0,0.0,5,2,1,0
2019-01-02 06:00:00+00:00,0,0.0,6,2,1,0
2019-01-02 07:00:00+00:00,0,0.0,7,2,1,0
2019-01-02 08:00:00+00:00,0,0.0,8,2,1,0
2019-01-02 09:00:00+00:00,0,0.0,9,2,1,0
2019-01-02 10:00:00+00:00,0,0.0,10,2,1,0
2019-01-02 11:00:00+00:00,0,0.0,11,2,1,0
2019-01-02 12:00:00+00:00,0,0.0,12,2,1,0
2019-01-02 13:00:00+00:00,1,36.608,13,2,1,0
2019-01-02 14:00:00+00:00,0,0.0,14,2,1,0
2019-01-02 15:00:00+00:00,1,8.855,15,2,1,0
2019-01-02 16:00:00+00:00,11,236.205,16,2,1,0
2019-01-02 17:00:00+00:00,4,19.759,17,2,1,0
2019-01-02 18:00:00+00:00,4,70.473,18,2,1,0
2019-01-02 19:00:00+00:00,3,22.05,19,2,1,0
2019-01-02 20:00:00+00:00,2,26.548,20,2,1,0
2019-01-02 21:00:00+00:00,3,27.392000000000003,21,2,1,0
2019-01-02 22:00:00+00:00,0,0.0,22,2,1,0
2019-01-02 23:00:00+00:00,0,0.0,23,2,1,0
2019-01-03 00:00:00+00:00,3,25.185,0,3,1,0
2019-01-03 01:00:00+00:00,1,3.328,1,3,1,0
2019-01-03 02:00:00+00:00,1,11.042,2,3,1,0
2019-01-03 03:00:00+00:00,0,0.0,3,3,1,0
2019-01-03 04:00:00+00:00,0,0.0,4,3,1,0
2019-01-03 05:00:00+00:00,0,0.0,5,3,1,0
2019-01-03 06:00:00+00:00,0,0.0,6,3,1,0
2019-01-03 07:00:00+00:00,0,0.0,7,3,1,0
2019-01-03 08:00:00+00:00,0,0.0,8,3,1,0
2019-01-03 09:00:00+00:00,0,0.0,9,3,1,0
2019-01-03 10:00:00+00:00,0,0.0,10,3,1,0
2019-01-03 11:00:00+00:00,0,0.0,11,3,1,0
2019-01-03 12:00:00+00:00,0,0.0,12,3,1,0
2019-01-03 13:00:00+00:00,0,0.0,13,3,1,0
2019-01-03 14:00:00+00:00,0,0.0,14,3,1,0
2019-01-03 15:00:00+00:00,2,7.563000000000001,15,3,1,0
2019-01-03 16:00:00+00:00,11,153.55700000000002,16,3,1,0
2019-01-03 17:00:00+00:00,3,13.098,17,3,1,0
2019-01-03 18:00:00+00:00,3,20.721,18,3,1,0
2019-01-03 19:00:00+00:00,0,0.0,19,3,1,0
2019-01-03 20:00:00+00:00,3,28.857,20,3,1,0
2019-01-03 21:00:00+00:00,4,17.686,21,3,1,0
2019-01-03 22:00:00+00:00,1,2.755,22,3,1,0
2019-01-03 23:00:00+00:00,2,41.647000000000006,23,3,1,0
2019-01-04 00:00:00+00:00,1,15.57,0,4,1,0
2019-01-04 01:00:00+00:00,1,14.399,1,4,1,0
2019-01-04 02:00:00+00:00,0,0.0,2,4,1,0
2019-01-04 03:00:00+00:00,1,13.391,3,4,1,0
2019-01-04 04:00:00+00:00,0,0.0,4,4,1,0
2019-01-04 05:00:00+00:00,0,0.0,5,4,1,0
2019-01-04 06:00:00+00:00,0,0.0,6,4,1,0
2019-01-04 07:00:00+00:00,0,0.0,7,4,1,0
2019-01-04 08:00:00+00:00,0,0.0,8,4,1,0
2019-01-04 09:00:00+00:00,0,0.0,9,4,1,0
2019-01-04 10:00:00+00:00,0,0.0,10,4,1,0
2019-01-04 11:00:00+00:00,0,0.0,11,4,1,0
2019-01-04 12:00:00+00:00,0,0.0,12,4,1,0
2019-01-04 13:00:00+00:00,1,34.258,13,4,1,0
2019-01-04 14:00:00+00:00,0,0.0,14,4,1,0
2019-01-04 15:00:00+00:00,2,38.819,15,4,1,0
2019-01-04 16:00:00+00:00,7,72.05,16,4,1,0
2019-01-04 17:00:00+00:00,7,46.658,17,4,1,0
2019-01-04 18:00:00+00:00,4,29.834,18,4,1,0
2019-01-04 19:00:00+00:00,2,15.121,19,4,1,0
2019-01-04 20:00:00+00:00,0,0.0,20,4,1,0
2019-01-04 21:00:00+00:00,4,36.371,21,4,1,0
2019-01-04 22:00:00+00:00,1,6.045,22,4,1,0
2019-01-04 23:00:00+00:00,0,0.0,23,4,1,0
2019-01-05 00:00:00+00:00,0,0.0,0,5,1,1
2019-01-05 01:00:00+00:00,0,0.0,1,5,1,1
2019-01-05 02:00:00+00:00,0,0.0,2,5,1,1
2019-01-05 03:00:00+00:00,0,0.0,3,5,1,1
2019-01-05 04:00:00+00:00,0,0.0,4,5,1,1
2019-01-05 05:00:00+00:00,0,0.0,5,5,1,1
2019-01-05 06:00:00+00:00,1,39.76,6,5,1,1
2019-01-05 07:00:00+00:00,0,0.0,7,5,1,1
2019-01-05 08:00:00+00:00,1,3.146,8,5,1,1
2019-01-05 09:00:00+00:00,0,0.0,9,5,1,1
2019-01-05 10:00:00+00:00,0,0.0,10,5,1,1
2019-01-05 11:00:00+00:00,0,0.0,11,5,1,1
2019-01-05 12:00:00+00:00,0,0.0,12,5,1,1
2019-01-05 13:00:00+00:00,0,0.0,13,5,1,1
2019-01-05 14:00:00+00:00,0,0.0,14,5,1,1
2019-01-05 15:00:00+00:00,1,7.808,15,5,1,1
2019-01-05 16:00:00+00:00,1,5.121,16,5,1,1
2019-01-05 17:00:00+00:00,1,0.845,17,5,1,1
2019-01-05 18:00:00+00:00,4,15.244,18,5,1,1
2019-01-05 19:00:00+00:00,2,24.917,19,5,1,1
2019-01-05 20:00:00+00:00,2,9.523,20,5,1,1
2019-01-05 21:00:00+00:00,0,0.0,21,5,1,1
2019-01-05 22:00:00+00:00,0,0.0,22,5,1,1
2019-01-05 23:00:00+00:00,0,0.0,23,5,1,1
2019-01-06 00:00:00+00:00,1,2.485,0,6,1,1
2019-01-06 01:00:00+00:00,1,2.831,1,6,1,1
2019-01-06 02:00:00+00:00,2,22.07,2,6,1,1
2019-01-06 03:00:00+00:00,0,0.0,3,6,1,1
2019-01-06 04:00:00+00:00,0,0.0,4,6,1,1
2019-01-06 05:00:00+00:00,0,0.0,5,6,1,1
2019-01-06 06:00:00+00:00,0,0.0,6,6,1,1
2019-01-06 07:00:00+00:00,0,0.0,7,6,1,1
2019-01-06 08:00:00+00:00,0,0.0,8,6,1,1
2019-01-06 09:00:00+00:00,0,0.0,9,6,1,1
2019-01-06 10:00:00+00:00,0,0.0,10,6,1,1
2019-01-06 11:00:00+00:00,0,0.0,11,6,1,1
2019-01-06 12:00:00+00:00,0,0.0,12,6,1,1
2019-01-06 13:00:00+00:00,0,0.0,13,6,1,1
2019-01-06 14:00:00+00:00,0,0.0,14,6,1,1
2019-01-06 15:00:00+00:00,0,0.0,15,6,1,1
2019-01-06 16:00:00+00:00,1,2.902,16,6,1,1
2019-01-06 17:00:00+00:00,1,12.372,17,6,1,1
2019-01-06 18:00:00+00:00,1,3.985,18,6,1,1
2019-01-06 19:00:00+00:00,0,0.0,19,6,1,1
2019-01-06 20:00:00+00:00,5,38.511,20,6,1,1
2019-01-06 21:00:00+00:00,1,3.271,21,6,1,1
2019-01-06 22:00:00+00:00,1,3.753,22,6,1,1
2019-01-06 23:00:00+00:00,2,22.849,23,6,1,1
2019-01-07 00:00:00+00:00,1,56.728,0,0,1,0
2019-01-07 01:00:00+00:00,0,0.0,1,0,1,0
2019-01-07 02:00:00+00:00,0,0.0,2,0,1,0
2019-01-07 03:00:00+00:00,1,36.285,3,0,1,0
2019-01-07 04:00:00+00:00,0,0.0,4,0,1,0
2019-01-07 05:00:00+00:00,0,0.0,5,0,1,0
2019-01-07 06:00:00+00:00,0,0.0,6,0,1,0
2019-01-07 07:00:00+00:00,0,0.0,7,0,1,0
2019-01-07 08:00:00+00:00,0,0.0,8,0,1,0
2019-01-07 09:00:00+00:00,0,0.0,9,0,1,0
2019-01-07 10:00:00+00:00,0,0.0,10,0,1,0
2019-01-07 11:00:00+00:00,0,0.0,11,0,1,0
2019-01-07 12:00:00+00:00,0,0.0,12,0,1,0
2019-01-07 13:00:00+00:00,1,49.663,13,0,1,0
2019-01-07 14:00:00+00:00,1,4.86,14,0,1,0
2019-01-07 15:00:00+00:00,2,43.04,15,0,1,0
2019-01-07 16:00:00+00:00,13,271.049,16,0,1,0
2019-01-07 17:00:00+00:00,4,49.736999999999995,17,0,1,0
2019-01-07 18:00:00+00:00,4,38.086,18,0,1,0
2019-01-07 19:00:00+00:00,2,29.354,19,0,1,0
2019-01-07 20:00:00+00:00,1,6.53,20,0,1,0
2019-01-07 21:00:00+00:00,3,17.619999999999997,21,0,1,0
2019-01-07 22:00:00+00:00,1,5.742,22,0,1,0
2019-01-07 23:00:00+00:00,2,19.18,23,0,1,0
2019-01-08 00:00:00+00:00,1,3.845,0,1,1,0
2019-01-08 01:00:00+00:00,1,0.939,1,1,1,0
2019-01-08 02:00:00+00:00,2,19.72,2,1,1,0
2019-01-08 03:00:00+00:00,0,0.0,3,1,1,0
2019-01-08 04:00:00+00:00,0,0.0,4,1,1,0
2019-01-08 05:00:00+00:00,0,0.0,5,1,1,0
2019-01-08 06:00:00+00:00,0,0.0,6,1,1,0
2019-01-08 07:00:00+00:00,0,0.0,7,1,1,0
2019-01-08 08:00:00+00:00,0,0.0,8,1,1,0
2019-01-08 09:00:00+00:00,0,0.0,9,1,1,0
2019-01-08 10:00:00+00:00,0,0.0,10,1,1,0
2019-01-08 11:00:00+00:00,0,0.0,11,1,1,0
2019-01-08 12:00:00+00:00,0,0.0,12,1,1,0
2019-01-08 13:00:00+00:00,1,26.699,13,1,1,0
2019-01-08 14:00:00+00:00,0,0.0,14,1,1,0
2019-01-08 15:00:00+00:00,4,39.781,15,1,1,0
2019-01-08 16:00:00+00:00,10,99.614,16,1,1,0
2019-01-08 17:00:00+00:00,7,41.392,17,1,1,0
2019-01-08 18:00:00+00:00,4,68.83,18,1,1,0
2019-01-08 19:00:00+00:00,3,22.886,19,1,1,0
2019-01-08 20:00:00+00:00,3,8.776,20,1,1,0
2019-01-08 21:00:00+00:00,1,6.645,21,1,1,0
2019-01-08 22:00:00+00:00,0,0.0,22,1,1,0
2019-01-08 23:00:00+00:00,0,0.0,23,1,1,0
2019-01-09 00:00:00+00:00,3,30.252,0,2,1,0
2019-01-09 01:00:00+00:00,0,0.0,1,2,1,0
2019-01-09 02:00:00+00:00,1,15.726,2,2,1,0
2019-01-09 03:00:00+00:00,2,19.045,3,2,1,0
2019-01-09 04:00:00+00:00,1,7.605,4,2,1,0
2019-01-09 05:00:00+00:00,0,0.0,5,2,1,0
2019-01-09 06:00:00+00:00,0,0.0,6,2,1,0
2019-01-09 07:00:00+00:00,0,0.0,7,2,1,0
2019-01-09 08:00:00+00:00,0,0.0,8,2,1,0
2019-01-09 09:00:00+00:00,0,0.0,9,2,1,0
2019-01-09 10:00:00+00:00,0,0.0,10,2,1,0
2019-01-09 11:00:00+00:00,0,0.0,11,2,1,0
2019-01-09 12:00:00+00:00,0,0.0,12,2,1,0
2019-01-09 13:00:00+00:00,0,0.0,13,2,1,0
2019-01-09 14:00:00+00:00,1,3.02,14,2,1,0
2019-01-09 15:00:00+00:00,2,42.917,15,2,1,0
2019-01-09 16:00:00+00:00,8,42.972,16,2,1,0
2019-01-09 17:00:00+00:00,9,81.97,17,2,1,0
2019-01-09 18:00:00+00:00,3,33.157,18,2,1,0
2019-01-09 19:00:00+00:00,1,12.408,19,2,1,0
2019-01-09 20:00:00+00:00,3,25.486,20,2,1,0
2019-01-09 21:00:00+00:00,3,20.155,21,2,1,0
2019-01-09 22:00:00+00:00,0,0.0,22,2,1,0
2019-01-09 23:00:00+00:00,2,2.182,23,2,1,0
2019-01-10 00:00:00+00:00,1,4.464,0,3,1,0
2019-01-10 01:00:00+00:00,3,67.348,1,3,1,0
2019-01-10 02:00:00+00:00,1,3.883,2,3,1,0
2019-01-10 03:00:00+00:00,2,4.254,3,3,1,0
2019-01-10 04:00:00+00:00,0,0.0,4,3,1,0
2019-01-10 05:00:00+00:00,0,0.0,5,3,1,0
2019-01-10 06:00:00+00:00,0,0.0,6,3,1,0
2019-01-10 07:00:00+00:00,0,0.0,7,3,1,0
2019-01-10 08:00:00+00:00,0,0.0,8,3,1,0
2019-01-10 09:00:00+00:00,0,0.0,9,3,1,0
2019-01-10 10:00:00+00:00,0,0.0,10,3,1,0
2019-01-10 11:00:00+00:00,0,0.0,11,3,1,0
2019-01-10 12:00:00+00:00,0,0.0,12,3,1,0
2019-01-10 13:00:00+00:00,0,0.0,13,3,1,0
2019-01-10 14:00:00+00:00,0,0.0,14,3,1,0
2019-01-10 15:00:00+00:00,3,27.193,15,3,1,0
2019-01-10 16:00:00+00:00,5,19.082,16,3,1,0
2019-01-10 17:00:00+00:00,6,51.071,17,3,1,0
2019-01-10 18:00:00+00:00,5,22.842,18,3,1,0
2019-01-10 19:00:00+00:00,2,19.258,19,3,1,0
2019-01-10 20:00:00+00:00,3,30.841,20,3,1,0
2019-01-10 21:00:00+00:00,5,29.403,21,3,1,0
2019-01-10 22:00:00+00:00,1,8.754,22,3,1,0
2019-01-10 23:00:00+00:00,0,0.0,23,3,1,0
2019-01-11 00:00:00+00:00,0,0.0,0,4,1,0
2019-01-11 01:00:00+00:00,0,0.0,1,4,1,0
2019-01-11 02:00:00+00:00,2,31.796,2,4,1,0
2019-01-11 03:00:00+00:00,2,17.026,3,4,1,0
2019-01-11 04:00:00+00:00,3,31.954,4,4,1,0
2019-01-11 05:00:00+00:00,0,0.0,5,4,1,0
2019-01-11 06:00:00+00:00,0,0.0,6,4,1,0
2019-01-11 07:00:00+00:00,1,45.866,7,4,1,0
2019-01-11 08:00:00+00:00,0,0.0,8,4,1,0
2019-01-11 09:00:00+00:00,0,0.0,9,4,1,0
2019-01-11 10:00:00+00:00,0,0.0,10,4,1,0
2019-01-11 11:00:00+00:00,0,0.0,11,4,1,0
2019-01-11 12:00:00+00:00,0,0.0,12,4,1,0
2019-01-11 13:00:00+00:00,0,0.0,13,4,1,0
2019-01-11 14:00:00+00:00,1,4.026,14,4,1,0
2019-01-11 15:00:00+00:00,3,13.61,15,4,1,0
2019-01-11 16:00:00+00:00,5,93.245,16,4,1,0
2019-01-11 17:00:00+00:00,7,51.564,17,4,1,0
2019-01-11 18:00:00+00:00,5,39.366,18,4,1,0
2019-01-11 19:00:00+00:00,3,51.051,19,4,1,0
2019-01-11 20:00:00+00:00,4,15.541,20,4,1,0
2019-01-11 21:00:00+00:00,2,3.2779999999999996,21,4,1,0
2019-01-11 22:00:00+00:00,1,4.109,22,4,1,0
2019-01-11 23:00:00+00:00,2,3.339,23,4,1,0
2019-01-12 00:00:00+00:00,0,0.0,0,5,1,1
2019-01-12 01:00:00+00:00,1,5.751,1,5,1,1
2019-01-12 02:00:00+00:00,1,5.323,2,5,1,1
2019-01-12 03:00:00+00:00,1,4.882,3,5,1,1
2019-01-12 04:00:00+00:00,0,0.0,4,5,1,1
2019-01-12 05:00:00+00:00,0,0.0,5,5,1,1
2019-01-12 06:00:00+00:00,0,0.0,6,5,1,1
2019-01-12 07:00:00+00:00,0,0.0,7,5,1,1
2019-01-12 08:00:00+00:00,0,0.0,8,5,1,1
2019-01-12 09:00:00+00:00,0,0.0,9,5,1,1
2019-01-12 10:00:00+00:00,0,0.0,10,5,1,1
2019-01-12 11:00:00+00:00,0,0.0,11,5,1,1
2019-01-12 12:00:00+00:00,0,0.0,12,5,1,1
2019-01-12 13:00:00+00:00,0,0.0,13,5,1,1
2019-01-12 14:00:00+00:00,0,0.0,14,5,1,1
2019-01-12 15:00:00+00:00,1,15.728,15,5,1,1
2019-01-12 16:00:00+00:00,1,4.459,16,5,1,1
2019-01-12 17:00:00+00:00,2,33.917,17,5,1,1
2019-01-12 18:00:00+00:00,3,26.001,18,5,1,1
2019-01-12 19:00:00+00:00,2,7.364000000000001,19,5,1,1
2019-01-12 20:00:00+00:00,0,0.0,20,5,1,1
2019-01-12 21:00:00+00:00,2,10.063,21,5,1,1
2019-01-12 22:00:00+00:00,1,9.33,22,5,1,1
2019-01-12 23:00:00+00:00,0,0.0,23,5,1,1
2019-01-13 00:00:00+00:00,0,0.0,0,6,1,1
2019-01-13 01:00:00+00:00,0,0.0,1,6,1,1
2019-01-13 02:00:00+00:00,1,42.364,2,6,1,1
2019-01-13 03:00:00+00:00,0,0.0,3,6,1,1
2019-01-13 04:00:00+00:00,0,0.0,4,6,1,1
2019-01-13 05:00:00+00:00,0,0.0,5,6,1,1
2019-01-13 06:00:00+00:00,0,0.0,6,6,1,1
2019-01-13 07:00:00+00:00,0,0.0,7,6,1,1
2019-01-13 08:00:00+00:00,0,0.0,8,6,1,1
2019-01-13 09:00:00+00:00,0,0.0,9,6,1,1
2019-01-13 10:00:00+00:00,0,0.0,10,6,1,1
2019-01-13 11:00:00+00:00,0,0.0,11,6,1,1
2019-01-13 12:00:00+00:00,0,0.0,12,6,1,1
2019-01-13 13:00:00+00:00,0,0.0,13,6,1,1
2019-01-13 14:00:00+00:00,0,0.0,14,6,1,1
2019-01-13 15:00:00+00:00,0,0.0,15,6,1,1
2019-01-13 16:00:00+00:00,2,34.583999999999996,16,6,1,1
2019-01-13 17:00:00+00:00,2,14.42,17,6,1,1
2019-01-13 18:00:00+00:00,1,29.012,18,6,1,1
2019-01-13 19:00:00+00:00,0,0.0,19,6,1,1
2019-01-13 20:00:00+00:00,1,39.204,20,6,1,1
2019-01-13 21:00:00+00:00,0,0.0,21,6,1,1
2019-01-13 22:00:00+00:00,3,18.961,22,6,1,1
2019-01-13 23:00:00+00:00,3,55.161,23,6,1,1
2019-01-14 00:00:00+00:00,2,28.226,0,0,1,0
2019-01-14 01:00:00+00:00,0,0.0,1,0,1,0
2019-01-14 02:00:00+00:00,2,32.198,2,0,1,0
2019-01-14 03:00:00+00:00,1,13.673,3,0,1,0
2019-01-14 04:00:00+00:00,0,0.0,4,0,1,0
2019-01-14 05:00:00+00:00,0,0.0,5,0,1,0
2019-01-14 06:00:00+00:00,0,0.0,6,0,1,0
2019-01-14 07:00:00+00:00,0,0.0,7,0,1,0
2019-01-14 08:00:00+00:00,0,0.0,8,0,1,0
2019-01-14 09:00:00+00:00,0,0.0,9,0,1,0
2019-01-14 10:00:00+00:00,0,0.0,10,0,1,0
2019-01-14 11:00:00+00:00,0,0.0,11,0,1,0
2019-01-14 12:00:00+00:00,0,0.0,12,0,1,0
2019-01-14 13:00:00+00:00,0,0.0,13,0,1,0
2019-01-14 14:00:00+00:00,1,4.408,14,0,1,0
2019-01-14 15:00:00+00:00,2,29.676,15,0,1,0
2019-01-14 16:00:00+00:00,10,166.673,16,0,1,0
2019-01-14 17:00:00+00:00,8,63.121,17,0,1,0
2019-01-14 18:00:00+00:00,6,55.919,18,0,1,0
2019-01-14 19:00:00+00:00,0,0.0,19,0,1,0
2019-01-14 20:00:00+00:00,3,47.366,20,0,1,0
2019-01-14 21:00:00+00:00,1,0.952,21,0,1,0
2019-01-14 22:00:00+00:00,4,25.578,22,0,1,0
2019-01-14 23:00:00+00:00,2,5.182,23,0,1,0
2019-01-15 00:00:00+00:00,1,1.048,0,1,1,0
2019-01-15 01:00:00+00:00,6,73.23100000000001,1,1,1,0
2019-01-15 02:00:00+00:00,1,4.079,2,1,1,0
2019-01-15 03:00:00+00:00,1,13.225,3,1,1,0
2019-01-15 04:00:00+00:00,0,0.0,4,1,1,0
2019-01-15 05:00:00+00:00,0,0.0,5,1,1,0
2019-01-15 06:00:00+00:00,0,0.0,6,1,1,0
2019-01-15 07:00:00+00:00,0,0.0,7,1,1,0
2019-01-15 08:00:00+00:00,0,0.0,8,1,1,0
2019-01-15 09:00:00+00:00,0,0.0,9,1,1,0
2019-01-15 10:00:00+00:00,0,0.0,10,1,1,0
2019-01-15 11:00:00+00:00,0,0.0,11,1,1,0
2019-01-15 12:00:00+00:00,0,0.0,12,1,1,0
2019-01-15 13:00:00+00:00,2,56.265,13,1,1,0
2019-01-15 14:00:00+00:00,0,0.0,14,1,1,0
2019-01-15 15:00:00+00:00,2,36.052,15,1,1,0
2019-01-15 16:00:00+00:00,9,121.828,16,1,1,0
2019-01-15 17:00:00+00:00,10,62.711,17,1,1,0
2019-01-15 18:00:00+00:00,8,49.675,18,1,1,0
2019-01-15 19:00:00+00:00,3,40.434,19,1,1,0
2019-01-15 20:00:00+00:00,4,40.203,20,1,1,0
2019-01-15 21:00:00+00:00,3,20.131,21,1,1,0
2019-01-15 22:00:00+00:00,1,0.89,22,1,1,0
2019-01-15 23:00:00+00:00,0,0.0,23,1,1,0
2019-01-16 00:00:00+00:00,1,11.581,0,2,1,0
2019-01-16 01:00:00+00:00,1,16.52,1,2,1,0
2019-01-16 02:00:00+00:00,5,44.935,2,2,1,0
2019-01-16 03:00:00+00:00,1,15.861,3,2,1,0
2019-01-16 04:00:00+00:00,1,9.59,4,2,1,0
2019-01-16 05:00:00+00:00,0,0.0,5,2,1,0
2019-01-16 06:00:00+00:00,0,0.0,6,2,1,0
2019-01-16 07:00:00+00:00,0,0.0,7,2,1,0
2019-01-16 08:00:00+00:00,0,0.0,8,2,1,0
2019-01-16 09:00:00+00:00,0,0.0,9,2,1,0
2019-01-16 10:00:00+00:00,0,0.0,10,2,1,0
2019-01-16 11:00:00+00:00,0,0.0,11,2,1,0
2019-01-16 12:00:00+00:00,0,0.0,12,2,1,0
2019-01-16 13:00:00+00:00,1,27.246,13,2,1,0
2019-01-16 14:00:00+00:00,1,2.757,14,2,1,0
2019-01-16 15:00:00+00:00,1,38.766,15,2,1,0
2019-01-16 16:00:00+00:00,11,84.168,16,2,1,0
2019-01-16 17:00:00+00:00,13,123.51,17,2,1,0
2019-01-16 18:00:00+00:00,5,49.49,18,2,1,0
2019-01-16 19:00:00+00:00,1,10.62,19,2,1,0
2019-01-16 20:00:00+00:00,3,9.078,20,2,1,0
2019-01-16 21:00:00+00:00,1,4.015,21,2,1,0
2019-01-16 22:00:00+00:00,0,0.0,22,2,1,0
2019-01-16 23:00:00+00:00,0,0.0,23,2,1,0
2019-01-17 00:00:00+00:00,1,1.435,0,3,1,0
2019-01-17 01:00:00+00:00,2,26.857,1,3,1,0
2019-01-17 02:00:00+00:00,1,15.745,2,3,1,0
2019-01-17 03:00:00+00:00,1,0.828,3,3,1,0
2019-01-17 04:00:00+00:00,1,5.221,4,3,1,0
2019-01-17 05:00:00+00:00,0,0.0,5,3,1,0
2019-01-17 06:00:00+00:00,0,0.0,6,3,1,0
2019-01-17 07:00:00+00:00,0,0.0,7,3,1,0
2019-01-17 08:00:00+00:00,0,0.0,8,3,1,0
2019-01-17 09:00:00+00:00,0,0.0,9,3,1,0
2019-01-17 10:00:00+00:00,0,0.0,10,3,1,0
2019-01-17 11:00:00+00:00,0,0.0,11,3,1,0
2019-01-17 12:00:00+00:00,0,0.0,12,3,1,0
2019-01-17 13:00:00+00:00,0,0.0,13,3,1,0
2019-01-17 14:00:00+00:00,1,4.026,14,3,1,0
2019-01-17 15:00:00+00:00,2,18.57,15,3,1,0
2019-01-17 16:00:00+00:00,10,91.255,16,3,1,0
2019-01-17 17:00:00+00:00,9,109.047,17,3,1,0
2019-01-17 18:00:00+00:00,6,53.782,18,3,1,0
2019-01-17 19:00:00+00:00,0,0.0,19,3,1,0
2019-01-17 20:00:00+00:00,2,15.253,20,3,1,0
2019-01-17 21:00:00+00:00,3,37.719,21,3,1,0
2019-01-17 22:00:00+00:00,2,18.671,22,3,1,0
2019-01-17 23:00:00+00:00,3,9.129,23,3,1,0
2019-01-18 00:00:00+00:00,0,0.0,0,4,1,0
2019-01-18 01:00:00+00:00,0,0.0,1,4,1,0
2019-01-18 02:00:00+00:00,2,5.715,2,4,1,0
2019-01-18 03:00:00+00:00,2,21.282,3,4,1,0
2019-01-18 04:00:00+00:00,3,36.928,4,4,1,0
2019-01-18 05:00:00+00:00,1,0.823,5,4,1,0
2019-01-18 06:00:00+00:00,0,0.0,6,4,1,0
2019-01-18 07:00:00+00:00,0,0.0,7,4,1,0
2019-01-18 08:00:00+00:00,0,0.0,8,4,1,0
2019-01-18 09:00:00+00:00,0,0.0,9,4,1,0
2019-01-18 10:00:00+00:00,0,0.0,10,4,1,0
2019-01-18 11:00:00+00:00,0,0.0,11,4,1,0
2019-01-18 12:00:00+00:00,0,0.0,12,4,1,0
2019-01-18 13:00:00+00:00,2,53.484,13,4,1,0
2019-01-18 14:00:00+00:00,0,0.0,14,4,1,0
2019-01-18 15:00:00+00:00,2,13.451,15,4,1,0
2019-01-18 16:00:00+00:00,7,122.267,16,4,1,0
2019-01-18 17:00:00+00:00,6,43.546,17,4,1,0
2019-01-18 18:00:00+00:00,6,44.96,18,4,1,0
2019-01-18 19:00:00+00:00,3,33.556,19,4,1,0
2019-01-18 20:00:00+00:00,7,70.893,20,4,1,0
2019-01-18 21:00:00+00:00,3,38.805,21,4,1,0
2019-01-18 22:00:00+00:00,1,0.7,22,4,1,0
2019-01-18 23:00:00+00:00,0,0.0,23,4,1,0
2019-01-19 00:00:00+00:00,2,19.568,0,5,1,1
2019-01-19 01:00:00+00:00,2,11.447,1,5,1,1
2019-01-19 02:00:00+00:00,1,0.919,2,5,1,1
2019-01-19 03:00:00+00:00,0,0.0,3,5,1,1
2019-01-19 04:00:00+00:00,4,126.601,4,5,1,1
2019-01-19 05:00:00+00:00,0,0.0,5,5,1,1
2019-01-19 06:00:00+00:00,0,0.0,6,5,1,1
2019-01-19 07:00:00+00:00,0,0.0,7,5,1,1
2019-01-19 08:00:00+00:00,0,0.0,8,5,1,1
2019-01-19 09:00:00+00:00,0,0.0,9,5,1,1
2019-01-19 10:00:00+00:00,0,0.0,10,5,1,1
2019-01-19 11:00:00+00:00,0,0.0,11,5,1,1
2019-01-19 12:00:00+00:00,0,0.0,12,5,1,1
2019-01-19 13:00:00+00:00,0,0.0,13,5,1,1
2019-01-19 14:00:00+00:00,0,0.0,14,5,1,1
2019-01-19 15:00:00+00:00,1,5.205,15,5,1,1
2019-01-19 16:00:00+00:00,0,0.0,16,5,1,1
2019-01-19 17:00:00+00:00,2,21.038,17,5,1,1
2019-01-19 18:00:00+00:00,2,31.619,18,5,1,1
2019-01-19 19:00:00+00:00,2,15.928,19,5,1,1
2019-01-19 20:00:00+00:00,4,25.790999999999997,20,5,1,1
2019-01-19 21:00:00+00:00,4,16.711000000000002,21,5,1,1
2019-01-19 22:00:00+00:00,1,4.398,22,5,1,1
2019-01-19 23:00:00+00:00,1,18.097,23,5,1,1
2019-01-20 00:00:00+00:00,1,3.515,0,6,1,1
2019-01-20 01:00:00+00:00,1,2.134,1,6,1,1
2019-01-20 02:00:00+00:00,1,41.383,2,6,1,1
2019-01-20 03:00:00+00:00,0,0.0,3,6,1,1
2019-01-20 04:00:00+00:00,1,38.296,4,6,1,1
2019-01-20 05:00:00+00:00,0,0.0,5,6,1,1
2019-01-20 06:00:00+00:00,0,0.0,6,6,1,1
2019-01-20 07:00:00+00:00,0,0.0,7,6,1,1
2019-01-20 08:00:00+00:00,0,0.0,8,6,1,1
2019-01-20 09:00:00+00:00,0,0.0,9,6,1,1
2019-01-20 10:00:00+00:00,0,0.0,10,6,1,1
2019-01-20 11:00:00+00:00,0,0.0,11,6,1,1
2019-01-20 12:00:00+00:00,0,0.0,12,6,1,1
2019-01-20 13:00:00+00:00,0,0.0,13,6,1,1
2019-01-20 14:00:00+00:00,0,0.0,14,6,1,1
2019-01-20 15:00:00+00:00,1,7.385,15,6,1,1
2019-01-20 16:00:00+00:00,0,0.0,16,6,1,1
2019-01-20 17:00:00+00:00,3,19.758,17,6,1,1
2019-01-20 18:00:00+00:00,1,33.852,18,6,1,1
2019-01-20 19:00:00+00:00,1,1.621,19,6,1,1
2019-01-20 20:00:00+00:00,1,15.497,20,6,1,1
2019-01-20 21:00:00+00:00,2,14.101,21,6,1,1
2019-01-20 22:00:00+00:00,0,0.0,22,6,1,1
2019-01-20 23:00:00+00:00,1,6.246,23,6,1,1
2019-01-21 00:00:00+00:00,1,15.507,0,0,1,0
2019-01-21 01:00:00+00:00,1,4.006,1,0,1,0
2019-01-21 02:00:00+00:00,2,13.75,2,0,1,0
2019-01-21 03:00:00+00:00,0,0.0,3,0,1,0
2019-01-21 04:00:00+00:00,0,0.0,4,0,1,0
2019-01-21 05:00:00+00:00,0,0.0,5,0,1,0
2019-01-21 06:00:00+00:00,0,0.0,6,0,1,0
2019-01-21 07:00:00+00:00,0,0.0,7,0,1,0
2019-01-21 08:00:00+00:00,0,0.0,8,0,1,0
2019-01-21 09:00:00+00:00,0,0.0,9,0,1,0
2019-01-21 10:00:00+00:00,0,0.0,10,0,1,0
2019-01-21 11:00:00+00:00,0,0.0,11,0,1,0
2019-01-21 12:00:00+00:00,0,0.0,12,0,1,0
2019-01-21 13:00:00+00:00,0,0.0,13,0,1,0
2019-01-21 14:00:00+00:00,0,0.0,14,0,1,0
2019-01-21 15:00:00+00:00,4,46.482,15,0,1,0
2019-01-21 16:00:00+00:00,0,0.0,16,0,1,0
2019-01-21 17:00:00+00:00,4,28.4,17,0,1,0
2019-01-21 18:00:00+00:00,2,17.201,18,0,1,0
2019-01-21 19:00:00+00:00,0,0.0,19,0,1,0
2019-01-21 20:00:00+00:00,1,3.198,20,0,1,0
2019-01-21 21:00:00+00:00,1,0.849,21,0,1,0
2019-01-21 22:00:00+00:00,1,11.237,22,0,1,0
2019-01-21 23:00:00+00:00,1,4.07,23,0,1,0
2019-01-22 00:00:00+00:00,1,15.509,0,1,1,0
2019-01-22 01:00:00+00:00,2,18.349,1,1,1,0
2019-01-22 02:00:00+00:00,1,9.862,2,1,1,0
2019-01-22 03:00:00+00:00,0,0.0,3,1,1,0
2019-01-22 04:00:00+00:00,1,6.888,4,1,1,0
2019-01-22 05:00:00+00:00,0,0.0,5,1,1,0
2019-01-22 06:00:00+00:00,0,0.0,6,1,1,0
2019-01-22 07:00:00+00:00,0,0.0,7,1,1,0
2019-01-22 08:00:00+00:00,0,0.0,8,1,1,0
2019-01-22 09:00:00+00:00,0,0.0,9,1,1,0
2019-01-22 10:00:00+00:00,0,0.0,10,1,1,0
2019-01-22 11:00:00+00:00,0,0.0,11,1,1,0
2019-01-22 12:00:00+00:00,0,0.0,12,1,1,0
2019-01-22 13:00:00+00:00,0,0.0,13,1,1,0
2019-01-22 14:00:00+00:00,0,0.0,14,1,1,0
2019-01-22 15:00:00+00:00,7,121.119,15,1,1,0
2019-01-22 16:00:00+00:00,7,113.234,16,1,1,0
2019-01-22 17:00:00+00:00,9,79.196,17,1,1,0
2019-01-22 18:00:00+00:00,7,70.219,18,1,1,0
2019-01-22 19:00:00+00:00,2,14.653,19,1,1,0
2019-01-22 20:00:00+00:00,1,8.004,20,1,1,0
2019-01-22 21:00:00+00:00,1,9.453,21,1,1,0
2019-01-22 22:00:00+00:00,1,13.834,22,1,1,0
2019-01-22 23:00:00+00:00,1,8.255,23,1,1,0
2019-01-23 00:00:00+00:00,1,15.7,0,2,1,0
2019-01-23 01:00:00+00:00,1,26.37,1,2,1,0
2019-01-23 02:00:00+00:00,0,0.0,2,2,1,0
2019-01-23 03:00:00+00:00,3,10.286,3,2,1,0
2019-01-23 04:00:00+00:00,3,28.748,4,2,1,0
2019-01-23 05:00:00+00:00,1,3.498,5,2,1,0
2019-01-23 06:00:00+00:00,0,0.0,6,2,1,0
2019-01-23 07:00:00+00:00,0,0.0,7,2,1,0
2019-01-23 08:00:00+00:00,0,0.0,8,2,1,0
2019-01-23 09:00:00+00:00,0,0.0,9,2,1,0
2019-01-23 10:00:00+00:00,0,0.0,10,2,1,0
2019-01-23 11:00:00+00:00,0,0.0,11,2,1,0
2019-01-23 12:00:00+00:00,0,0.0,12,2,1,0
2019-01-23 13:00:00+00:00,0,0.0,13,2,1,0
2019-01-23 14:00:00+00:00,1,4.173,14,2,1,0
2019-01-23 15:00:00+00:00,2,12.931,15,2,1,0
2019-01-23 16:00:00+00:00,7,55.23,16,2,1,0
2019-01-23 17:00:00+00:00,12,104.934,17,2,1,0
2019-01-23 18:00:00+00:00,4,59.536,18,2,1,0
2019-01-23 19:00:00+00:00,2,3.4638509557939097,19,2,1,0
2019-01-23 20:00:00+00:00,4,32.397,20,2,1,0
2019-01-23 21:00:00+00:00,1,4.604,21,2,1,0
2019-01-23 22:00:00+00:00,1,39.674,22,2,1,0
2019-01-23 23:00:00+00:00,2,1.959,23,2,1,0
2019-01-24 00:00:00+00:00,2,13.439,0,3,1,0
2019-01-24 01:00:00+00:00,1,0.951,1,3,1,0
2019-01-24 02:00:00+00:00,3,24.124,2,3,1,0
2019-01-24 03:00:00+00:00,1,14.019,3,3,1,0
2019-01-24 04:00:00+00:00,0,0.0,4,3,1,0
2019-01-24 05:00:00+00:00,2,62.755,5,3,1,0
2019-01-24 06:00:00+00:00,0,0.0,6,3,1,0
2019-01-24 07:00:00+00:00,0,0.0,7,3,1,0
2019-01-24 08:00:00+00:00,0,0.0,8,3,1,0
2019-01-24 09:00:00+00:00,0,0.0,9,3,1,0
2019-01-24 10:00:00+00:00,0,0.0,10,3,1,0
2019-01-24 11:00:00+00:00,0,0.0,11,3,1,0
2019-01-24 12:00:00+00:00,0,0.0,12,3,1,0
2019-01-24 13:00:00+00:00,0,0.0,13,3,1,0
2019-01-24 14:00:00+00:00,0,0.0,14,3,1,0
2019-01-24 15:00:00+00:00,4,35.266,15,3,1,0
2019-01-24 16:00:00+00:00,7,55.138000000000005,16,3,1,0
2019-01-24 17:00:00+00:00,7,76.86500000000001,17,3,1,0
2019-01-24 18:00:00+00:00,7,39.073,18,3,1,0
2019-01-24 19:00:00+00:00,2,8.572,19,3,1,0
2019-01-24 20:00:00+00:00,7,17.485841995220976,20,3,1,0
2019-01-24 21:00:00+00:00,3,21.484,21,3,1,0
2019-01-24 22:00:00+00:00,1,14.45,22,3,1,0
2019-01-24 23:00:00+00:00,1,0.87,23,3,1,0
2019-01-25 00:00:00+00:00,0,0.0,0,4,1,0
2019-01-25 01:00:00+00:00,1,5.342,1,4,1,0
2019-01-25 02:00:00+00:00,1,15.116,2,4,1,0
2019-01-25 03:00:00+00:00,1,0.877,3,4,1,0
2019-01-25 04:00:00+00:00,2,18.981,4,4,1,0
2019-01-25 05:00:00+00:00,0,0.0,5,4,1,0
2019-01-25 06:00:00+00:00,1,35.706,6,4,1,0
2019-01-25 07:00:00+00:00,0,0.0,7,4,1,0
2019-01-25 08:00:00+00:00,0,0.0,8,4,1,0
2019-01-25 09:00:00+00:00,0,0.0,9,4,1,0
2019-01-25 10:00:00+00:00,0,0.0,10,4,1,0
2019-01-25 11:00:00+00:00,0,0.0,11,4,1,0
2019-01-25 12:00:00+00:00,0,0.0,12,4,1,0
2019-01-25 13:00:00+00:00,0,0.0,13,4,1,0
2019-01-25 14:00:00+00:00,0,0.0,14,4,1,0
2019-01-25 15:00:00+00:00,2,12.427,15,4,1,0
2019-01-25 16:00:00+00:00,5,54.754999999999995,16,4,1,0
2019-01-25 17:00:00+00:00,6,67.7,17,4,1,0
2019-01-25 18:00:00+00:00,7,67.998,18,4,1,0
2019-01-25 19:00:00+00:00,2,3.231,19,4,1,0
2019-01-25 20:00:00+00:00,2,12.249,20,4,1,0
2019-01-25 21:00:00+00:00,5,32.601,21,4,1,0
2019-01-25 22:00:00+00:00,1,15.674,22,4,1,0
2019-01-25 23:00:00+00:00,1,3.52,23,4,1,0
2019-01-26 00:00:00+00:00,0,0.0,0,5,1,1
2019-01-26 01:00:00+00:00,1,13.329,1,5,1,1
2019-01-26 02:00:00+00:00,0,0.0,2,5,1,1
2019-01-26 03:00:00+00:00,1,75.528,3,5,1,1
2019-01-26 04:00:00+00:00,0,0.0,4,5,1,1
2019-01-26 05:00:00+00:00,0,0.0,5,5,1,1
2019-01-26 06:00:00+00:00,0,0.0,6,5,1,1
2019-01-26 07:00:00+00:00,0,0.0,7,5,1,1
2019-01-26 08:00:00+00:00,0,0.0,8,5,1,1
2019-01-26 09:00:00+00:00,0,0.0,9,5,1,1
2019-01-26 10:00:00+00:00,0,0.0,10,5,1,1
2019-01-26 11:00:00+00:00,0,0.0,11,5,1,1
2019-01-26 12:00:00+00:00,0,0.0,12,5,1,1
2019-01-26 13:00:00+00:00,0,0.0,13,5,1,1
2019-01-26 14:00:00+00:00,0,0.0,14,5,1,1
2019-01-26 15:00:00+00:00,2,10.413,15,5,1,1
2019-01-26 16:00:00+00:00,1,0.875,16,5,1,1
2019-01-26 17:00:00+00:00,1,1.008,17,5,1,1
2019-01-26 18:00:00+00:00,4,51.491,18,5,1,1
2019-01-26 19:00:00+00:00,1,12.925,19,5,1,1
2019-01-26 20:00:00+00:00,2,89.299,20,5,1,1
2019-01-26 21:00:00+00:00,2,11.136,21,5,1,1
2019-01-26 22:00:00+00:00,2,23.974,22,5,1,1
2019-01-26 23:00:00+00:00,1,7.238,23,5,1,1
2019-01-27 00:00:00+00:00,1,9.372,0,6,1,1
2019-01-27 01:00:00+00:00,0,0.0,1,6,1,1
2019-01-27 02:00:00+00:00,0,0.0,2,6,1,1
2019-01-27 03:00:00+00:00,2,24.278,3,6,1,1
2019-01-27 04:00:00+00:00,0,0.0,4,6,1,1
2019-01-27 05:00:00+00:00,0,0.0,5,6,1,1
2019-01-27 06:00:00+00:00,1,53.593,6,6,1,1
2019-01-27 07:00:00+00:00,0,0.0,7,6,1,1
2019-01-27 08:00:00+00:00,0,0.0,8,6,1,1
2019-01-27 09:00:00+00:00,1,3.263,9,6,1,1
2019-01-27 10:00:00+00:00,0,0.0,10,6,1,1
2019-01-27 11:00:00+00:00,0,0.0,11,6,1,1
2019-01-27 12:00:00+00:00,0,0.0,12,6,1,1
2019-01-27 13:00:00+00:00,0,0.0,13,6,1,1
2019-01-27 14:00:00+00:00,0,0.0,14,6,1,1
2019-01-27 15:00:00+00:00,0,0.0,15,6,1,1
2019-01-27 16:00:00+00:00,0,0.0,16,6,1,1
2019-01-27 17:00:00+00:00,0,0.0,17,6,1,1
2019-01-27 18:00:00+00:00,1,13.102,18,6,1,1
2019-01-27 19:00:00+00:00,1,15.793,19,6,1,1
2019-01-27 20:00:00+00:00,0,0.0,20,6,1,1
2019-01-27 21:00:00+00:00,0,0.0,21,6,1,1
2019-01-27 22:00:00+00:00,1,0.938,22,6,1,1
2019-01-27 23:00:00+00:00,0,0.0,23,6,1,1
2019-01-28 00:00:00+00:00,1,12.913,0,0,1,0
2019-01-28 01:00:00+00:00,0,0.0,1,0,1,0
2019-01-28 02:00:00+00:00,1,12.662,2,0,1,0
2019-01-28 03:00:00+00:00,1,10.869,3,0,1,0
2019-01-28 04:00:00+00:00,2,44.912,4,0,1,0
2019-01-28 05:00:00+00:00,0,0.0,5,0,1,0
2019-01-28 06:00:00+00:00,0,0.0,6,0,1,0
2019-01-28 07:00:00+00:00,0,0.0,7,0,1,0
2019-01-28 08:00:00+00:00,0,0.0,8,0,1,0
2019-01-28 09:00:00+00:00,0,0.0,9,0,1,0
2019-01-28 10:00:00+00:00,0,0.0,10,0,1,0
2019-01-28 11:00:00+00:00,0,0.0,11,0,1,0
2019-01-28 12:00:00+00:00,0,0.0,12,0,1,0
2019-01-28 13:00:00+00:00,1,53.724,13,0,1,0
2019-01-28 14:00:00+00:00,0,0.0,14,0,1,0
2019-01-28 15:00:00+00:00,3,52.422999999999995,15,0,1,0
2019-01-28 16:00:00+00:00,8,91.843,16,0,1,0
2019-01-28 17:00:00+00:00,6,82.34700000000001,17,0,1,0
2019-01-28 18:00:00+00:00,7,49.548,18,0,1,0
2019-01-28 19:00:00+00:00,1,5.39,19,0,1,0
2019-01-28 20:00:00+00:00,0,0.0,20,0,1,0
2019-01-28 21:00:00+00:00,2,8.006,21,0,1,0
2019-01-28 22:00:00+00:00,0,0.0,22,0,1,0
2019-01-28 23:00:00+00:00,0,0.0,23,0,1,0
2019-01-29 00:00:00+00:00,3,19.093,0,1,1,0
2019-01-29 01:00:00+00:00,1,10.368,1,1,1,0
2019-01-29 02:00:00+00:00,2,16.487000000000002,2,1,1,0
2019-01-29 03:00:00+00:00,0,0.0,3,1,1,0
2019-01-29 04:00:00+00:00,0,0.0,4,1,1,0
2019-01-29 05:00:00+00:00,0,0.0,5,1,1,0
2019-01-29 06:00:00+00:00,0,0.0,6,1,1,0
2019-01-29 07:00:00+00:00,0,0.0,7,1,1,0
2019-01-29 08:00:00+00:00,0,0.0,8,1,1,0
2019-01-29 09:00:00+00:00,0,0.0,9,1,1,0
2019-01-29 10:00:00+00:00,0,0.0,10,1,1,0
2019-01-29 11:00:00+00:00,0,0.0,11,1,1,0
2019-01-29 12:00:00+00:00,0,0.0,12,1,1,0
2019-01-29 13:00:00+00:00,0,0.0,13,1,1,0
2019-01-29 14:00:00+00:00,0,0.0,14,1,1,0
2019-01-29 15:00:00+00:00,3,17.939,15,1,1,0
2019-01-29 16:00:00+00:00,13,99.292,16,1,1,0
2019-01-29 17:00:00+00:00,10,123.136,17,1,1,0
2019-01-29 18:00:00+00:00,4,25.458,18,1,1,0
2019-01-29 19:00:00+00:00,2,3.115,19,1,1,0
2019-01-29 20:00:00+00:00,3,23.378,20,1,1,0
2019-01-29 21:00:00+00:00,2,16.336,21,1,1,0
2019-01-29 22:00:00+00:00,1,57.473,22,1,1,0
2019-01-29 23:00:00+00:00,1,0.895,23,1,1,0
2019-01-30 00:00:00+00:00,1,1.203,0,2,1,0
2019-01-30 01:00:00+00:00,2,34.751000000000005,1,2,1,0
2019-01-30 02:00:00+00:00,0,0.0,2,2,1,0
2019-01-30 03:00:00+00:00,1,11.675,3,2,1,0
2019-01-30 04:00:00+00:00,1,9.878,4,2,1,0
2019-01-30 05:00:00+00:00,1,0.964,5,2,1,0
2019-01-30 06:00:00+00:00,1,5.109,6,2,1,0
2019-01-30 07:00:00+00:00,0,0.0,7,2,1,0
2019-01-30 08:00:00+00:00,0,0.0,8,2,1,0
2019-01-30 09:00:00+00:00,0,0.0,9,2,1,0
2019-01-30 10:00:00+00:00,0,0.0,10,2,1,0
2019-01-30 11:00:00+00:00,0,0.0,11,2,1,0
2019-01-30 12:00:00+00:00,0,0.0,12,2,1,0
2019-01-30 13:00:00+00:00,0,0.0,13,2,1,0
2019-01-30 14:00:00+00:00,0,0.0,14,2,1,0
2019-01-30 15:00:00+00:00,2,20.567,15,2,1,0
2019-01-30 16:00:00+00:00,8,106.981,16,2,1,0
2019-01-30 17:00:00+00:00,9,43.017,17,2,1,0
2019-01-30 18:00:00+00:00,8,58.68,18,2,1,0
2019-01-30 19:00:00+00:00,4,48.489,19,2,1,0
2019-01-30 20:00:00+00:00,2,5.656000000000001,20,2,1,0
2019-01-30 21:00:00+00:00,2,11.343,21,2,1,0
2019-01-30 22:00:00+00:00,1,0.857,22,2,1,0
2019-01-30 23:00:00+00:00,0,0.0,23,2,1,0
2019-01-31 00:00:00+00:00,1,4.466,0,3,1,0
2019-01-31 01:00:00+00:00,1,15.338,1,3,1,0
2019-01-31 02:00:00+00:00,3,26.319,2,3,1,0
2019-01-31 03:00:00+00:00,1,11.824,3,3,1,0
2019-01-31 04:00:00+00:00,0,0.0,4,3,1,0
2019-01-31 05:00:00+00:00,0,0.0,5,3,1,0
2019-01-31 06:00:00+00:00,0,0.0,6,3,1,0
2019-01-31 07:00:00+00:00,0,0.0,7,3,1,0
2019-01-31 08:00:00+00:00,0,0.0,8,3,1,0
2019-01-31 09:00:00+00:00,0,0.0,9,3,1,0
2019-01-31 10:00:00+00:00,0,0.0,10,3,1,0
2019-01-31 11:00:00+00:00,0,0.0,11,3,1,0
2019-01-31 12:00:00+00:00,0,0.0,12,3,1,0
2019-01-31 13:00:00+00:00,0,0.0,13,3,1,0
2019-01-31 14:00:00+00:00,1,21.867,14,3,1,0
2019-01-31 15:00:00+00:00,3,16.308,15,3,1,0
2019-01-31 16:00:00+00:00,7,46.699,16,3,1,0
2019-01-31 17:00:00+00:00,7,57.225,17,3,1,0
2019-01-31 18:00:00+00:00,2,13.038,18,3,1,0
2019-01-31 19:00:00+00:00,1,10.966,19,3,1,0
2019-01-31 20:00:00+00:00,2,15.251,20,3,1,0
2019-01-31 21:00:00+00:00,0,0.0,21,3,1,0
2019-01-31 22:00:00+00:00,1,8.637,22,3,1,0
2019-01-31 23:00:00+00:00,0,0.0,23,3,1,0
2019-02-01 00:00:00+00:00,0,0.0,0,4,2,0
2019-02-01 01:00:00+00:00,1,1.055,1,4,2,0
2019-02-01 02:00:00+00:00,3,30.215000000000003,2,4,2,0
2019-02-01 03:00:00+00:00,2,13.439,3,4,2,0
2019-02-01 04:00:00+00:00,0,0.0,4,4,2,0
2019-02-01 05:00:00+00:00,0,0.0,5,4,2,0
2019-02-01 06:00:00+00:00,0,0.0,6,4,2,0
2019-02-01 07:00:00+00:00,0,0.0,7,4,2,0
2019-02-01 08:00:00+00:00,0,0.0,8,4,2,0
2019-02-01 09:00:00+00:00,0,0.0,9,4,2,0
2019-02-01 10:00:00+00:00,0,0.0,10,4,2,0
2019-02-01 11:00:00+00:00,0,0.0,11,4,2,0
2019-02-01 12:00:00+00:00,0,0.0,12,4,2,0
2019-02-01 13:00:00+00:00,0,0.0,13,4,2,0
2019-02-01 14:00:00+00:00,1,51.941,14,4,2,0
2019-02-01 15:00:00+00:00,2,26.18,15,4,2,0
2019-02-01 16:00:00+00:00,13,99.335,16,4,2,0
2019-02-01 17:00:00+00:00,10,140.15800000000002,17,4,2,0
2019-02-01 18:00:00+00:00,7,45.022,18,4,2,0
2019-02-01 19:00:00+00:00,3,26.531,19,4,2,0
2019-02-01 20:00:00+00:00,3,26.924,20,4,2,0
2019-02-01 21:00:00+00:00,5,28.93,21,4,2,0
2019-02-01 22:00:00+00:00,2,10.321,22,4,2,0
2019-02-01 23:00:00+00:00,0,0.0,23,4,2,0
2019-02-02 00:00:00+00:00,0,0.0,0,5,2,1
2019-02-02 01:00:00+00:00,0,0.0,1,5,2,1
2019-02-02 02:00:00+00:00,1,7.525,2,5,2,1
2019-02-02 03:00:00+00:00,0,0.0,3,5,2,1
2019-02-02 04:00:00+00:00,1,39.869,4,5,2,1
2019-02-02 05:00:00+00:00,1,3.755,5,5,2,1
2019-02-02 06:00:00+00:00,0,0.0,6,5,2,1
2019-02-02 07:00:00+00:00,0,0.0,7,5,2,1
2019-02-02 08:00:00+00:00,0,0.0,8,5,2,1
2019-02-02 09:00:00+00:00,0,0.0,9,5,2,1
2019-02-02 10:00:00+00:00,0,0.0,10,5,2,1
2019-02-02 11:00:00+00:00,0,0.0,11,5,2,1
2019-02-02 12:00:00+00:00,0,0.0,12,5,2,1
2019-02-02 13:00:00+00:00,0,0.0,13,5,2,1
2019-02-02 14:00:00+00:00,0,0.0,14,5,2,1
2019-02-02 15:00:00+00:00,0,0.0,15,5,2,1
2019-02-02 16:00:00+00:00,2,16.887,16,5,2,1
2019-02-02 17:00:00+00:00,5,65.254,17,5,2,1
2019-02-02 18:00:00+00:00,1,2.086,18,5,2,1
2019-02-02 19:00:00+00:00,0,0.0,19,5,2,1
2019-02-02 20:00:00+00:00,2,1.569,20,5,2,1
2019-02-02 21:00:00+00:00,2,54.842,21,5,2,1
2019-02-02 22:00:00+00:00,1,0.833,22,5,2,1
2019-02-02 23:00:00+00:00,2,25.418,23,5,2,1
2019-02-03 00:00:00+00:00,0,0.0,0,6,2,1
2019-02-03 01:00:00+00:00,1,2.249,1,6,2,1
2019-02-03 02:00:00+00:00,0,0.0,2,6,2,1
2019-02-03 03:00:00+00:00,1,48.993,3,6,2,1
2019-02-03 04:00:00+00:00,0,0.0,4,6,2,1
2019-02-03 05:00:00+00:00,0,0.0,5,6,2,1
2019-02-03 06:00:00+00:00,0,0.0,6,6,2,1
2019-02-03 07:00:00+00:00,0,0.0,7,6,2,1
2019-02-03 08:00:00+00:00,0,0.0,8,6,2,1
2019-02-03 09:00:00+00:00,0,0.0,9,6,2,1
2019-02-03 10:00:00+00:00,0,0.0,10,6,2,1
2019-02-03 11:00:00+00:00,0,0.0,11,6,2,1
2019-02-03 12:00:00+00:00,0,0.0,12,6,2,1
2019-02-03 13:00:00+00:00,0,0.0,13,6,2,1
2019-02-03 14:00:00+00:00,0,0.0,14,6,2,1
2019-02-03 15:00:00+00:00,0,0.0,15,6,2,1
2019-02-03 16:00:00+00:00,1,3.978,16,6,2,1
2019-02-03 17:00:00+00:00,1,13.378,17,6,2,1
2019-02-03 18:00:00+00:00,2,35.403,18,6,2,1
2019-02-03 19:00:00+00:00,1,5.284,19,6,2,1
2019-02-03 20:00:00+00:00,3,23.612,20,6,2,1
2019-02-03 21:00:00+00:00,1,16.209,21,6,2,1
2019-02-03 22:00:00+00:00,1,4.205,22,6,2,1
2019-02-03 23:00:00+00:00,0,0.0,23,6,2,1
2019-02-04 00:00:00+00:00,1,0.873,0,0,2,0
2019-02-04 01:00:00+00:00,1,19.882,1,0,2,0
2019-02-04 02:00:00+00:00,0,0.0,2,0,2,0
2019-02-04 03:00:00+00:00,0,0.0,3,0,2,0
2019-02-04 04:00:00+00:00,0,0.0,4,0,2,0
2019-02-04 05:00:00+00:00,0,0.0,5,0,2,0
2019-02-04 06:00:00+00:00,0,0.0,6,0,2,0
2019-02-04 07:00:00+00:00,0,0.0,7,0,2,0
2019-02-04 08:00:00+00:00,0,0.0,8,0,2,0
2019-02-04 09:00:00+00:00,0,0.0,9,0,2,0
2019-02-04 10:00:00+00:00,0,0.0,10,0,2,0
2019-02-04 11:00:00+00:00,0,0.0,11,0,2,0
2019-02-04 12:00:00+00:00,0,0.0,12,0,2,0
2019-02-04 13:00:00+00:00,0,0.0,13,0,2,0
2019-02-04 14:00:00+00:00,0,0.0,14,0,2,0
2019-02-04 15:00:00+00:00,1,29.831,15,0,2,0
2019-02-04 16:00:00+00:00,9,116.664,16,0,2,0
2019-02-04 17:00:00+00:00,3,51.773,17,0,2,0
2019-02-04 18:00:00+00:00,3,44.057,18,0,2,0
2019-02-04 19:00:00+00:00,0,0.0,19,0,2,0
2019-02-04 20:00:00+00:00,2,7.724,20,0,2,0
2019-02-04 21:00:00+00:00,2,12.386,21,0,2,0
2019-02-04 22:00:00+00:00,0,0.0,22,0,2,0
2019-02-04 23:00:00+00:00,2,14.510000000000002,23,0,2,0
2019-02-05 00:00:00+00:00,2,34.065,0,1,2,0
2019-02-05 01:00:00+00:00,1,1.038,1,1,2,0
2019-02-05 02:00:00+00:00,2,15.501,2,1,2,0
2019-02-05 03:00:00+00:00,3,13.808,3,1,2,0
2019-02-05 04:00:00+00:00,1,15.433,4,1,2,0
2019-02-05 05:00:00+00:00,1,12.325,5,1,2,0
2019-02-05 06:00:00+00:00,0,0.0,6,1,2,0
2019-02-05 07:00:00+00:00,0,0.0,7,1,2,0
2019-02-05 08:00:00+00:00,0,0.0,8,1,2,0
2019-02-05 09:00:00+00:00,0,0.0,9,1,2,0
2019-02-05 10:00:00+00:00,0,0.0,10,1,2,0
2019-02-05 11:00:00+00:00,0,0.0,11,1,2,0
2019-02-05 12:00:00+00:00,0,0.0,12,1,2,0
2019-02-05 13:00:00+00:00,1,50.062,13,1,2,0
2019-02-05 14:00:00+00:00,0,0.0,14,1,2,0
2019-02-05 15:00:00+00:00,4,51.502,15,1,2,0
2019-02-05 16:00:00+00:00,15,166.115,16,1,2,0
2019-02-05 17:00:00+00:00,5,59.711000000000006,17,1,2,0
2019-02-05 18:00:00+00:00,5,47.841,18,1,2,0
2019-02-05 19:00:00+00:00,3,11.672,19,1,2,0
2019-02-05 20:00:00+00:00,2,8.809999999999999,20,1,2,0
2019-02-05 21:00:00+00:00,2,17.138,21,1,2,0
2019-02-05 22:00:00+00:00,0,0.0,22,1,2,0
2019-02-05 23:00:00+00:00,3,16.255000000000003,23,1,2,0
2019-02-06 00:00:00+00:00,1,1.586,0,2,2,0
2019-02-06 01:00:00+00:00,1,12.175,1,2,2,0
2019-02-06 02:00:00+00:00,3,17.343,2,2,2,0
2019-02-06 03:00:00+00:00,2,29.795,3,2,2,0
2019-02-06 04:00:00+00:00,1,3.913,4,2,2,0
2019-02-06 05:00:00+00:00,1,10.721,5,2,2,0
2019-02-06 06:00:00+00:00,0,0.0,6,2,2,0
2019-02-06 07:00:00+00:00,0,0.0,7,2,2,0
2019-02-06 08:00:00+00:00,0,0.0,8,2,2,0
2019-02-06 09:00:00+00:00,0,0.0,9,2,2,0
2019-02-06 10:00:00+00:00,0,0.0,10,2,2,0
2019-02-06 11:00:00+00:00,0,0.0,11,2,2,0
2019-02-06 12:00:00+00:00,0,0.0,12,2,2,0
2019-02-06 13:00:00+00:00,1,4.098,13,2,2,0
2019-02-06 14:00:00+00:00,0,0.0,14,2,2,0
2019-02-06 15:00:00+00:00,1,11.069,15,2,2,0
2019-02-06 16:00:00+00:00,12,101.328,16,2,2,0
2019-02-06 17:00:00+00:00,8,77.272,17,2,2,0
2019-02-06 18:00:00+00:00,4,35.732,18,2,2,0
2019-02-06 19:00:00+00:00,2,9.437,19,2,2,0
2019-02-06 20:00:00+00:00,1,5.558,20,2,2,0
2019-02-06 21:00:00+00:00,4,19.661,21,2,2,0
2019-02-06 22:00:00+00:00,1,0.897,22,2,2,0
2019-02-06 23:00:00+00:00,2,10.65,23,2,2,0
2019-02-07 00:00:00+00:00,1,0.685,0,3,2,0
2019-02-07 01:00:00+00:00,2,17.316,1,3,2,0
2019-02-07 02:00:00+00:00,2,7.795999999999999,2,3,2,0
2019-02-07 03:00:00+00:00,2,13.904,3,3,2,0
2019-02-07 04:00:00+00:00,0,0.0,4,3,2,0
2019-02-07 05:00:00+00:00,0,0.0,5,3,2,0
2019-02-07 06:00:00+00:00,0,0.0,6,3,2,0
2019-02-07 07:00:00+00:00,0,0.0,7,3,2,0
2019-02-07 08:00:00+00:00,0,0.0,8,3,2,0
2019-02-07 09:00:00+00:00,0,0.0,9,3,2,0
2019-02-07 10:00:00+00:00,0,0.0,10,3,2,0
2019-02-07 11:00:00+00:00,0,0.0,11,3,2,0
2019-02-07 12:00:00+00:00,0,0.0,12,3,2,0
2019-02-07 13:00:00+00:00,0,0.0,13,3,2,0
2019-02-07 14:00:00+00:00,1,2.679,14,3,2,0
2019-02-07 15:00:00+00:00,1,0.977,15,3,2,0
2019-02-07 16:00:00+00:00,9,88.515,16,3,2,0
2019-02-07 17:00:00+00:00,12,124.562,17,3,2,0
2019-02-07 18:00:00+00:00,4,31.441000000000003,18,3,2,0
2019-02-07 19:00:00+00:00,1,2.034,19,3,2,0
2019-02-07 20:00:00+00:00,4,21.435,20,3,2,0
2019-02-07 21:00:00+00:00,6,47.615,21,3,2,0
2019-02-07 22:00:00+00:00,0,0.0,22,3,2,0
2019-02-07 23:00:00+00:00,3,16.682000000000002,23,3,2,0
2019-02-08 00:00:00+00:00,1,1.57,0,4,2,0
2019-02-08 01:00:00+00:00,1,15.488,1,4,2,0
2019-02-08 02:00:00+00:00,2,19.9,2,4,2,0
2019-02-08 03:00:00+00:00,0,0.0,3,4,2,0
2019-02-08 04:00:00+00:00,3,28.226,4,4,2,0
2019-02-08 05:00:00+00:00,0,0.0,5,4,2,0
2019-02-08 06:00:00+00:00,0,0.0,6,4,2,0
2019-02-08 07:00:00+00:00,0,0.0,7,4,2,0
2019-02-08 08:00:00+00:00,0,0.0,8,4,2,0
2019-02-08 09:00:00+00:00,0,0.0,9,4,2,0
2019-02-08 10:00:00+00:00,0,0.0,10,4,2,0
2019-02-08 11:00:00+00:00,0,0.0,11,4,2,0
2019-02-08 12:00:00+00:00,0,0.0,12,4,2,0
2019-02-08 13:00:00+00:00,0,0.0,13,4,2,0
2019-02-08 14:00:00+00:00,0,0.0,14,4,2,0
2019-02-08 15:00:00+00:00,1,14.316,15,4,2,0
2019-02-08 16:00:00+00:00,11,88.379,16,4,2,0
2019-02-08 17:00:00+00:00,6,50.58,17,4,2,0
2019-02-08 18:00:00+00:00,3,42.622,18,4,2,0
2019-02-08 19:00:00+00:00,1,12.07,19,4,2,0
2019-02-08 20:00:00+00:00,2,10.284,20,4,2,0
2019-02-08 21:00:00+00:00,4,50.093,21,4,2,0
2019-02-08 22:00:00+00:00,2,30.819000000000003,22,4,2,0
2019-02-08 23:00:00+00:00,0,0.0,23,4,2,0
2019-02-09 00:00:00+00:00,3,18.945,0,5,2,1
2019-02-09 01:00:00+00:00,2,28.909,1,5,2,1
2019-02-09 02:00:00+00:00,0,0.0,2,5,2,1
2019-02-09 03:00:00+00:00,0,0.0,3,5,2,1
2019-02-09 04:00:00+00:00,0,0.0,4,5,2,1
2019-02-09 05:00:00+00:00,0,0.0,5,5,2,1
2019-02-09 06:00:00+00:00,1,63.62,6,5,2,1
2019-02-09 07:00:00+00:00,0,0.0,7,5,2,1
2019-02-09 08:00:00+00:00,0,0.0,8,5,2,1
2019-02-09 09:00:00+00:00,0,0.0,9,5,2,1
2019-02-09 10:00:00+00:00,0,0.0,10,5,2,1
2019-02-09 11:00:00+00:00,0,0.0,11,5,2,1
2019-02-09 12:00:00+00:00,0,0.0,12,5,2,1
2019-02-09 13:00:00+00:00,0,0.0,13,5,2,1
2019-02-09 14:00:00+00:00,0,0.0,14,5,2,1
2019-02-09 15:00:00+00:00,0,0.0,15,5,2,1
2019-02-09 16:00:00+00:00,1,4.153,16,5,2,1
2019-02-09 17:00:00+00:00,1,11.32,17,5,2,1
2019-02-09 18:00:00+00:00,2,10.604,18,5,2,1
2019-02-09 19:00:00+00:00,1,15.886,19,5,2,1
2019-02-09 20:00:00+00:00,0,0.0,20,5,2,1
2019-02-09 21:00:00+00:00,1,10.023,21,5,2,1
2019-02-09 22:00:00+00:00,0,0.0,22,5,2,1
2019-02-09 23:00:00+00:00,0,0.0,23,5,2,1
2019-02-10 00:00:00+00:00,2,11.714,0,6,2,1
2019-02-10 01:00:00+00:00,2,20.374,1,6,2,1
2019-02-10 02:00:00+00:00,2,13.951,2,6,2,1
2019-02-10 03:00:00+00:00,0,0.0,3,6,2,1
2019-02-10 04:00:00+00:00,0,0.0,4,6,2,1
2019-02-10 05:00:00+00:00,0,0.0,5,6,2,1
2019-02-10 06:00:00+00:00,1,31.492,6,6,2,1
2019-02-10 07:00:00+00:00,0,0.0,7,6,2,1
2019-02-10 08:00:00+00:00,0,0.0,8,6,2,1
2019-02-10 09:00:00+00:00,0,0.0,9,6,2,1
2019-02-10 10:00:00+00:00,0,0.0,10,6,2,1
2019-02-10 11:00:00+00:00,0,0.0,11,6,2,1
2019-02-10 12:00:00+00:00,0,0.0,12,6,2,1
2019-02-10 13:00:00+00:00,0,0.0,13,6,2,1
2019-02-10 14:00:00+00:00,0,0.0,14,6,2,1
2019-02-10 15:00:00+00:00,0,0.0,15,6,2,1
2019-02-10 16:00:00+00:00,2,1.734,16,6,2,1
2019-02-10 17:00:00+00:00,1,4.954,17,6,2,1
2019-02-10 18:00:00+00:00,1,31.524,18,6,2,1
2019-02-10 19:00:00+00:00,0,0.0,19,6,2,1
2019-02-10 20:00:00+00:00,2,32.287,20,6,2,1
2019-02-10 21:00:00+00:00,0,0.0,21,6,2,1
2019-02-10 22:00:00+00:00,0,0.0,22,6,2,1
2019-02-10 23:00:00+00:00,0,0.0,23,6,2,1
2019-02-11 00:00:00+00:00,0,0.0,0,0,2,0
2019-02-11 01:00:00+00:00,0,0.0,1,0,2,0
2019-02-11 02:00:00+00:00,1,52.128,2,0,2,0
2019-02-11 03:00:00+00:00,0,0.0,3,0,2,0
2019-02-11 04:00:00+00:00,0,0.0,4,0,2,0
2019-02-11 05:00:00+00:00,1,32.801,5,0,2,0
2019-02-11 06:00:00+00:00,0,0.0,6,0,2,0
2019-02-11 07:00:00+00:00,0,0.0,7,0,2,0
2019-02-11 08:00:00+00:00,0,0.0,8,0,2,0
2019-02-11 09:00:00+00:00,0,0.0,9,0,2,0
2019-02-11 10:00:00+00:00,0,0.0,10,0,2,0
2019-02-11 11:00:00+00:00,0,0.0,11,0,2,0
2019-02-11 12:00:00+00:00,0,0.0,12,0,2,0
2019-02-11 13:00:00+00:00,0,0.0,13,0,2,0
2019-02-11 14:00:00+00:00,0,0.0,14,0,2,0
2019-02-11 15:00:00+00:00,0,0.0,15,0,2,0
2019-02-11 16:00:00+00:00,10,102.685,16,0,2,0
2019-02-11 17:00:00+00:00,1,14.088,17,0,2,0
2019-02-11 18:00:00+00:00,4,41.511,18,0,2,0
2019-02-11 19:00:00+00:00,1,39.883,19,0,2,0
2019-02-11 20:00:00+00:00,1,4.8,20,0,2,0
2019-02-11 21:00:00+00:00,2,10.953,21,0,2,0
2019-02-11 22:00:00+00:00,0,0.0,22,0,2,0
2019-02-11 23:00:00+00:00,4,12.341,23,0,2,0
2019-02-12 00:00:00+00:00,1,0.812,0,1,2,0
2019-02-12 01:00:00+00:00,2,15.172,1,1,2,0
2019-02-12 02:00:00+00:00,1,3.551,2,1,2,0
2019-02-12 03:00:00+00:00,1,17.77,3,1,2,0
2019-02-12 04:00:00+00:00,0,0.0,4,1,2,0
2019-02-12 05:00:00+00:00,0,0.0,5,1,2,0
2019-02-12 06:00:00+00:00,0,0.0,6,1,2,0
2019-02-12 07:00:00+00:00,0,0.0,7,1,2,0
2019-02-12 08:00:00+00:00,0,0.0,8,1,2,0
2019-02-12 09:00:00+00:00,0,0.0,9,1,2,0
2019-02-12 10:00:00+00:00,0,0.0,10,1,2,0
2019-02-12 11:00:00+00:00,0,0.0,11,1,2,0
2019-02-12 12:00:00+00:00,1,24.871,12,1,2,0
2019-02-12 13:00:00+00:00,1,31.215,13,1,2,0
2019-02-12 14:00:00+00:00,1,3.891,14,1,2,0
2019-02-12 15:00:00+00:00,0,0.0,15,1,2,0
2019-02-12 16:00:00+00:00,13,137.606,16,1,2,0
2019-02-12 17:00:00+00:00,6,82.292,17,1,2,0
2019-02-12 18:00:00+00:00,5,90.604,18,1,2,0
2019-02-12 19:00:00+00:00,3,5.352,19,1,2,0
2019-02-12 20:00:00+00:00,2,4.711,20,1,2,0
2019-02-12 21:00:00+00:00,5,70.041,21,1,2,0
2019-02-12 22:00:00+00:00,2,26.323,22,1,2,0
2019-02-12 23:00:00+00:00,0,0.0,23,1,2,0
2019-02-13 00:00:00+00:00,2,3.701,0,2,2,0
2019-02-13 01:00:00+00:00,1,32.109,1,2,2,0
2019-02-13 02:00:00+00:00,1,3.885,2,2,2,0
2019-02-13 03:00:00+00:00,1,12.717,3,2,2,0
2019-02-13 04:00:00+00:00,2,17.162999999999997,4,2,2,0
2019-02-13 05:00:00+00:00,0,0.0,5,2,2,0
2019-02-13 06:00:00+00:00,0,0.0,6,2,2,0
2019-02-13 07:00:00+00:00,0,0.0,7,2,2,0
2019-02-13 08:00:00+00:00,0,0.0,8,2,2,0
2019-02-13 09:00:00+00:00,0,0.0,9,2,2,0
2019-02-13 10:00:00+00:00,0,0.0,10,2,2,0
2019-02-13 11:00:00+00:00,0,0.0,11,2,2,0
2019-02-13 12:00:00+00:00,0,0.0,12,2,2,0
2019-02-13 13:00:00+00:00,0,0.0,13,2,2,0
2019-02-13 14:00:00+00:00,0,0.0,14,2,2,0
2019-02-13 15:00:00+00:00,3,34.307,15,2,2,0
2019-02-13 16:00:00+00:00,11,124.621,16,2,2,0
2019-02-13 17:00:00+00:00,10,46.726,17,2,2,0
2019-02-13 18:00:00+00:00,4,27.022,18,2,2,0
2019-02-13 19:00:00+00:00,1,0.887,19,2,2,0
2019-02-13 20:00:00+00:00,2,3.532,20,2,2,0
2019-02-13 21:00:00+00:00,2,16.754,21,2,2,0
2019-02-13 22:00:00+00:00,3,16.239,22,2,2,0
2019-02-13 23:00:00+00:00,0,0.0,23,2,2,0
2019-02-14 00:00:00+00:00,0,0.0,0,3,2,0
2019-02-14 01:00:00+00:00,2,15.358,1,3,2,0
2019-02-14 02:00:00+00:00,3,8.675,2,3,2,0
2019-02-14 03:00:00+00:00,1,15.506,3,3,2,0
2019-02-14 04:00:00+00:00,0,0.0,4,3,2,0
2019-02-14 05:00:00+00:00,1,7.25,5,3,2,0
2019-02-14 06:00:00+00:00,0,0.0,6,3,2,0
2019-02-14 07:00:00+00:00,0,0.0,7,3,2,0
2019-02-14 08:00:00+00:00,0,0.0,8,3,2,0
2019-02-14 09:00:00+00:00,0,0.0,9,3,2,0
2019-02-14 10:00:00+00:00,0,0.0,10,3,2,0
2019-02-14 11:00:00+00:00,0,0.0,11,3,2,0
2019-02-14 12:00:00+00:00,0,0.0,12,3,2,0
2019-02-14 13:00:00+00:00,1,3.222,13,3,2,0
2019-02-14 14:00:00+00:00,0,0.0,14,3,2,0
2019-02-14 15:00:00+00:00,2,19.697,15,3,2,0
2019-02-14 16:00:00+00:00,11,118.666,16,3,2,0
2019-02-14 17:00:00+00:00,8,88.831,17,3,2,0
2019-02-14 18:00:00+00:00,2,8.751,18,3,2,0
2019-02-14 19:00:00+00:00,2,6.397,19,3,2,0
2019-02-14 20:00:00+00:00,3,10.058,20,3,2,0
2019-02-14 21:00:00+00:00,2,20.1,21,3,2,0
2019-02-14 22:00:00+00:00,0,0.0,22,3,2,0
2019-02-14 23:00:00+00:00,0,0.0,23,3,2,0
2019-02-15 00:00:00+00:00,3,20.046,0,4,2,0
2019-02-15 01:00:00+00:00,1,15.514,1,4,2,0
2019-02-15 02:00:00+00:00,0,0.0,2,4,2,0
2019-02-15 03:00:00+00:00,0,0.0,3,4,2,0
2019-02-15 04:00:00+00:00,2,16.477,4,4,2,0
2019-02-15 05:00:00+00:00,1,4.317,5,4,2,0
2019-02-15 06:00:00+00:00,0,0.0,6,4,2,0
2019-02-15 07:00:00+00:00,0,0.0,7,4,2,0
2019-02-15 08:00:00+00:00,0,0.0,8,4,2,0
2019-02-15 09:00:00+00:00,0,0.0,9,4,2,0
2019-02-15 10:00:00+00:00,0,0.0,10,4,2,0
2019-02-15 11:00:00+00:00,0,0.0,11,4,2,0
2019-02-15 12:00:00+00:00,0,0.0,12,4,2,0
2019-02-15 13:00:00+00:00,0,0.0,13,4,2,0
2019-02-15 14:00:00+00:00,0,0.0,14,4,2,0
2019-02-15 15:00:00+00:00,4,20.324,15,4,2,0
2019-02-15 16:00:00+00:00,8,92.461,16,4,2,0
2019-02-15 17:00:00+00:00,5,56.236,17,4,2,0
2019-02-15 18:00:00+00:00,6,95.922,18,4,2,0
2019-02-15 19:00:00+00:00,2,43.288,19,4,2,0
2019-02-15 20:00:00+00:00,1,2.406,20,4,2,0
2019-02-15 21:00:00+00:00,2,47.20399999999999,21,4,2,0
2019-02-15 22:00:00+00:00,0,0.0,22,4,2,0
2019-02-15 23:00:00+00:00,1,6.119,23,4,2,0
2019-02-16 00:00:00+00:00,1,0.831,0,5,2,1
2019-02-16 01:00:00+00:00,2,19.587,1,5,2,1
2019-02-16 02:00:00+00:00,3,86.939,2,5,2,1
2019-02-16 03:00:00+00:00,2,4.151,3,5,2,1
2019-02-16 04:00:00+00:00,0,0.0,4,5,2,1
2019-02-16 05:00:00+00:00,0,0.0,5,5,2,1
2019-02-16 06:00:00+00:00,0,0.0,6,5,2,1
2019-02-16 07:00:00+00:00,0,0.0,7,5,2,1
2019-02-16 08:00:00+00:00,0,0.0,8,5,2,1
2019-02-16 09:00:00+00:00,0,0.0,9,5,2,1
2019-02-16 10:00:00+00:00,0,0.0,10,5,2,1
2019-02-16 11:00:00+00:00,0,0.0,11,5,2,1
2019-02-16 12:00:00+00:00,0,0.0,12,5,2,1
2019-02-16 13:00:00+00:00,0,0.0,13,5,2,1
2019-02-16 14:00:00+00:00,0,0.0,14,5,2,1
2019-02-16 15:00:00+00:00,1,6.126,15,5,2,1
2019-02-16 16:00:00+00:00,0,0.0,16,5,2,1
2019-02-16 17:00:00+00:00,2,35.867000000000004,17,5,2,1
2019-02-16 18:00:00+00:00,3,47.266000000000005,18,5,2,1
2019-02-16 19:00:00+00:00,1,15.624,19,5,2,1
2019-02-16 20:00:00+00:00,1,17.639,20,5,2,1
2019-02-16 21:00:00+00:00,2,24.656,21,5,2,1
2019-02-16 22:00:00+00:00,1,9.762,22,5,2,1
2019-02-16 23:00:00+00:00,1,8.033,23,5,2,1
2019-02-17 00:00:00+00:00,1,16.069,0,6,2,1
2019-02-17 01:00:00+00:00,3,9.672,1,6,2,1
2019-02-17 02:00:00+00:00,2,1.929,2,6,2,1
2019-02-17 03:00:00+00:00,3,47.846,3,6,2,1
2019-02-17 04:00:00+00:00,0,0.0,4,6,2,1
2019-02-17 05:00:00+00:00,1,0.786,5,6,2,1
2019-02-17 06:00:00+00:00,1,56.572,6,6,2,1
2019-02-17 07:00:00+00:00,0,0.0,7,6,2,1
2019-02-17 08:00:00+00:00,0,0.0,8,6,2,1
2019-02-17 09:00:00+00:00,0,0.0,9,6,2,1
2019-02-17 10:00:00+00:00,0,0.0,10,6,2,1
2019-02-17 11:00:00+00:00,0,0.0,11,6,2,1
2019-02-17 12:00:00+00:00,0,0.0,12,6,2,1
2019-02-17 13:00:00+00:00,0,0.0,13,6,2,1
2019-02-17 14:00:00+00:00,0,0.0,14,6,2,1
2019-02-17 15:00:00+00:00,0,0.0,15,6,2,1
2019-02-17 16:00:00+00:00,2,7.989000000000001,16,6,2,1
2019-02-17 17:00:00+00:00,1,11.013,17,6,2,1
2019-02-17 18:00:00+00:00,4,20.936,18,6,2,1
2019-02-17 19:00:00+00:00,0,0.0,19,6,2,1
2019-02-17 20:00:00+00:00,1,17.622,20,6,2,1
2019-02-17 21:00:00+00:00,1,12.314,21,6,2,1
2019-02-17 22:00:00+00:00,1,0.554,22,6,2,1
2019-02-17 23:00:00+00:00,0,0.0,23,6,2,1
2019-02-18 00:00:00+00:00,0,0.0,0,0,2,0
2019-02-18 01:00:00+00:00,0,0.0,1,0,2,0
2019-02-18 02:00:00+00:00,1,0.983,2,0,2,0
2019-02-18 03:00:00+00:00,0,0.0,3,0,2,0
2019-02-18 04:00:00+00:00,0,0.0,4,0,2,0
2019-02-18 05:00:00+00:00,0,0.0,5,0,2,0
2019-02-18 06:00:00+00:00,0,0.0,6,0,2,0
2019-02-18 07:00:00+00:00,0,0.0,7,0,2,0
2019-02-18 08:00:00+00:00,0,0.0,8,0,2,0
2019-02-18 09:00:00+00:00,0,0.0,9,0,2,0
2019-02-18 10:00:00+00:00,0,0.0,10,0,2,0
2019-02-18 11:00:00+00:00,0,0.0,11,0,2,0
2019-02-18 12:00:00+00:00,0,0.0,12,0,2,0
2019-02-18 13:00:00+00:00,0,0.0,13,0,2,0
2019-02-18 14:00:00+00:00,0,0.0,14,0,2,0
2019-02-18 15:00:00+00:00,1,27.753,15,0,2,0
2019-02-18 16:00:00+00:00,1,3.826,16,0,2,0
2019-02-18 17:00:00+00:00,2,53.611999999999995,17,0,2,0
2019-02-18 18:00:00+00:00,3,10.4,18,0,2,0
2019-02-18 19:00:00+00:00,1,0.876,19,0,2,0
2019-02-18 20:00:00+00:00,1,15.651,20,0,2,0
2019-02-18 21:00:00+00:00,0,0.0,21,0,2,0
2019-02-18 22:00:00+00:00,2,44.669,22,0,2,0
2019-02-18 23:00:00+00:00,2,14.493,23,0,2,0
2019-02-19 00:00:00+00:00,0,0.0,0,1,2,0
2019-02-19 01:00:00+00:00,2,21.21,1,1,2,0
2019-02-19 02:00:00+00:00,2,4.434,2,1,2,0
2019-02-19 03:00:00+00:00,1,6.245,3,1,2,0
2019-02-19 04:00:00+00:00,1,15.544,4,1,2,0
2019-02-19 05:00:00+00:00,0,0.0,5,1,2,0
2019-02-19 06:00:00+00:00,0,0.0,6,1,2,0
2019-02-19 07:00:00+00:00,0,0.0,7,1,2,0
2019-02-19 08:00:00+00:00,0,0.0,8,1,2,0
2019-02-19 09:00:00+00:00,0,0.0,9,1,2,0
2019-02-19 10:00:00+00:00,0,0.0,10,1,2,0
2019-02-19 11:00:00+00:00,0,0.0,11,1,2,0
2019-02-19 12:00:00+00:00,0,0.0,12,1,2,0
2019-02-19 13:00:00+00:00,0,0.0,13,1,2,0
2019-02-19 14:00:00+00:00,0,0.0,14,1,2,0
2019-02-19 15:00:00+00:00,2,47.757,15,1,2,0
2019-02-19 16:00:00+00:00,9,136.084,16,1,2,0
2019-02-19 17:00:00+00:00,8,102.758,17,1,2,0
2019-02-19 18:00:00+00:00,4,34.013999999999996,18,1,2,0
2019-02-19 19:00:00+00:00,1,8.373,19,1,2,0
2019-02-19 20:00:00+00:00,0,0.0,20,1,2,0
2019-02-19 21:00:00+00:00,1,4.677,21,1,2,0
2019-02-19 22:00:00+00:00,0,0.0,22,1,2,0
2019-02-19 23:00:00+00:00,0,0.0,23,1,2,0
2019-02-20 00:00:00+00:00,0,0.0,0,2,2,0
2019-02-20 01:00:00+00:00,1,0.969,1,2,2,0
2019-02-20 02:00:00+00:00,1,4.901,2,2,2,0
2019-02-20 03:00:00+00:00,1,16.279,3,2,2,0
2019-02-20 04:00:00+00:00,3,24.439,4,2,2,0
2019-02-20 05:00:00+00:00,1,0.515,5,2,2,0
2019-02-20 06:00:00+00:00,0,0.0,6,2,2,0
2019-02-20 07:00:00+00:00,0,0.0,7,2,2,0
2019-02-20 08:00:00+00:00,0,0.0,8,2,2,0
2019-02-20 09:00:00+00:00,0,0.0,9,2,2,0
2019-02-20 10:00:00+00:00,0,0.0,10,2,2,0
2019-02-20 11:00:00+00:00,0,0.0,11,2,2,0
2019-02-20 12:00:00+00:00,0,0.0,12,2,2,0
2019-02-20 13:00:00+00:00,0,0.0,13,2,2,0
2019-02-20 14:00:00+00:00,0,0.0,14,2,2,0
2019-02-20 15:00:00+00:00,1,24.994,15,2,2,0
2019-02-20 16:00:00+00:00,9,139.242,16,2,2,0
2019-02-20 17:00:00+00:00,8,71.193,17,2,2,0
2019-02-20 18:00:00+00:00,8,72.586,18,2,2,0
2019-02-20 19:00:00+00:00,4,30.57,19,2,2,0
2019-02-20 20:00:00+00:00,3,7.693,20,2,2,0
2019-02-20 21:00:00+00:00,2,12.822,21,2,2,0
2019-02-20 22:00:00+00:00,5,30.553,22,2,2,0
2019-02-20 23:00:00+00:00,2,22.007,23,2,2,0
2019-02-21 00:00:00+00:00,1,3.918,0,3,2,0
2019-02-21 01:00:00+00:00,4,32.178,1,3,2,0
2019-02-21 02:00:00+00:00,6,60.398,2,3,2,0
2019-02-21 03:00:00+00:00,1,8.476,3,3,2,0
2019-02-21 04:00:00+00:00,1,0.754,4,3,2,0
2019-02-21 05:00:00+00:00,0,0.0,5,3,2,0
2019-02-21 06:00:00+00:00,0,0.0,6,3,2,0
2019-02-21 07:00:00+00:00,0,0.0,7,3,2,0
2019-02-21 08:00:00+00:00,0,0.0,8,3,2,0
2019-02-21 09:00:00+00:00,0,0.0,9,3,2,0
2019-02-21 10:00:00+00:00,0,0.0,10,3,2,0
2019-02-21 11:00:00+00:00,0,0.0,11,3,2,0
2019-02-21 12:00:00+00:00,0,0.0,12,3,2,0
2019-02-21 13:00:00+00:00,0,0.0,13,3,2,0
2019-02-21 14:00:00+00:00,0,0.0,14,3,2,0
2019-02-21 15:00:00+00:00,1,9.074,15,3,2,0
2019-02-21 16:00:00+00:00,11,116.033,16,3,2,0
2019-02-21 17:00:00+00:00,6,45.368,17,3,2,0
2019-02-21 18:00:00+00:00,6,52.702,18,3,2,0
2019-02-21 19:00:00+00:00,3,36.457,19,3,2,0
2019-02-21 20:00:00+00:00,3,25.007,20,3,2,0
2019-02-21 21:00:00+00:00,2,6.669,21,3,2,0
2019-02-21 22:00:00+00:00,2,13.546,22,3,2,0
2019-02-21 23:00:00+00:00,2,18.515,23,3,2,0
2019-02-22 00:00:00+00:00,1,0.969,0,4,2,0
2019-02-22 01:00:00+00:00,0,0.0,1,4,2,0
2019-02-22 02:00:00+00:00,0,0.0,2,4,2,0
2019-02-22 03:00:00+00:00,1,15.487,3,4,2,0
2019-02-22 04:00:00+00:00,1,10.655,4,4,2,0
2019-02-22 05:00:00+00:00,0,0.0,5,4,2,0
2019-02-22 06:00:00+00:00,0,0.0,6,4,2,0
2019-02-22 07:00:00+00:00,0,0.0,7,4,2,0
2019-02-22 08:00:00+00:00,0,0.0,8,4,2,0
2019-02-22 09:00:00+00:00,0,0.0,9,4,2,0
2019-02-22 10:00:00+00:00,0,0.0,10,4,2,0
2019-02-22 11:00:00+00:00,0,0.0,11,4,2,0
2019-02-22 12:00:00+00:00,0,0.0,12,4,2,0
2019-02-22 13:00:00+00:00,0,0.0,13,4,2,0
2019-02-22 14:00:00+00:00,1,4.193,14,4,2,0
2019-02-22 15:00:00+00:00,2,37.373000000000005,15,4,2,0
2019-02-22 16:00:00+00:00,8,157.298,16,4,2,0
2019-02-22 17:00:00+00:00,5,57.20399999999999,17,4,2,0
2019-02-22 18:00:00+00:00,4,43.141,18,4,2,0
2019-02-22 19:00:00+00:00,2,35.007999999999996,19,4,2,0
2019-02-22 20:00:00+00:00,1,1.943,20,4,2,0
2019-02-22 21:00:00+00:00,5,27.275,21,4,2,0
2019-02-22 22:00:00+00:00,2,8.399000000000001,22,4,2,0
2019-02-22 23:00:00+00:00,2,11.889,23,4,2,0
2019-02-23 00:00:00+00:00,0,0.0,0,5,2,1
2019-02-23 01:00:00+00:00,2,9.077,1,5,2,1
2019-02-23 02:00:00+00:00,3,72.066,2,5,2,1
2019-02-23 03:00:00+00:00,0,0.0,3,5,2,1
2019-02-23 04:00:00+00:00,0,0.0,4,5,2,1
2019-02-23 05:00:00+00:00,1,6.012,5,5,2,1
2019-02-23 06:00:00+00:00,0,0.0,6,5,2,1
2019-02-23 07:00:00+00:00,0,0.0,7,5,2,1
2019-02-23 08:00:00+00:00,0,0.0,8,5,2,1
2019-02-23 09:00:00+00:00,0,0.0,9,5,2,1
2019-02-23 10:00:00+00:00,0,0.0,10,5,2,1
2019-02-23 11:00:00+00:00,0,0.0,11,5,2,1
2019-02-23 12:00:00+00:00,0,0.0,12,5,2,1
2019-02-23 13:00:00+00:00,0,0.0,13,5,2,1
2019-02-23 14:00:00+00:00,0,0.0,14,5,2,1
2019-02-23 15:00:00+00:00,1,9.206,15,5,2,1
2019-02-23 16:00:00+00:00,3,3.657,16,5,2,1
2019-02-23 17:00:00+00:00,4,29.175,17,5,2,1
2019-02-23 18:00:00+00:00,2,18.685,18,5,2,1
2019-02-23 19:00:00+00:00,2,3.754,19,5,2,1
2019-02-23 20:00:00+00:00,4,59.474999999999994,20,5,2,1
2019-02-23 21:00:00+00:00,0,0.0,21,5,2,1
2019-02-23 22:00:00+00:00,3,26.591,22,5,2,1
2019-02-23 23:00:00+00:00,1,23.427,23,5,2,1
2019-02-24 00:00:00+00:00,1,9.092,0,6,2,1
2019-02-24 01:00:00+00:00,0,0.0,1,6,2,1
2019-02-24 02:00:00+00:00,1,2.205,2,6,2,1
2019-02-24 03:00:00+00:00,0,0.0,3,6,2,1
2019-02-24 04:00:00+00:00,0,0.0,4,6,2,1
2019-02-24 05:00:00+00:00,0,0.0,5,6,2,1
2019-02-24 06:00:00+00:00,0,0.0,6,6,2,1
2019-02-24 07:00:00+00:00,0,0.0,7,6,2,1
2019-02-24 08:00:00+00:00,2,10.343,8,6,2,1
2019-02-24 09:00:00+00:00,0,0.0,9,6,2,1
2019-02-24 10:00:00+00:00,0,0.0,10,6,2,1
2019-02-24 11:00:00+00:00,0,0.0,11,6,2,1
2019-02-24 12:00:00+00:00,0,0.0,12,6,2,1
2019-02-24 13:00:00+00:00,0,0.0,13,6,2,1
2019-02-24 14:00:00+00:00,0,0.0,14,6,2,1
2019-02-24 15:00:00+00:00,0,0.0,15,6,2,1
2019-02-24 16:00:00+00:00,0,0.0,16,6,2,1
2019-02-24 17:00:00+00:00,1,6.011,17,6,2,1
2019-02-24 18:00:00+00:00,3,60.46,18,6,2,1
2019-02-24 19:00:00+00:00,1,4.64,19,6,2,1
2019-02-24 20:00:00+00:00,3,10.753,20,6,2,1
2019-02-24 21:00:00+00:00,3,16.781,21,6,2,1
2019-02-24 22:00:00+00:00,2,12.027,22,6,2,1
2019-02-24 23:00:00+00:00,0,0.0,23,6,2,1
2019-02-25 00:00:00+00:00,2,20.308,0,0,2,0
2019-02-25 01:00:00+00:00,2,69.712,1,0,2,0
2019-02-25 02:00:00+00:00,0,0.0,2,0,2,0
2019-02-25 03:00:00+00:00,1,15.192,3,0,2,0
2019-02-25 04:00:00+00:00,0,0.0,4,0,2,0
2019-02-25 05:00:00+00:00,0,0.0,5,0,2,0
2019-02-25 06:00:00+00:00,0,0.0,6,0,2,0
2019-02-25 07:00:00+00:00,0,0.0,7,0,2,0
2019-02-25 08:00:00+00:00,0,0.0,8,0,2,0
2019-02-25 09:00:00+00:00,0,0.0,9,0,2,0
2019-02-25 10:00:00+00:00,0,0.0,10,0,2,0
2019-02-25 11:00:00+00:00,0,0.0,11,0,2,0
2019-02-25 12:00:00+00:00,0,0.0,12,0,2,0
2019-02-25 13:00:00+00:00,0,0.0,13,0,2,0
2019-02-25 14:00:00+00:00,1,4.192,14,0,2,0
2019-02-25 15:00:00+00:00,4,80.545,15,0,2,0
2019-02-25 16:00:00+00:00,4,60.405,16,0,2,0
2019-02-25 17:00:00+00:00,8,78.539,17,0,2,0
2019-02-25 18:00:00+00:00,5,77.193,18,0,2,0
2019-02-25 19:00:00+00:00,1,7.985,19,0,2,0
2019-02-25 20:00:00+00:00,3,58.948,20,0,2,0
2019-02-25 21:00:00+00:00,3,30.192,21,0,2,0
2019-02-25 22:00:00+00:00,3,22.763,22,0,2,0
2019-02-25 23:00:00+00:00,1,0.559,23,0,2,0
2019-02-26 00:00:00+00:00,2,19.49,0,1,2,0
2019-02-26 01:00:00+00:00,1,9.992,1,1,2,0
2019-02-26 02:00:00+00:00,3,23.92,2,1,2,0
2019-02-26 03:00:00+00:00,1,8.01,3,1,2,0
2019-02-26 04:00:00+00:00,0,0.0,4,1,2,0
2019-02-26 05:00:00+00:00,1,6.56,5,1,2,0
2019-02-26 06:00:00+00:00,0,0.0,6,1,2,0
2019-02-26 07:00:00+00:00,0,0.0,7,1,2,0
2019-02-26 08:00:00+00:00,0,0.0,8,1,2,0
2019-02-26 09:00:00+00:00,0,0.0,9,1,2,0
2019-02-26 10:00:00+00:00,0,0.0,10,1,2,0
2019-02-26 11:00:00+00:00,0,0.0,11,1,2,0
2019-02-26 12:00:00+00:00,0,0.0,12,1,2,0
2019-02-26 13:00:00+00:00,0,0.0,13,1,2,0
2019-02-26 14:00:00+00:00,0,0.0,14,1,2,0
2019-02-26 15:00:00+00:00,2,10.848,15,1,2,0
2019-02-26 16:00:00+00:00,10,112.9,16,1,2,0
2019-02-26 17:00:00+00:00,6,41.479,17,1,2,0
2019-02-26 18:00:00+00:00,7,46.748999999999995,18,1,2,0
2019-02-26 19:00:00+00:00,5,29.0870970728787,19,1,2,0
2019-02-26 20:00:00+00:00,5,59.558,20,1,2,0
2019-02-26 21:00:00+00:00,2,7.717,21,1,2,0
2019-02-26 22:00:00+00:00,1,0.963,22,1,2,0
2019-02-26 23:00:00+00:00,0,0.0,23,1,2,0
2019-02-27 00:00:00+00:00,0,0.0,0,2,2,0
2019-02-27 01:00:00+00:00,1,5.522,1,2,2,0
2019-02-27 02:00:00+00:00,0,0.0,2,2,2,0
2019-02-27 03:00:00+00:00,3,17.241999999999997,3,2,2,0
2019-02-27 04:00:00+00:00,0,0.0,4,2,2,0
2019-02-27 05:00:00+00:00,0,0.0,5,2,2,0
2019-02-27 06:00:00+00:00,0,0.0,6,2,2,0
2019-02-27 07:00:00+00:00,0,0.0,7,2,2,0
2019-02-27 08:00:00+00:00,0,0.0,8,2,2,0
2019-02-27 09:00:00+00:00,0,0.0,9,2,2,0
2019-02-27 10:00:00+00:00,0,0.0,10,2,2,0
2019-02-27 11:00:00+00:00,0,0.0,11,2,2,0
2019-02-27 12:00:00+00:00,0,0.0,12,2,2,0
2019-02-27 13:00:00+00:00,0,0.0,13,2,2,0
2019-02-27 14:00:00+00:00,1,4.115,14,2,2,0
2019-02-27 15:00:00+00:00,1,4.321,15,2,2,0
2019-02-27 16:00:00+00:00,12,118.356,16,2,2,0
2019-02-27 17:00:00+00:00,8,35.075,17,2,2,0
2019-02-27 18:00:00+00:00,9,60.709,18,2,2,0
2019-02-27 19:00:00+00:00,0,0.0,19,2,2,0
2019-02-27 20:00:00+00:00,2,27.66,20,2,2,0
2019-02-27 21:00:00+00:00,4,9.002721923536198,21,2,2,0
2019-02-27 22:00:00+00:00,1,4.648,22,2,2,0
2019-02-27 23:00:00+00:00,0,0.0,23,2,2,0
2019-02-28 00:00:00+00:00,2,7.52,0,3,2,0
2019-02-28 01:00:00+00:00,1,8.774,1,3,2,0
2019-02-28 02:00:00+00:00,6,33.52,2,3,2,0
2019-02-28 03:00:00+00:00,3,19.175,3,3,2,0
2019-02-28 04:00:00+00:00,1,15.522,4,3,2,0
2019-02-28 05:00:00+00:00,1,9.793,5,3,2,0
2019-02-28 06:00:00+00:00,1,42.83,6,3,2,0
2019-02-28 07:00:00+00:00,0,0.0,7,3,2,0
2019-02-28 08:00:00+00:00,0,0.0,8,3,2,0
2019-02-28 09:00:00+00:00,0,0.0,9,3,2,0
2019-02-28 10:00:00+00:00,0,0.0,10,3,2,0
2019-02-28 11:00:00+00:00,0,0.0,11,3,2,0
2019-02-28 12:00:00+00:00,0,0.0,12,3,2,0
2019-02-28 13:00:00+00:00,0,0.0,13,3,2,0
2019-02-28 14:00:00+00:00,0,0.0,14,3,2,0
2019-02-28 15:00:00+00:00,3,18.548,15,3,2,0
2019-02-28 16:00:00+00:00,8,59.219,16,3,2,0
2019-02-28 17:00:00+00:00,5,44.673,17,3,2,0
2019-02-28 18:00:00+00:00,5,27.075,18,3,2,0
2019-02-28 19:00:00+00:00,2,12.387,19,3,2,0
2019-02-28 20:00:00+00:00,5,37.97234528076386,20,3,2,0
2019-02-28 21:00:00+00:00,2,1.795,21,3,2,0
2019-02-28 22:00:00+00:00,1,0.502,22,3,2,0
2019-02-28 23:00:00+00:00,0,0.0,23,3,2,0
2019-03-01 00:00:00+00:00,2,9.05,0,4,3,0
2019-03-01 01:00:00+00:00,0,0.0,1,4,3,0
2019-03-01 02:00:00+00:00,4,25.253,2,4,3,0
2019-03-01 03:00:00+00:00,0,0.0,3,4,3,0
2019-03-01 04:00:00+00:00,1,9.747,4,4,3,0
2019-03-01 05:00:00+00:00,1,14.975,5,4,3,0
2019-03-01 06:00:00+00:00,1,26.513,6,4,3,0
2019-03-01 07:00:00+00:00,0,0.0,7,4,3,0
2019-03-01 08:00:00+00:00,0,0.0,8,4,3,0
2019-03-01 09:00:00+00:00,0,0.0,9,4,3,0
2019-03-01 10:00:00+00:00,0,0.0,10,4,3,0
2019-03-01 11:00:00+00:00,0,0.0,11,4,3,0
2019-03-01 12:00:00+00:00,0,0.0,12,4,3,0
2019-03-01 13:00:00+00:00,0,0.0,13,4,3,0
2019-03-01 14:00:00+00:00,1,4.216,14,4,3,0
2019-03-01 15:00:00+00:00,5,39.703,15,4,3,0
2019-03-01 16:00:00+00:00,5,66.816,16,4,3,0
2019-03-01 17:00:00+00:00,6,86.65,17,4,3,0
2019-03-01 18:00:00+00:00,2,22.101,18,4,3,0
2019-03-01 19:00:00+00:00,1,0.925,19,4,3,0
2019-03-01 20:00:00+00:00,3,27.981,20,4,3,0
2019-03-01 21:00:00+00:00,1,14.685,21,4,3,0
2019-03-01 22:00:00+00:00,1,6.78,22,4,3,0
2019-03-01 23:00:00+00:00,0,0.0,23,4,3,0
2019-03-02 00:00:00+00:00,0,0.0,0,5,3,1
2019-03-02 01:00:00+00:00,0,0.0,1,5,3,1
2019-03-02 02:00:00+00:00,1,10.427,2,5,3,1
2019-03-02 03:00:00+00:00,0,0.0,3,5,3,1
2019-03-02 04:00:00+00:00,0,0.0,4,5,3,1
2019-03-02 05:00:00+00:00,0,0.0,5,5,3,1
2019-03-02 06:00:00+00:00,0,0.0,6,5,3,1
2019-03-02 07:00:00+00:00,0,0.0,7,5,3,1
2019-03-02 08:00:00+00:00,0,0.0,8,5,3,1
2019-03-02 09:00:00+00:00,0,0.0,9,5,3,1
2019-03-02 10:00:00+00:00,0,0.0,10,5,3,1
2019-03-02 11:00:00+00:00,0,0.0,11,5,3,1
2019-03-02 12:00:00+00:00,0,0.0,12,5,3,1
2019-03-02 13:00:00+00:00,0,0.0,13,5,3,1
2019-03-02 14:00:00+00:00,0,0.0,14,5,3,1
2019-03-02 15:00:00+00:00,1,7.34,15,5,3,1
2019-03-02 16:00:00+00:00,0,0.0,16,5,3,1
2019-03-02 17:00:00+00:00,3,23.003,17,5,3,1
2019-03-02 18:00:00+00:00,2,25.424999999999997,18,5,3,1
2019-03-02 19:00:00+00:00,0,0.0,19,5,3,1
2019-03-02 20:00:00+00:00,0,0.0,20,5,3,1
2019-03-02 21:00:00+00:00,2,15.744,21,5,3,1
2019-03-02 22:00:00+00:00,1,19.129,22,5,3,1
2019-03-02 23:00:00+00:00,1,0.811,23,5,3,1
2019-03-03 00:00:00+00:00,1,6.552,0,6,3,1
2019-03-03 01:00:00+00:00,0,0.0,1,6,3,1
2019-03-03 02:00:00+00:00,0,0.0,2,6,3,1
2019-03-03 03:00:00+00:00,1,12.292,3,6,3,1
2019-03-03 04:00:00+00:00,1,58.039,4,6,3,1
2019-03-03 05:00:00+00:00,0,0.0,5,6,3,1
2019-03-03 06:00:00+00:00,0,0.0,6,6,3,1
2019-03-03 07:00:00+00:00,0,0.0,7,6,3,1
2019-03-03 08:00:00+00:00,0,0.0,8,6,3,1
2019-03-03 09:00:00+00:00,0,0.0,9,6,3,1
2019-03-03 10:00:00+00:00,0,0.0,10,6,3,1
2019-03-03 11:00:00+00:00,0,0.0,11,6,3,1
2019-03-03 12:00:00+00:00,0,0.0,12,6,3,1
2019-03-03 13:00:00+00:00,0,0.0,13,6,3,1
2019-03-03 14:00:00+00:00,0,0.0,14,6,3,1
2019-03-03 15:00:00+00:00,0,0.0,15,6,3,1
2019-03-03 16:00:00+00:00,1,0.951,16,6,3,1
2019-03-03 17:00:00+00:00,0,0.0,17,6,3,1
2019-03-03 18:00:00+00:00,2,18.796,18,6,3,1
2019-03-03 19:00:00+00:00,0,0.0,19,6,3,1
2019-03-03 20:00:00+00:00,2,40.173,20,6,3,1
2019-03-03 21:00:00+00:00,2,35.336,21,6,3,1
2019-03-03 22:00:00+00:00,4,38.828,22,6,3,1
2019-03-03 23:00:00+00:00,1,6.415,23,6,3,1
2019-03-04 00:00:00+00:00,0,0.0,0,0,3,0
2019-03-04 01:00:00+00:00,1,2.025,1,0,3,0
2019-03-04 02:00:00+00:00,0,0.0,2,0,3,0
2019-03-04 03:00:00+00:00,0,0.0,3,0,3,0
2019-03-04 04:00:00+00:00,0,0.0,4,0,3,0
2019-03-04 05:00:00+00:00,0,0.0,5,0,3,0
2019-03-04 06:00:00+00:00,0,0.0,6,0,3,0
2019-03-04 07:00:00+00:00,0,0.0,7,0,3,0
2019-03-04 08:00:00+00:00,0,0.0,8,0,3,0
2019-03-04 09:00:00+00:00,0,0.0,9,0,3,0
2019-03-04 10:00:00+00:00,0,0.0,10,0,3,0
2019-03-04 11:00:00+00:00,0,0.0,11,0,3,0
2019-03-04 12:00:00+00:00,0,0.0,12,0,3,0
2019-03-04 13:00:00+00:00,0,0.0,13,0,3,0
2019-03-04 14:00:00+00:00,0,0.0,14,0,3,0
2019-03-04 15:00:00+00:00,3,68.09,15,0,3,0
2019-03-04 16:00:00+00:00,10,99.59,16,0,3,0
2019-03-04 17:00:00+00:00,7,64.512,17,0,3,0
2019-03-04 18:00:00+00:00,3,32.391999999999996,18,0,3,0
2019-03-04 19:00:00+00:00,1,34.043,19,0,3,0
2019-03-04 20:00:00+00:00,3,38.36,20,0,3,0
2019-03-04 21:00:00+00:00,1,0.636,21,0,3,0
2019-03-04 22:00:00+00:00,3,7.111,22,0,3,0
2019-03-04 23:00:00+00:00,1,9.488,23,0,3,0
2019-03-05 00:00:00+00:00,3,37.285,0,1,3,0
2019-03-05 01:00:00+00:00,0,0.0,1,1,3,0
2019-03-05 02:00:00+00:00,1,13.207,2,1,3,0
2019-03-05 03:00:00+00:00,1,12.454,3,1,3,0
2019-03-05 04:00:00+00:00,0,0.0,4,1,3,0
2019-03-05 05:00:00+00:00,2,9.731,5,1,3,0
2019-03-05 06:00:00+00:00,0,0.0,6,1,3,0
2019-03-05 07:00:00+00:00,0,0.0,7,1,3,0
2019-03-05 08:00:00+00:00,0,0.0,8,1,3,0
2019-03-05 09:00:00+00:00,0,0.0,9,1,3,0
2019-03-05 10:00:00+00:00,0,0.0,10,1,3,0
2019-03-05 11:00:00+00:00,0,0.0,11,1,3,0
2019-03-05 12:00:00+00:00,0,0.0,12,1,3,0
2019-03-05 13:00:00+00:00,0,0.0,13,1,3,0
2019-03-05 14:00:00+00:00,0,0.0,14,1,3,0
2019-03-05 15:00:00+00:00,4,17.732,15,1,3,0
2019-03-05 16:00:00+00:00,9,99.617,16,1,3,0
2019-03-05 17:00:00+00:00,7,75.099,17,1,3,0
2019-03-05 18:00:00+00:00,5,28.152,18,1,3,0
2019-03-05 19:00:00+00:00,3,11.193654719235036,19,1,3,0
2019-03-05 20:00:00+00:00,0,0.0,20,1,3,0
2019-03-05 21:00:00+00:00,2,7.69,21,1,3,0
2019-03-05 22:00:00+00:00,0,0.0,22,1,3,0
2019-03-05 23:00:00+00:00,0,0.0,23,1,3,0
2019-03-06 00:00:00+00:00,1,4.068,0,2,3,0
2019-03-06 01:00:00+00:00,1,4.021,1,2,3,0
2019-03-06 02:00:00+00:00,2,28.243,2,2,3,0
2019-03-06 03:00:00+00:00,3,26.443,3,2,3,0
2019-03-06 04:00:00+00:00,1,7.733,4,2,3,0
2019-03-06 05:00:00+00:00,0,0.0,5,2,3,0
2019-03-06 06:00:00+00:00,0,0.0,6,2,3,0
2019-03-06 07:00:00+00:00,0,0.0,7,2,3,0
2019-03-06 08:00:00+00:00,0,0.0,8,2,3,0
2019-03-06 09:00:00+00:00,0,0.0,9,2,3,0
2019-03-06 10:00:00+00:00,0,0.0,10,2,3,0
2019-03-06 11:00:00+00:00,0,0.0,11,2,3,0
2019-03-06 12:00:00+00:00,0,0.0,12,2,3,0
2019-03-06 13:00:00+00:00,0,0.0,13,2,3,0
2019-03-06 14:00:00+00:00,1,3.918,14,2,3,0
2019-03-06 15:00:00+00:00,1,9.602,15,2,3,0
2019-03-06 16:00:00+00:00,5,28.554,16,2,3,0
2019-03-06 17:00:00+00:00,10,75.673,17,2,3,0
2019-03-06 18:00:00+00:00,3,10.331,18,2,3,0
2019-03-06 19:00:00+00:00,2,37.231,19,2,3,0
2019-03-06 20:00:00+00:00,4,24.58138142174382,20,2,3,0
2019-03-06 21:00:00+00:00,4,13.62,21,2,3,0
2019-03-06 22:00:00+00:00,1,0.886,22,2,3,0
2019-03-06 23:00:00+00:00,1,7.626,23,2,3,0
2019-03-07 00:00:00+00:00,1,4.472,0,3,3,0
2019-03-07 01:00:00+00:00,0,0.0,1,3,3,0
2019-03-07 02:00:00+00:00,3,18.725,2,3,3,0
2019-03-07 03:00:00+00:00,1,15.165,3,3,3,0
2019-03-07 04:00:00+00:00,0,0.0,4,3,3,0
2019-03-07 05:00:00+00:00,0,0.0,5,3,3,0
2019-03-07 06:00:00+00:00,0,0.0,6,3,3,0
2019-03-07 07:00:00+00:00,0,0.0,7,3,3,0
2019-03-07 08:00:00+00:00,0,0.0,8,3,3,0
2019-03-07 09:00:00+00:00,1,0.913,9,3,3,0
2019-03-07 10:00:00+00:00,0,0.0,10,3,3,0
2019-03-07 11:00:00+00:00,0,0.0,11,3,3,0
2019-03-07 12:00:00+00:00,0,0.0,12,3,3,0
2019-03-07 13:00:00+00:00,0,0.0,13,3,3,0
2019-03-07 14:00:00+00:00,0,0.0,14,3,3,0
2019-03-07 15:00:00+00:00,2,17.595,15,3,3,0
2019-03-07 16:00:00+00:00,12,127.919,16,3,3,0
2019-03-07 17:00:00+00:00,4,23.981,17,3,3,0
2019-03-07 18:00:00+00:00,5,44.242,18,3,3,0
2019-03-07 19:00:00+00:00,4,43.828,19,3,3,0
2019-03-07 20:00:00+00:00,2,9.235,20,3,3,0
2019-03-07 21:00:00+00:00,1,14.205,21,3,3,0
2019-03-07 22:00:00+00:00,2,8.837,22,3,3,0
2019-03-07 23:00:00+00:00,0,0.0,23,3,3,0
2019-03-08 00:00:00+00:00,1,0.905,0,4,3,0
2019-03-08 01:00:00+00:00,3,12.09,1,4,3,0
2019-03-08 02:00:00+00:00,0,0.0,2,4,3,0
2019-03-08 03:00:00+00:00,3,15.081,3,4,3,0
2019-03-08 04:00:00+00:00,3,36.029,4,4,3,0
2019-03-08 05:00:00+00:00,0,0.0,5,4,3,0
2019-03-08 06:00:00+00:00,0,0.0,6,4,3,0
2019-03-08 07:00:00+00:00,0,0.0,7,4,3,0
2019-03-08 08:00:00+00:00,0,0.0,8,4,3,0
2019-03-08 09:00:00+00:00,0,0.0,9,4,3,0
2019-03-08 10:00:00+00:00,0,0.0,10,4,3,0
2019-03-08 11:00:00+00:00,0,0.0,11,4,3,0
2019-03-08 12:00:00+00:00,0,0.0,12,4,3,0
2019-03-08 13:00:00+00:00,0,0.0,13,4,3,0
2019-03-08 14:00:00+00:00,1,3.504,14,4,3,0
2019-03-08 15:00:00+00:00,3,7.864,15,4,3,0
2019-03-08 16:00:00+00:00,11,121.963,16,4,3,0
2019-03-08 17:00:00+00:00,5,51.755,17,4,3,0
2019-03-08 18:00:00+00:00,4,72.52,18,4,3,0
2019-03-08 19:00:00+00:00,1,6.649,19,4,3,0
2019-03-08 20:00:00+00:00,4,19.126,20,4,3,0
2019-03-08 21:00:00+00:00,2,14.91,21,4,3,0
2019-03-08 22:00:00+00:00,1,0.887,22,4,3,0
2019-03-08 23:00:00+00:00,1,15.488,23,4,3,0
2019-03-09 00:00:00+00:00,1,23.534,0,5,3,1
2019-03-09 01:00:00+00:00,0,0.0,1,5,3,1
2019-03-09 02:00:00+00:00,0,0.0,2,5,3,1
2019-03-09 03:00:00+00:00,1,4.339,3,5,3,1
2019-03-09 04:00:00+00:00,0,0.0,4,5,3,1
2019-03-09 05:00:00+00:00,0,0.0,5,5,3,1
2019-03-09 06:00:00+00:00,1,51.707,6,5,3,1
2019-03-09 07:00:00+00:00,0,0.0,7,5,3,1
2019-03-09 08:00:00+00:00,0,0.0,8,5,3,1
2019-03-09 09:00:00+00:00,0,0.0,9,5,3,1
2019-03-09 10:00:00+00:00,0,0.0,10,5,3,1
2019-03-09 11:00:00+00:00,0,0.0,11,5,3,1
2019-03-09 12:00:00+00:00,0,0.0,12,5,3,1
2019-03-09 13:00:00+00:00,0,0.0,13,5,3,1
2019-03-09 14:00:00+00:00,0,0.0,14,5,3,1
2019-03-09 15:00:00+00:00,0,0.0,15,5,3,1
2019-03-09 16:00:00+00:00,0,0.0,16,5,3,1
2019-03-09 17:00:00+00:00,2,12.914,17,5,3,1
2019-03-09 18:00:00+00:00,1,6.625,18,5,3,1
2019-03-09 19:00:00+00:00,0,0.0,19,5,3,1
2019-03-09 20:00:00+00:00,1,11.216,20,5,3,1
2019-03-09 21:00:00+00:00,0,0.0,21,5,3,1
2019-03-09 22:00:00+00:00,2,15.107,22,5,3,1
2019-03-09 23:00:00+00:00,0,0.0,23,5,3,1
2019-03-10 00:00:00+00:00,1,1.873,0,6,3,1
2019-03-10 01:00:00+00:00,0,0.0,1,6,3,1
2019-03-10 02:00:00+00:00,1,5.669,2,6,3,1
2019-03-10 03:00:00+00:00,1,4.509,3,6,3,1
2019-03-10 04:00:00+00:00,1,3.238,4,6,3,1
2019-03-10 05:00:00+00:00,0,0.0,5,6,3,1
2019-03-10 06:00:00+00:00,0,0.0,6,6,3,1
2019-03-10 07:00:00+00:00,0,0.0,7,6,3,1
2019-03-10 08:00:00+00:00,0,0.0,8,6,3,1
2019-03-10 09:00:00+00:00,0,0.0,9,6,3,1
2019-03-10 10:00:00+00:00,0,0.0,10,6,3,1
2019-03-10 11:00:00+00:00,0,0.0,11,6,3,1
2019-03-10 12:00:00+00:00,0,0.0,12,6,3,1
2019-03-10 13:00:00+00:00,0,0.0,13,6,3,1
2019-03-10 14:00:00+00:00,0,0.0,14,6,3,1
2019-03-10 15:00:00+00:00,0,0.0,15,6,3,1
2019-03-10 16:00:00+00:00,1,4.258,16,6,3,1
2019-03-10 17:00:00+00:00,0,0.0,17,6,3,1
2019-03-10 18:00:00+00:00,0,0.0,18,6,3,1
2019-03-10 19:00:00+00:00,2,31.828000000000003,19,6,3,1
2019-03-10 20:00:00+00:00,1,17.782,20,6,3,1
2019-03-10 21:00:00+00:00,1,22.42,21,6,3,1
2019-03-10 22:00:00+00:00,0,0.0,22,6,3,1
2019-03-10 23:00:00+00:00,1,5.133,23,6,3,1
2019-03-11 00:00:00+00:00,0,0.0,0,0,3,0
2019-03-11 01:00:00+00:00,1,13.635,1,0,3,0
2019-03-11 02:00:00+00:00,2,51.323,2,0,3,0
2019-03-11 03:00:00+00:00,1,13.544,3,0,3,0
2019-03-11 04:00:00+00:00,0,0.0,4,0,3,0
2019-03-11 05:00:00+00:00,0,0.0,5,0,3,0
2019-03-11 06:00:00+00:00,0,0.0,6,0,3,0
2019-03-11 07:00:00+00:00,0,0.0,7,0,3,0
2019-03-11 08:00:00+00:00,0,0.0,8,0,3,0
2019-03-11 09:00:00+00:00,0,0.0,9,0,3,0
2019-03-11 10:00:00+00:00,0,0.0,10,0,3,0
2019-03-11 11:00:00+00:00,0,0.0,11,0,3,0
2019-03-11 12:00:00+00:00,0,0.0,12,0,3,0
2019-03-11 13:00:00+00:00,1,4.178,13,0,3,0
2019-03-11 14:00:00+00:00,0,0.0,14,0,3,0
2019-03-11 15:00:00+00:00,7,106.89,15,0,3,0
2019-03-11 16:00:00+00:00,7,70.04,16,0,3,0
2019-03-11 17:00:00+00:00,5,35.958,17,0,3,0
2019-03-11 18:00:00+00:00,2,22.254,18,0,3,0
2019-03-11 19:00:00+00:00,5,23.516,19,0,3,0
2019-03-11 20:00:00+00:00,1,1.577,20,0,3,0
2019-03-11 21:00:00+00:00,1,4.102,21,0,3,0
2019-03-11 22:00:00+00:00,1,7.907,22,0,3,0
2019-03-11 23:00:00+00:00,2,16.965,23,0,3,0
2019-03-12 00:00:00+00:00,0,0.0,0,1,3,0
2019-03-12 01:00:00+00:00,4,37.701,1,1,3,0
2019-03-12 02:00:00+00:00,1,12.659,2,1,3,0
2019-03-12 03:00:00+00:00,1,15.438,3,1,3,0
2019-03-12 04:00:00+00:00,0,0.0,4,1,3,0
2019-03-12 05:00:00+00:00,1,11.71,5,1,3,0
2019-03-12 06:00:00+00:00,0,0.0,6,1,3,0
2019-03-12 07:00:00+00:00,0,0.0,7,1,3,0
2019-03-12 08:00:00+00:00,0,0.0,8,1,3,0
2019-03-12 09:00:00+00:00,0,0.0,9,1,3,0
2019-03-12 10:00:00+00:00,0,0.0,10,1,3,0
2019-03-12 11:00:00+00:00,0,0.0,11,1,3,0
2019-03-12 12:00:00+00:00,0,0.0,12,1,3,0
2019-03-12 13:00:00+00:00,2,19.537,13,1,3,0
2019-03-12 14:00:00+00:00,1,9.166,14,1,3,0
2019-03-12 15:00:00+00:00,7,121.447,15,1,3,0
2019-03-12 16:00:00+00:00,12,113.809,16,1,3,0
2019-03-12 17:00:00+00:00,4,36.28,17,1,3,0
2019-03-12 18:00:00+00:00,5,44.584,18,1,3,0
2019-03-12 19:00:00+00:00,4,12.781,19,1,3,0
2019-03-12 20:00:00+00:00,2,10.835,20,1,3,0
2019-03-12 21:00:00+00:00,1,4.0,21,1,3,0
2019-03-12 22:00:00+00:00,0,0.0,22,1,3,0
2019-03-12 23:00:00+00:00,3,25.529,23,1,3,0
2019-03-13 00:00:00+00:00,1,5.445,0,2,3,0
2019-03-13 01:00:00+00:00,0,0.0,1,2,3,0
2019-03-13 02:00:00+00:00,1,11.842,2,2,3,0
2019-03-13 03:00:00+00:00,0,0.0,3,2,3,0
2019-03-13 04:00:00+00:00,0,0.0,4,2,3,0
2019-03-13 05:00:00+00:00,1,21.361,5,2,3,0
2019-03-13 06:00:00+00:00,0,0.0,6,2,3,0
2019-03-13 07:00:00+00:00,0,0.0,7,2,3,0
2019-03-13 08:00:00+00:00,0,0.0,8,2,3,0
2019-03-13 09:00:00+00:00,0,0.0,9,2,3,0
2019-03-13 10:00:00+00:00,0,0.0,10,2,3,0
2019-03-13 11:00:00+00:00,0,0.0,11,2,3,0
2019-03-13 12:00:00+00:00,0,0.0,12,2,3,0
2019-03-13 13:00:00+00:00,0,0.0,13,2,3,0
2019-03-13 14:00:00+00:00,2,13.667,14,2,3,0
2019-03-13 15:00:00+00:00,7,111.722,15,2,3,0
2019-03-13 16:00:00+00:00,11,97.301,16,2,3,0
2019-03-13 17:00:00+00:00,3,19.116,17,2,3,0
2019-03-13 18:00:00+00:00,2,2.988,18,2,3,0
2019-03-13 19:00:00+00:00,4,8.795,19,2,3,0
2019-03-13 20:00:00+00:00,3,13.971,20,2,3,0
2019-03-13 21:00:00+00:00,1,10.677,21,2,3,0
2019-03-13 22:00:00+00:00,1,7.102,22,2,3,0
2019-03-13 23:00:00+00:00,1,4.174,23,2,3,0
2019-03-14 00:00:00+00:00,2,15.708,0,3,3,0
2019-03-14 01:00:00+00:00,3,24.061,1,3,3,0
2019-03-14 02:00:00+00:00,0,0.0,2,3,3,0
2019-03-14 03:00:00+00:00,1,0.87,3,3,3,0
2019-03-14 04:00:00+00:00,1,2.704,4,3,3,0
2019-03-14 05:00:00+00:00,1,9.155,5,3,3,0
2019-03-14 06:00:00+00:00,0,0.0,6,3,3,0
2019-03-14 07:00:00+00:00,0,0.0,7,3,3,0
2019-03-14 08:00:00+00:00,0,0.0,8,3,3,0
2019-03-14 09:00:00+00:00,0,0.0,9,3,3,0
2019-03-14 10:00:00+00:00,0,0.0,10,3,3,0
2019-03-14 11:00:00+00:00,0,0.0,11,3,3,0
2019-03-14 12:00:00+00:00,0,0.0,12,3,3,0
2019-03-14 13:00:00+00:00,2,19.15,13,3,3,0
2019-03-14 14:00:00+00:00,2,11.297,14,3,3,0
2019-03-14 15:00:00+00:00,10,103.273,15,3,3,0
2019-03-14 16:00:00+00:00,10,166.89600000000002,16,3,3,0
2019-03-14 17:00:00+00:00,2,25.5,17,3,3,0
2019-03-14 18:00:00+00:00,3,5.255,18,3,3,0
2019-03-14 19:00:00+00:00,3,17.194,19,3,3,0
2019-03-14 20:00:00+00:00,3,20.424,20,3,3,0
2019-03-14 21:00:00+00:00,1,0.902,21,3,3,0
2019-03-14 22:00:00+00:00,1,0.913,22,3,3,0
2019-03-14 23:00:00+00:00,2,6.265000000000001,23,3,3,0
2019-03-15 00:00:00+00:00,2,19.571,0,4,3,0
2019-03-15 01:00:00+00:00,1,0.862,1,4,3,0
2019-03-15 02:00:00+00:00,3,20.185,2,4,3,0
2019-03-15 03:00:00+00:00,1,8.499,3,4,3,0
2019-03-15 04:00:00+00:00,0,0.0,4,4,3,0
2019-03-15 05:00:00+00:00,0,0.0,5,4,3,0
2019-03-15 06:00:00+00:00,0,0.0,6,4,3,0
2019-03-15 07:00:00+00:00,0,0.0,7,4,3,0
2019-03-15 08:00:00+00:00,0,0.0,8,4,3,0
2019-03-15 09:00:00+00:00,0,0.0,9,4,3,0
2019-03-15 10:00:00+00:00,0,0.0,10,4,3,0
2019-03-15 11:00:00+00:00,0,0.0,11,4,3,0
2019-03-15 12:00:00+00:00,0,0.0,12,4,3,0
2019-03-15 13:00:00+00:00,0,0.0,13,4,3,0
2019-03-15 14:00:00+00:00,2,10.053,14,4,3,0
2019-03-15 15:00:00+00:00,5,41.741,15,4,3,0
2019-03-15 16:00:00+00:00,7,76.218,16,4,3,0
2019-03-15 17:00:00+00:00,5,51.327,17,4,3,0
2019-03-15 18:00:00+00:00,3,9.062,18,4,3,0
2019-03-15 19:00:00+00:00,5,42.52052837514883,19,4,3,0
2019-03-15 20:00:00+00:00,1,4.367,20,4,3,0
2019-03-15 21:00:00+00:00,0,0.0,21,4,3,0
2019-03-15 22:00:00+00:00,2,13.847,22,4,3,0
2019-03-15 23:00:00+00:00,0,0.0,23,4,3,0
2019-03-16 00:00:00+00:00,1,7.289,0,5,3,1
2019-03-16 01:00:00+00:00,1,53.282,1,5,3,1
2019-03-16 02:00:00+00:00,4,29.579,2,5,3,1
2019-03-16 03:00:00+00:00,2,5.896,3,5,3,1
2019-03-16 04:00:00+00:00,0,0.0,4,5,3,1
2019-03-16 05:00:00+00:00,0,0.0,5,5,3,1
2019-03-16 06:00:00+00:00,0,0.0,6,5,3,1
2019-03-16 07:00:00+00:00,0,0.0,7,5,3,1
2019-03-16 08:00:00+00:00,0,0.0,8,5,3,1
2019-03-16 09:00:00+00:00,0,0.0,9,5,3,1
2019-03-16 10:00:00+00:00,0,0.0,10,5,3,1
2019-03-16 11:00:00+00:00,0,0.0,11,5,3,1
2019-03-16 12:00:00+00:00,0,0.0,12,5,3,1
2019-03-16 13:00:00+00:00,0,0.0,13,5,3,1
2019-03-16 14:00:00+00:00,3,43.535,14,5,3,1
2019-03-16 15:00:00+00:00,3,13.432,15,5,3,1
2019-03-16 16:00:00+00:00,3,13.19,16,5,3,1
2019-03-16 17:00:00+00:00,2,7.726,17,5,3,1
2019-03-16 18:00:00+00:00,3,17.162,18,5,3,1
2019-03-16 19:00:00+00:00,1,3.846,19,5,3,1
2019-03-16 20:00:00+00:00,0,0.0,20,5,3,1
2019-03-16 21:00:00+00:00,0,0.0,21,5,3,1
2019-03-16 22:00:00+00:00,3,25.598,22,5,3,1
2019-03-16 23:00:00+00:00,0,0.0,23,5,3,1
2019-03-17 00:00:00+00:00,1,4.689,0,6,3,1
2019-03-17 01:00:00+00:00,0,0.0,1,6,3,1
2019-03-17 02:00:00+00:00,1,17.442,2,6,3,1
2019-03-17 03:00:00+00:00,2,7.347,3,6,3,1
2019-03-17 04:00:00+00:00,0,0.0,4,6,3,1
2019-03-17 05:00:00+00:00,0,0.0,5,6,3,1
2019-03-17 06:00:00+00:00,0,0.0,6,6,3,1
2019-03-17 07:00:00+00:00,1,24.731,7,6,3,1
2019-03-17 08:00:00+00:00,0,0.0,8,6,3,1
2019-03-17 09:00:00+00:00,0,0.0,9,6,3,1
2019-03-17 10:00:00+00:00,0,0.0,10,6,3,1
2019-03-17 11:00:00+00:00,0,0.0,11,6,3,1
2019-03-17 12:00:00+00:00,0,0.0,12,6,3,1
2019-03-17 13:00:00+00:00,0,0.0,13,6,3,1
2019-03-17 14:00:00+00:00,0,0.0,14,6,3,1
2019-03-17 15:00:00+00:00,1,5.472,15,6,3,1
2019-03-17 16:00:00+00:00,2,45.76,16,6,3,1
2019-03-17 17:00:00+00:00,1,2.766,17,6,3,1
2019-03-17 18:00:00+00:00,2,7.976999999999999,18,6,3,1
2019-03-17 19:00:00+00:00,1,6.287,19,6,3,1
2019-03-17 20:00:00+00:00,2,14.878,20,6,3,1
2019-03-17 21:00:00+00:00,0,0.0,21,6,3,1
2019-03-17 22:00:00+00:00,1,6.234,22,6,3,1
2019-03-17 23:00:00+00:00,0,0.0,23,6,3,1
2019-03-18 00:00:00+00:00,0,0.0,0,0,3,0
2019-03-18 01:00:00+00:00,1,7.32,1,0,3,0
2019-03-18 02:00:00+00:00,2,49.138,2,0,3,0
2019-03-18 03:00:00+00:00,0,0.0,3,0,3,0
2019-03-18 04:00:00+00:00,0,0.0,4,0,3,0
2019-03-18 05:00:00+00:00,1,15.399,5,0,3,0
2019-03-18 06:00:00+00:00,0,0.0,6,0,3,0
2019-03-18 07:00:00+00:00,0,0.0,7,0,3,0
2019-03-18 08:00:00+00:00,0,0.0,8,0,3,0
2019-03-18 09:00:00+00:00,0,0.0,9,0,3,0
2019-03-18 10:00:00+00:00,0,0.0,10,0,3,0
2019-03-18 11:00:00+00:00,0,0.0,11,0,3,0
2019-03-18 12:00:00+00:00,1,0.751,12,0,3,0
2019-03-18 13:00:00+00:00,1,4.092,13,0,3,0
2019-03-18 14:00:00+00:00,4,77.925,14,0,3,0
2019-03-18 15:00:00+00:00,7,91.111,15,0,3,0
2019-03-18 16:00:00+00:00,5,48.19,16,0,3,0
2019-03-18 17:00:00+00:00,5,44.3,17,0,3,0
2019-03-18 18:00:00+00:00,2,20.23,18,0,3,0
2019-03-18 19:00:00+00:00,4,19.606,19,0,3,0
2019-03-18 20:00:00+00:00,1,2.377,20,0,3,0
2019-03-18 21:00:00+00:00,3,11.824,21,0,3,0
2019-03-18 22:00:00+00:00,1,3.355,22,0,3,0
2019-03-18 23:00:00+00:00,2,8.614,23,0,3,0
2019-03-19 00:00:00+00:00,0,0.0,0,1,3,0
2019-03-19 01:00:00+00:00,1,7.869,1,1,3,0
2019-03-19 02:00:00+00:00,3,20.384,2,1,3,0
2019-03-19 03:00:00+00:00,1,15.651,3,1,3,0
2019-03-19 04:00:00+00:00,1,31.643,4,1,3,0
2019-03-19 05:00:00+00:00,1,42.379,5,1,3,0
2019-03-19 06:00:00+00:00,0,0.0,6,1,3,0
2019-03-19 07:00:00+00:00,1,6.339,7,1,3,0
2019-03-19 08:00:00+00:00,0,0.0,8,1,3,0
2019-03-19 09:00:00+00:00,0,0.0,9,1,3,0
2019-03-19 10:00:00+00:00,0,0.0,10,1,3,0
2019-03-19 11:00:00+00:00,0,0.0,11,1,3,0
2019-03-19 12:00:00+00:00,0,0.0,12,1,3,0
2019-03-19 13:00:00+00:00,1,15.738,13,1,3,0
2019-03-19 14:00:00+00:00,2,8.813,14,1,3,0
2019-03-19 15:00:00+00:00,11,98.311,15,1,3,0
2019-03-19 16:00:00+00:00,5,67.039,16,1,3,0
2019-03-19 17:00:00+00:00,5,42.304,17,1,3,0
2019-03-19 18:00:00+00:00,4,19.183,18,1,3,0
2019-03-19 19:00:00+00:00,2,33.281,19,1,3,0
2019-03-19 20:00:00+00:00,2,7.715,20,1,3,0
2019-03-19 21:00:00+00:00,0,0.0,21,1,3,0
2019-03-19 22:00:00+00:00,0,0.0,22,1,3,0
2019-03-19 23:00:00+00:00,1,2.134,23,1,3,0
2019-03-20 00:00:00+00:00,1,5.657,0,2,3,0
2019-03-20 01:00:00+00:00,1,1.499,1,2,3,0
2019-03-20 02:00:00+00:00,1,9.835,2,2,3,0
2019-03-20 03:00:00+00:00,2,19.28,3,2,3,0
2019-03-20 04:00:00+00:00,0,0.0,4,2,3,0
2019-03-20 05:00:00+00:00,1,6.447,5,2,3,0
2019-03-20 06:00:00+00:00,0,0.0,6,2,3,0
2019-03-20 07:00:00+00:00,0,0.0,7,2,3,0
2019-03-20 08:00:00+00:00,0,0.0,8,2,3,0
2019-03-20 09:00:00+00:00,0,0.0,9,2,3,0
2019-03-20 10:00:00+00:00,0,0.0,10,2,3,0
2019-03-20 11:00:00+00:00,0,0.0,11,2,3,0
2019-03-20 12:00:00+00:00,0,0.0,12,2,3,0
2019-03-20 13:00:00+00:00,3,23.135,13,2,3,0
2019-03-20 14:00:00+00:00,0,0.0,14,2,3,0
2019-03-20 15:00:00+00:00,12,100.005,15,2,3,0
2019-03-20 16:00:00+00:00,7,48.43,16,2,3,0
2019-03-20 17:00:00+00:00,1,7.879,17,2,3,0
2019-03-20 18:00:00+00:00,3,20.9,18,2,3,0
2019-03-20 19:00:00+00:00,5,21.112,19,2,3,0
2019-03-20 20:00:00+00:00,6,9.251,20,2,3,0
2019-03-20 21:00:00+00:00,0,0.0,21,2,3,0
2019-03-20 22:00:00+00:00,2,12.829,22,2,3,0
2019-03-20 23:00:00+00:00,1,4.819,23,2,3,0
2019-03-21 00:00:00+00:00,2,4.711,0,3,3,0
2019-03-21 01:00:00+00:00,2,9.719,1,3,3,0
2019-03-21 02:00:00+00:00,5,40.553,2,3,3,0
2019-03-21 03:00:00+00:00,2,24.944,3,3,3,0
2019-03-21 04:00:00+00:00,2,60.690000000000005,4,3,3,0
2019-03-21 05:00:00+00:00,0,0.0,5,3,3,0
2019-03-21 06:00:00+00:00,0,0.0,6,3,3,0
2019-03-21 07:00:00+00:00,0,0.0,7,3,3,0
2019-03-21 08:00:00+00:00,0,0.0,8,3,3,0
2019-03-21 09:00:00+00:00,0,0.0,9,3,3,0
2019-03-21 10:00:00+00:00,0,0.0,10,3,3,0
2019-03-21 11:00:00+00:00,0,0.0,11,3,3,0
2019-03-21 12:00:00+00:00,0,0.0,12,3,3,0
2019-03-21 13:00:00+00:00,1,4.376,13,3,3,0
2019-03-21 14:00:00+00:00,1,5.902,14,3,3,0
2019-03-21 15:00:00+00:00,10,96.13,15,3,3,0
2019-03-21 16:00:00+00:00,4,25.749,16,3,3,0
2019-03-21 17:00:00+00:00,4,42.347,17,3,3,0
2019-03-21 18:00:00+00:00,3,44.113,18,3,3,0
2019-03-21 19:00:00+00:00,1,14.445,19,3,3,0
2019-03-21 20:00:00+00:00,3,26.303,20,3,3,0
2019-03-21 21:00:00+00:00,1,0.5125373357225498,21,3,3,0
2019-03-21 22:00:00+00:00,1,15.639,22,3,3,0
2019-03-21 23:00:00+00:00,0,0.0,23,3,3,0
2019-03-22 00:00:00+00:00,2,11.848,0,4,3,0
2019-03-22 01:00:00+00:00,0,0.0,1,4,3,0
2019-03-22 02:00:00+00:00,1,11.13,2,4,3,0
2019-03-22 03:00:00+00:00,2,39.42,3,4,3,0
2019-03-22 04:00:00+00:00,0,0.0,4,4,3,0
2019-03-22 05:00:00+00:00,0,0.0,5,4,3,0
2019-03-22 06:00:00+00:00,0,0.0,6,4,3,0
2019-03-22 07:00:00+00:00,0,0.0,7,4,3,0
2019-03-22 08:00:00+00:00,0,0.0,8,4,3,0
2019-03-22 09:00:00+00:00,0,0.0,9,4,3,0
2019-03-22 10:00:00+00:00,0,0.0,10,4,3,0
2019-03-22 11:00:00+00:00,0,0.0,11,4,3,0
2019-03-22 12:00:00+00:00,0,0.0,12,4,3,0
2019-03-22 13:00:00+00:00,1,22.773,13,4,3,0
2019-03-22 14:00:00+00:00,0,0.0,14,4,3,0
2019-03-22 15:00:00+00:00,9,82.562,15,4,3,0
2019-03-22 16:00:00+00:00,6,57.148,16,4,3,0
2019-03-22 17:00:00+00:00,3,36.998999999999995,17,4,3,0
2019-03-22 18:00:00+00:00,3,36.374,18,4,3,0
2019-03-22 19:00:00+00:00,2,10.423,19,4,3,0
2019-03-22 20:00:00+00:00,2,2.882,20,4,3,0
2019-03-22 21:00:00+00:00,3,64.08500000000001,21,4,3,0
2019-03-22 22:00:00+00:00,0,0.0,22,4,3,0
2019-03-22 23:00:00+00:00,0,0.0,23,4,3,0
2019-03-23 00:00:00+00:00,0,0.0,0,5,3,1
2019-03-23 01:00:00+00:00,0,0.0,1,5,3,1
2019-03-23 02:00:00+00:00,1,43.507,2,5,3,1
2019-03-23 03:00:00+00:00,0,0.0,3,5,3,1
2019-03-23 04:00:00+00:00,0,0.0,4,5,3,1
2019-03-23 05:00:00+00:00,0,0.0,5,5,3,1
2019-03-23 06:00:00+00:00,0,0.0,6,5,3,1
2019-03-23 07:00:00+00:00,0,0.0,7,5,3,1
2019-03-23 08:00:00+00:00,0,0.0,8,5,3,1
2019-03-23 09:00:00+00:00,0,0.0,9,5,3,1
2019-03-23 10:00:00+00:00,0,0.0,10,5,3,1
2019-03-23 11:00:00+00:00,0,0.0,11,5,3,1
2019-03-23 12:00:00+00:00,0,0.0,12,5,3,1
2019-03-23 13:00:00+00:00,0,0.0,13,5,3,1
2019-03-23 14:00:00+00:00,1,10.409,14,5,3,1
2019-03-23 15:00:00+00:00,3,9.995,15,5,3,1
2019-03-23 16:00:00+00:00,0,0.0,16,5,3,1
2019-03-23 17:00:00+00:00,2,15.951999999999998,17,5,3,1
2019-03-23 18:00:00+00:00,1,1.37,18,5,3,1
2019-03-23 19:00:00+00:00,2,12.153,19,5,3,1
2019-03-23 20:00:00+00:00,2,28.975,20,5,3,1
2019-03-23 21:00:00+00:00,0,0.0,21,5,3,1
2019-03-23 22:00:00+00:00,1,3.53,22,5,3,1
2019-03-23 23:00:00+00:00,2,13.544,23,5,3,1
2019-03-24 00:00:00+00:00,0,0.0,0,6,3,1
2019-03-24 01:00:00+00:00,1,10.855,1,6,3,1
2019-03-24 02:00:00+00:00,0,0.0,2,6,3,1
2019-03-24 03:00:00+00:00,0,0.0,3,6,3,1
2019-03-24 04:00:00+00:00,1,5.527,4,6,3,1
2019-03-24 05:00:00+00:00,1,15.683,5,6,3,1
2019-03-24 06:00:00+00:00,0,0.0,6,6,3,1
2019-03-24 07:00:00+00:00,0,0.0,7,6,3,1
2019-03-24 08:00:00+00:00,0,0.0,8,6,3,1
2019-03-24 09:00:00+00:00,0,0.0,9,6,3,1
2019-03-24 10:00:00+00:00,0,0.0,10,6,3,1
2019-03-24 11:00:00+00:00,0,0.0,11,6,3,1
2019-03-24 12:00:00+00:00,0,0.0,12,6,3,1
2019-03-24 13:00:00+00:00,0,0.0,13,6,3,1
2019-03-24 14:00:00+00:00,0,0.0,14,6,3,1
2019-03-24 15:00:00+00:00,1,12.35,15,6,3,1
2019-03-24 16:00:00+00:00,0,0.0,16,6,3,1
2019-03-24 17:00:00+00:00,0,0.0,17,6,3,1
2019-03-24 18:00:00+00:00,2,13.234,18,6,3,1
2019-03-24 19:00:00+00:00,3,39.998,19,6,3,1
2019-03-24 20:00:00+00:00,1,7.278,20,6,3,1
2019-03-24 21:00:00+00:00,0,0.0,21,6,3,1
2019-03-24 22:00:00+00:00,1,13.364,22,6,3,1
2019-03-24 23:00:00+00:00,1,33.928,23,6,3,1
2019-03-25 00:00:00+00:00,0,0.0,0,0,3,0
2019-03-25 01:00:00+00:00,0,0.0,1,0,3,0
2019-03-25 02:00:00+00:00,1,14.797,2,0,3,0
2019-03-25 03:00:00+00:00,0,0.0,3,0,3,0
2019-03-25 04:00:00+00:00,0,0.0,4,0,3,0
2019-03-25 05:00:00+00:00,0,0.0,5,0,3,0
2019-03-25 06:00:00+00:00,0,0.0,6,0,3,0
2019-03-25 07:00:00+00:00,0,0.0,7,0,3,0
2019-03-25 08:00:00+00:00,0,0.0,8,0,3,0
2019-03-25 09:00:00+00:00,0,0.0,9,0,3,0
2019-03-25 10:00:00+00:00,0,0.0,10,0,3,0
2019-03-25 11:00:00+00:00,0,0.0,11,0,3,0
2019-03-25 12:00:00+00:00,0,0.0,12,0,3,0
2019-03-25 13:00:00+00:00,2,33.86,13,0,3,0
2019-03-25 14:00:00+00:00,2,21.677,14,0,3,0
2019-03-25 15:00:00+00:00,7,121.218,15,0,3,0
2019-03-25 16:00:00+00:00,5,35.176,16,0,3,0
2019-03-25 17:00:00+00:00,3,34.323,17,0,3,0
2019-03-25 18:00:00+00:00,1,4.678,18,0,3,0
2019-03-25 19:00:00+00:00,0,0.0,19,0,3,0
2019-03-25 20:00:00+00:00,1,1.118,20,0,3,0
2019-03-25 21:00:00+00:00,0,0.0,21,0,3,0
2019-03-25 22:00:00+00:00,0,0.0,22,0,3,0
2019-03-25 23:00:00+00:00,2,6.3229999999999995,23,0,3,0
2019-03-26 00:00:00+00:00,1,0.888,0,1,3,0
2019-03-26 01:00:00+00:00,4,30.573,1,1,3,0
2019-03-26 02:00:00+00:00,0,0.0,2,1,3,0
2019-03-26 03:00:00+00:00,0,0.0,3,1,3,0
2019-03-26 04:00:00+00:00,2,41.406,4,1,3,0
2019-03-26 05:00:00+00:00,0,0.0,5,1,3,0
2019-03-26 06:00:00+00:00,0,0.0,6,1,3,0
2019-03-26 07:00:00+00:00,0,0.0,7,1,3,0
2019-03-26 08:00:00+00:00,0,0.0,8,1,3,0
2019-03-26 09:00:00+00:00,0,0.0,9,1,3,0
2019-03-26 10:00:00+00:00,0,0.0,10,1,3,0
2019-03-26 11:00:00+00:00,0,0.0,11,1,3,0
2019-03-26 12:00:00+00:00,0,0.0,12,1,3,0
2019-03-26 13:00:00+00:00,1,14.162,13,1,3,0
2019-03-26 14:00:00+00:00,2,15.815,14,1,3,0
2019-03-26 15:00:00+00:00,11,74.361,15,1,3,0
2019-03-26 16:00:00+00:00,6,79.757,16,1,3,0
2019-03-26 17:00:00+00:00,4,41.542,17,1,3,0
2019-03-26 18:00:00+00:00,4,12.212,18,1,3,0
2019-03-26 19:00:00+00:00,2,7.321,19,1,3,0
2019-03-26 20:00:00+00:00,2,10.666,20,1,3,0
2019-03-26 21:00:00+00:00,0,0.0,21,1,3,0
2019-03-26 22:00:00+00:00,1,0.744,22,1,3,0
2019-03-26 23:00:00+00:00,1,0.896,23,1,3,0
2019-03-27 00:00:00+00:00,1,4.178,0,2,3,0
2019-03-27 01:00:00+00:00,1,3.222,1,2,3,0
2019-03-27 02:00:00+00:00,1,8.431,2,2,3,0
2019-03-27 03:00:00+00:00,2,18.808999999999997,3,2,3,0
2019-03-27 04:00:00+00:00,3,59.083,4,2,3,0
2019-03-27 05:00:00+00:00,0,0.0,5,2,3,0
2019-03-27 06:00:00+00:00,0,0.0,6,2,3,0
2019-03-27 07:00:00+00:00,0,0.0,7,2,3,0
2019-03-27 08:00:00+00:00,0,0.0,8,2,3,0
2019-03-27 09:00:00+00:00,0,0.0,9,2,3,0
2019-03-27 10:00:00+00:00,0,0.0,10,2,3,0
2019-03-27 11:00:00+00:00,0,0.0,11,2,3,0
2019-03-27 12:00:00+00:00,0,0.0,12,2,3,0
2019-03-27 13:00:00+00:00,1,17.082,13,2,3,0
2019-03-27 14:00:00+00:00,2,9.641,14,2,3,0
2019-03-27 15:00:00+00:00,7,64.90599999999999,15,2,3,0
2019-03-27 16:00:00+00:00,5,86.925,16,2,3,0
2019-03-27 17:00:00+00:00,5,43.583,17,2,3,0
2019-03-27 18:00:00+00:00,3,23.515,18,2,3,0
2019-03-27 19:00:00+00:00,3,9.232,19,2,3,0
2019-03-27 20:00:00+00:00,5,35.95,20,2,3,0
2019-03-27 21:00:00+00:00,0,0.0,21,2,3,0
2019-03-27 22:00:00+00:00,1,10.186,22,2,3,0
2019-03-27 23:00:00+00:00,2,18.071,23,2,3,0
2019-03-28 00:00:00+00:00,3,24.891,0,3,3,0
2019-03-28 01:00:00+00:00,2,7.807,1,3,3,0
2019-03-28 02:00:00+00:00,1,13.322,2,3,3,0
2019-03-28 03:00:00+00:00,1,3.378,3,3,3,0
2019-03-28 04:00:00+00:00,0,0.0,4,3,3,0
2019-03-28 05:00:00+00:00,1,43.705,5,3,3,0
2019-03-28 06:00:00+00:00,0,0.0,6,3,3,0
2019-03-28 07:00:00+00:00,0,0.0,7,3,3,0
2019-03-28 08:00:00+00:00,0,0.0,8,3,3,0
2019-03-28 09:00:00+00:00,0,0.0,9,3,3,0
2019-03-28 10:00:00+00:00,0,0.0,10,3,3,0
2019-03-28 11:00:00+00:00,0,0.0,11,3,3,0
2019-03-28 12:00:00+00:00,0,0.0,12,3,3,0
2019-03-28 13:00:00+00:00,2,21.971,13,3,3,0
2019-03-28 14:00:00+00:00,4,18.084,14,3,3,0
2019-03-28 15:00:00+00:00,6,92.923,15,3,3,0
2019-03-28 16:00:00+00:00,8,74.665,16,3,3,0
2019-03-28 17:00:00+00:00,5,50.559,17,3,3,0
2019-03-28 18:00:00+00:00,1,0.877,18,3,3,0
2019-03-28 19:00:00+00:00,4,10.355,19,3,3,0
2019-03-28 20:00:00+00:00,4,6.595,20,3,3,0
2019-03-28 21:00:00+00:00,2,2.966,21,3,3,0
2019-03-28 22:00:00+00:00,0,0.0,22,3,3,0
2019-03-28 23:00:00+00:00,2,19.132,23,3,3,0
2019-03-29 00:00:00+00:00,1,0.844,0,4,3,0
2019-03-29 01:00:00+00:00,1,3.723,1,4,3,0
2019-03-29 02:00:00+00:00,1,11.454,2,4,3,0
2019-03-29 03:00:00+00:00,0,0.0,3,4,3,0
2019-03-29 04:00:00+00:00,0,0.0,4,4,3,0
2019-03-29 05:00:00+00:00,0,0.0,5,4,3,0
2019-03-29 06:00:00+00:00,0,0.0,6,4,3,0
2019-03-29 07:00:00+00:00,0,0.0,7,4,3,0
2019-03-29 08:00:00+00:00,0,0.0,8,4,3,0
2019-03-29 09:00:00+00:00,0,0.0,9,4,3,0
2019-03-29 10:00:00+00:00,0,0.0,10,4,3,0
2019-03-29 11:00:00+00:00,0,0.0,11,4,3,0
2019-03-29 12:00:00+00:00,0,0.0,12,4,3,0
2019-03-29 13:00:00+00:00,2,21.61,13,4,3,0
2019-03-29 14:00:00+00:00,1,3.955,14,4,3,0
2019-03-29 15:00:00+00:00,6,48.55,15,4,3,0
2019-03-29 16:00:00+00:00,7,76.085,16,4,3,0
2019-03-29 17:00:00+00:00,3,22.622,17,4,3,0
2019-03-29 18:00:00+00:00,2,13.793,18,4,3,0
2019-03-29 19:00:00+00:00,2,6.663,19,4,3,0
2019-03-29 20:00:00+00:00,5,27.049,20,4,3,0
2019-03-29 21:00:00+00:00,0,0.0,21,4,3,0
2019-03-29 22:00:00+00:00,2,13.219,22,4,3,0
2019-03-29 23:00:00+00:00,0,0.0,23,4,3,0
2019-03-30 00:00:00+00:00,4,25.327,0,5,3,1
2019-03-30 01:00:00+00:00,0,0.0,1,5,3,1
2019-03-30 02:00:00+00:00,0,0.0,2,5,3,1
2019-03-30 03:00:00+00:00,0,0.0,3,5,3,1
2019-03-30 04:00:00+00:00,2,53.38,4,5,3,1
2019-03-30 05:00:00+00:00,0,0.0,5,5,3,1
2019-03-30 06:00:00+00:00,0,0.0,6,5,3,1
2019-03-30 07:00:00+00:00,0,0.0,7,5,3,1
2019-03-30 08:00:00+00:00,0,0.0,8,5,3,1
2019-03-30 09:00:00+00:00,0,0.0,9,5,3,1
2019-03-30 10:00:00+00:00,0,0.0,10,5,3,1
2019-03-30 11:00:00+00:00,0,0.0,11,5,3,1
2019-03-30 12:00:00+00:00,0,0.0,12,5,3,1
2019-03-30 13:00:00+00:00,0,0.0,13,5,3,1
2019-03-30 14:00:00+00:00,0,0.0,14,5,3,1
2019-03-30 15:00:00+00:00,2,10.981,15,5,3,1
2019-03-30 16:00:00+00:00,1,16.322,16,5,3,1
2019-03-30 17:00:00+00:00,3,37.825,17,5,3,1
2019-03-30 18:00:00+00:00,0,0.0,18,5,3,1
2019-03-30 19:00:00+00:00,1,38.284,19,5,3,1
2019-03-30 20:00:00+00:00,1,5.346,20,5,3,1
2019-03-30 21:00:00+00:00,0,0.0,21,5,3,1
2019-03-30 22:00:00+00:00,1,3.684,22,5,3,1
2019-03-30 23:00:00+00:00,0,0.0,23,5,3,1
2019-03-31 00:00:00+00:00,2,19.407,0,6,3,1
2019-03-31 01:00:00+00:00,0,0.0,1,6,3,1
2019-03-31 02:00:00+00:00,1,0.87,2,6,3,1
2019-03-31 03:00:00+00:00,0,0.0,3,6,3,1
2019-03-31 04:00:00+00:00,0,0.0,4,6,3,1
2019-03-31 05:00:00+00:00,0,0.0,5,6,3,1
2019-03-31 06:00:00+00:00,0,0.0,6,6,3,1
2019-03-31 07:00:00+00:00,1,17.602,7,6,3,1
2019-03-31 08:00:00+00:00,0,0.0,8,6,3,1
2019-03-31 09:00:00+00:00,0,0.0,9,6,3,1
2019-03-31 10:00:00+00:00,0,0.0,10,6,3,1
2019-03-31 11:00:00+00:00,0,0.0,11,6,3,1
2019-03-31 12:00:00+00:00,0,0.0,12,6,3,1
2019-03-31 13:00:00+00:00,0,0.0,13,6,3,1
2019-03-31 14:00:00+00:00,0,0.0,14,6,3,1
2019-03-31 15:00:00+00:00,1,4.23,15,6,3,1
2019-03-31 16:00:00+00:00,1,3.079,16,6,3,1
2019-03-31 17:00:00+00:00,0,0.0,17,6,3,1
2019-03-31 18:00:00+00:00,1,3.076,18,6,3,1
2019-03-31 19:00:00+00:00,1,6.219,19,6,3,1
2019-03-31 20:00:00+00:00,0,0.0,20,6,3,1
2019-03-31 21:00:00+00:00,1,0.562,21,6,3,1
2019-03-31 22:00:00+00:00,0,0.0,22,6,3,1
2019-03-31 23:00:00+00:00,3,9.16,23,6,3,1
2019-04-01 00:00:00+00:00,0,0.0,0,0,4,0
2019-04-01 01:00:00+00:00,0,0.0,1,0,4,0
2019-04-01 02:00:00+00:00,2,9.263,2,0,4,0
2019-04-01 03:00:00+00:00,0,0.0,3,0,4,0
2019-04-01 04:00:00+00:00,1,43.699,4,0,4,0
2019-04-01 05:00:00+00:00,0,0.0,5,0,4,0
2019-04-01 06:00:00+00:00,0,0.0,6,0,4,0
2019-04-01 07:00:00+00:00,0,0.0,7,0,4,0
2019-04-01 08:00:00+00:00,0,0.0,8,0,4,0
2019-04-01 09:00:00+00:00,0,0.0,9,0,4,0
2019-04-01 10:00:00+00:00,0,0.0,10,0,4,0
2019-04-01 11:00:00+00:00,0,0.0,11,0,4,0
2019-04-01 12:00:00+00:00,0,0.0,12,0,4,0
2019-04-01 13:00:00+00:00,1,19.19,13,0,4,0
2019-04-01 14:00:00+00:00,1,9.832,14,0,4,0
2019-04-01 15:00:00+00:00,4,43.11,15,0,4,0
2019-04-01 16:00:00+00:00,13,133.684,16,0,4,0
2019-04-01 17:00:00+00:00,1,0.814,17,0,4,0
2019-04-01 18:00:00+00:00,2,3.436,18,0,4,0
2019-04-01 19:00:00+00:00,3,10.895,19,0,4,0
2019-04-01 20:00:00+00:00,3,18.777,20,0,4,0
2019-04-01 21:00:00+00:00,4,21.564,21,0,4,0
2019-04-01 22:00:00+00:00,1,11.352,22,0,4,0
2019-04-01 23:00:00+00:00,0,0.0,23,0,4,0
2019-04-02 00:00:00+00:00,0,0.0,0,1,4,0
2019-04-02 01:00:00+00:00,4,28.686,1,1,4,0
2019-04-02 02:00:00+00:00,0,0.0,2,1,4,0
2019-04-02 03:00:00+00:00,0,0.0,3,1,4,0
2019-04-02 04:00:00+00:00,1,11.778,4,1,4,0
2019-04-02 05:00:00+00:00,0,0.0,5,1,4,0
2019-04-02 06:00:00+00:00,0,0.0,6,1,4,0
2019-04-02 07:00:00+00:00,0,0.0,7,1,4,0
2019-04-02 08:00:00+00:00,0,0.0,8,1,4,0
2019-04-02 09:00:00+00:00,0,0.0,9,1,4,0
2019-04-02 10:00:00+00:00,0,0.0,10,1,4,0
2019-04-02 11:00:00+00:00,0,0.0,11,1,4,0
2019-04-02 12:00:00+00:00,0,0.0,12,1,4,0
2019-04-02 13:00:00+00:00,2,31.397,13,1,4,0
2019-04-02 14:00:00+00:00,1,18.808,14,1,4,0
2019-04-02 15:00:00+00:00,9,67.331,15,1,4,0
2019-04-02 16:00:00+00:00,4,15.447,16,1,4,0
2019-04-02 17:00:00+00:00,4,64.94900000000001,17,1,4,0
2019-04-02 18:00:00+00:00,5,20.017,18,1,4,0
2019-04-02 19:00:00+00:00,4,15.323,19,1,4,0
2019-04-02 20:00:00+00:00,4,23.988,20,1,4,0
2019-04-02 21:00:00+00:00,1,9.328,21,1,4,0
2019-04-02 22:00:00+00:00,0,0.0,22,1,4,0
2019-04-02 23:00:00+00:00,4,15.235,23,1,4,0
2019-04-03 00:00:00+00:00,0,0.0,0,2,4,0
2019-04-03 01:00:00+00:00,3,23.725,1,2,4,0
2019-04-03 02:00:00+00:00,3,23.624,2,2,4,0
2019-04-03 03:00:00+00:00,1,8.915,3,2,4,0
2019-04-03 04:00:00+00:00,0,0.0,4,2,4,0
2019-04-03 05:00:00+00:00,1,53.779,5,2,4,0
2019-04-03 06:00:00+00:00,1,19.829,6,2,4,0
2019-04-03 07:00:00+00:00,0,0.0,7,2,4,0
2019-04-03 08:00:00+00:00,0,0.0,8,2,4,0
2019-04-03 09:00:00+00:00,0,0.0,9,2,4,0
2019-04-03 10:00:00+00:00,0,0.0,10,2,4,0
2019-04-03 11:00:00+00:00,0,0.0,11,2,4,0
2019-04-03 12:00:00+00:00,0,0.0,12,2,4,0
2019-04-03 13:00:00+00:00,1,18.098,13,2,4,0
2019-04-03 14:00:00+00:00,2,17.939999999999998,14,2,4,0
2019-04-03 15:00:00+00:00,9,64.597,15,2,4,0
2019-04-03 16:00:00+00:00,4,36.097,16,2,4,0
2019-04-03 17:00:00+00:00,3,20.502,17,2,4,0
2019-04-03 18:00:00+00:00,1,29.878,18,2,4,0
2019-04-03 19:00:00+00:00,2,5.391,19,2,4,0
2019-04-03 20:00:00+00:00,1,2.037,20,2,4,0
2019-04-03 21:00:00+00:00,1,4.738,21,2,4,0
2019-04-03 22:00:00+00:00,1,3.311,22,2,4,0
2019-04-03 23:00:00+00:00,1,4.623,23,2,4,0
2019-04-04 00:00:00+00:00,3,8.713,0,3,4,0
2019-04-04 01:00:00+00:00,0,0.0,1,3,4,0
2019-04-04 02:00:00+00:00,1,9.453,2,3,4,0
2019-04-04 03:00:00+00:00,1,10.834,3,3,4,0
2019-04-04 04:00:00+00:00,0,0.0,4,3,4,0
2019-04-04 05:00:00+00:00,1,15.456,5,3,4,0
2019-04-04 06:00:00+00:00,0,0.0,6,3,4,0
2019-04-04 07:00:00+00:00,0,0.0,7,3,4,0
2019-04-04 08:00:00+00:00,0,0.0,8,3,4,0
2019-04-04 09:00:00+00:00,0,0.0,9,3,4,0
2019-04-04 10:00:00+00:00,0,0.0,10,3,4,0
2019-04-04 11:00:00+00:00,0,0.0,11,3,4,0
2019-04-04 12:00:00+00:00,0,0.0,12,3,4,0
2019-04-04 13:00:00+00:00,0,0.0,13,3,4,0
2019-04-04 14:00:00+00:00,2,11.766,14,3,4,0
2019-04-04 15:00:00+00:00,8,54.384,15,3,4,0
2019-04-04 16:00:00+00:00,4,28.823,16,3,4,0
2019-04-04 17:00:00+00:00,6,35.044999999999995,17,3,4,0
2019-04-04 18:00:00+00:00,1,1.922,18,3,4,0
2019-04-04 19:00:00+00:00,6,35.678,19,3,4,0
2019-04-04 20:00:00+00:00,4,13.467,20,3,4,0
2019-04-04 21:00:00+00:00,3,26.868,21,3,4,0
2019-04-04 22:00:00+00:00,2,18.055,22,3,4,0
2019-04-04 23:00:00+00:00,1,15.671,23,3,4,0
2019-04-05 00:00:00+00:00,1,14.687,0,4,4,0
2019-04-05 01:00:00+00:00,0,0.0,1,4,4,0
2019-04-05 02:00:00+00:00,1,4.302,2,4,4,0
2019-04-05 03:00:00+00:00,1,8.218,3,4,4,0
2019-04-05 04:00:00+00:00,1,0.887,4,4,4,0
2019-04-05 05:00:00+00:00,0,0.0,5,4,4,0
2019-04-05 06:00:00+00:00,0,0.0,6,4,4,0
2019-04-05 07:00:00+00:00,0,0.0,7,4,4,0
2019-04-05 08:00:00+00:00,0,0.0,8,4,4,0
2019-04-05 09:00:00+00:00,0,0.0,9,4,4,0
2019-04-05 10:00:00+00:00,0,0.0,10,4,4,0
2019-04-05 11:00:00+00:00,0,0.0,11,4,4,0
2019-04-05 12:00:00+00:00,0,0.0,12,4,4,0
2019-04-05 13:00:00+00:00,1,3.913,13,4,4,0
2019-04-05 14:00:00+00:00,3,26.378,14,4,4,0
2019-04-05 15:00:00+00:00,7,107.21,15,4,4,0
2019-04-05 16:00:00+00:00,3,15.15,16,4,4,0
2019-04-05 17:00:00+00:00,5,53.649,17,4,4,0
2019-04-05 18:00:00+00:00,3,22.19,18,4,4,0
2019-04-05 19:00:00+00:00,3,11.366,19,4,4,0
2019-04-05 20:00:00+00:00,1,0.816,20,4,4,0
2019-04-05 21:00:00+00:00,2,19.649,21,4,4,0
2019-04-05 22:00:00+00:00,0,0.0,22,4,4,0
2019-04-05 23:00:00+00:00,2,6.503,23,4,4,0
2019-04-06 00:00:00+00:00,1,11.343,0,5,4,1
2019-04-06 01:00:00+00:00,0,0.0,1,5,4,1
2019-04-06 02:00:00+00:00,1,15.215,2,5,4,1
2019-04-06 03:00:00+00:00,0,0.0,3,5,4,1
2019-04-06 04:00:00+00:00,0,0.0,4,5,4,1
2019-04-06 05:00:00+00:00,1,14.022,5,5,4,1
2019-04-06 06:00:00+00:00,0,0.0,6,5,4,1
2019-04-06 07:00:00+00:00,0,0.0,7,5,4,1
2019-04-06 08:00:00+00:00,0,0.0,8,5,4,1
2019-04-06 09:00:00+00:00,0,0.0,9,5,4,1
2019-04-06 10:00:00+00:00,0,0.0,10,5,4,1
2019-04-06 11:00:00+00:00,0,0.0,11,5,4,1
2019-04-06 12:00:00+00:00,0,0.0,12,5,4,1
2019-04-06 13:00:00+00:00,0,0.0,13,5,4,1
2019-04-06 14:00:00+00:00,3,18.807,14,5,4,1
2019-04-06 15:00:00+00:00,2,4.911,15,5,4,1
2019-04-06 16:00:00+00:00,2,12.102,16,5,4,1
2019-04-06 17:00:00+00:00,1,7.878,17,5,4,1
2019-04-06 18:00:00+00:00,1,0.915,18,5,4,1
2019-04-06 19:00:00+00:00,2,5.510000000000001,19,5,4,1
2019-04-06 20:00:00+00:00,2,12.809,20,5,4,1
2019-04-06 21:00:00+00:00,1,3.918,21,5,4,1
2019-04-06 22:00:00+00:00,2,11.413,22,5,4,1
2019-04-06 23:00:00+00:00,2,16.454,23,5,4,1
2019-04-07 00:00:00+00:00,1,26.323,0,6,4,1
2019-04-07 01:00:00+00:00,2,11.416,1,6,4,1
2019-04-07 02:00:00+00:00,1,29.002,2,6,4,1
2019-04-07 03:00:00+00:00,1,8.194,3,6,4,1
2019-04-07 04:00:00+00:00,0,0.0,4,6,4,1
2019-04-07 05:00:00+00:00,0,0.0,5,6,4,1
2019-04-07 06:00:00+00:00,0,0.0,6,6,4,1
2019-04-07 07:00:00+00:00,0,0.0,7,6,4,1
2019-04-07 08:00:00+00:00,0,0.0,8,6,4,1
2019-04-07 09:00:00+00:00,0,0.0,9,6,4,1
2019-04-07 10:00:00+00:00,0,0.0,10,6,4,1
2019-04-07 11:00:00+00:00,0,0.0,11,6,4,1
2019-04-07 12:00:00+00:00,0,0.0,12,6,4,1
2019-04-07 13:00:00+00:00,0,0.0,13,6,4,1
2019-04-07 14:00:00+00:00,0,0.0,14,6,4,1
2019-04-07 15:00:00+00:00,1,5.205,15,6,4,1
2019-04-07 16:00:00+00:00,1,6.881,16,6,4,1
2019-04-07 17:00:00+00:00,2,22.306,17,6,4,1
2019-04-07 18:00:00+00:00,1,0.953,18,6,4,1
2019-04-07 19:00:00+00:00,1,5.95,19,6,4,1
2019-04-07 20:00:00+00:00,1,8.526,20,6,4,1
2019-04-07 21:00:00+00:00,0,0.0,21,6,4,1
2019-04-07 22:00:00+00:00,1,14.642,22,6,4,1
2019-04-07 23:00:00+00:00,1,28.512,23,6,4,1
2019-04-08 00:00:00+00:00,1,2.472,0,0,4,0
2019-04-08 01:00:00+00:00,1,15.484,1,0,4,0
2019-04-08 02:00:00+00:00,0,0.0,2,0,4,0
2019-04-08 03:00:00+00:00,1,14.361,3,0,4,0
2019-04-08 04:00:00+00:00,0,0.0,4,0,4,0
2019-04-08 05:00:00+00:00,0,0.0,5,0,4,0
2019-04-08 06:00:00+00:00,0,0.0,6,0,4,0
2019-04-08 07:00:00+00:00,0,0.0,7,0,4,0
2019-04-08 08:00:00+00:00,0,0.0,8,0,4,0
2019-04-08 09:00:00+00:00,0,0.0,9,0,4,0
2019-04-08 10:00:00+00:00,0,0.0,10,0,4,0
2019-04-08 11:00:00+00:00,0,0.0,11,0,4,0
2019-04-08 12:00:00+00:00,0,0.0,12,0,4,0
2019-04-08 13:00:00+00:00,2,19.836,13,0,4,0
2019-04-08 14:00:00+00:00,4,68.57000000000001,14,0,4,0
2019-04-08 15:00:00+00:00,12,139.493,15,0,4,0
2019-04-08 16:00:00+00:00,9,68.584,16,0,4,0
2019-04-08 17:00:00+00:00,7,45.992,17,0,4,0
2019-04-08 18:00:00+00:00,2,24.622,18,0,4,0
2019-04-08 19:00:00+00:00,2,30.982,19,0,4,0
2019-04-08 20:00:00+00:00,2,9.492,20,0,4,0
2019-04-08 21:00:00+00:00,0,0.0,21,0,4,0
2019-04-08 22:00:00+00:00,0,0.0,22,0,4,0
2019-04-08 23:00:00+00:00,3,10.194,23,0,4,0
2019-04-09 00:00:00+00:00,0,0.0,0,1,4,0
2019-04-09 01:00:00+00:00,1,27.997,1,1,4,0
2019-04-09 02:00:00+00:00,0,0.0,2,1,4,0
2019-04-09 03:00:00+00:00,0,0.0,3,1,4,0
2019-04-09 04:00:00+00:00,1,59.796,4,1,4,0
2019-04-09 05:00:00+00:00,0,0.0,5,1,4,0
2019-04-09 06:00:00+00:00,0,0.0,6,1,4,0
2019-04-09 07:00:00+00:00,0,0.0,7,1,4,0
2019-04-09 08:00:00+00:00,0,0.0,8,1,4,0
2019-04-09 09:00:00+00:00,0,0.0,9,1,4,0
2019-04-09 10:00:00+00:00,0,0.0,10,1,4,0
2019-04-09 11:00:00+00:00,0,0.0,11,1,4,0
2019-04-09 12:00:00+00:00,0,0.0,12,1,4,0
2019-04-09 13:00:00+00:00,2,32.662,13,1,4,0
2019-04-09 14:00:00+00:00,4,64.93,14,1,4,0
2019-04-09 15:00:00+00:00,7,57.284,15,1,4,0
2019-04-09 16:00:00+00:00,10,90.026,16,1,4,0
2019-04-09 17:00:00+00:00,9,61.75,17,1,4,0
2019-04-09 18:00:00+00:00,2,28.668999999999997,18,1,4,0
2019-04-09 19:00:00+00:00,1,32.51,19,1,4,0
2019-04-09 20:00:00+00:00,2,8.751999999999999,20,1,4,0
2019-04-09 21:00:00+00:00,2,10.689,21,1,4,0
2019-04-09 22:00:00+00:00,0,0.0,22,1,4,0
2019-04-09 23:00:00+00:00,0,0.0,23,1,4,0
2019-04-10 00:00:00+00:00,1,2.254,0,2,4,0
2019-04-10 01:00:00+00:00,1,5.085,1,2,4,0
2019-04-10 02:00:00+00:00,1,3.251,2,2,4,0
2019-04-10 03:00:00+00:00,2,16.944000000000003,3,2,4,0
2019-04-10 04:00:00+00:00,1,9.621,4,2,4,0
2019-04-10 05:00:00+00:00,0,0.0,5,2,4,0
2019-04-10 06:00:00+00:00,0,0.0,6,2,4,0
2019-04-10 07:00:00+00:00,0,0.0,7,2,4,0
2019-04-10 08:00:00+00:00,0,0.0,8,2,4,0
2019-04-10 09:00:00+00:00,0,0.0,9,2,4,0
2019-04-10 10:00:00+00:00,0,0.0,10,2,4,0
2019-04-10 11:00:00+00:00,0,0.0,11,2,4,0
2019-04-10 12:00:00+00:00,0,0.0,12,2,4,0
2019-04-10 13:00:00+00:00,2,33.935,13,2,4,0
2019-04-10 14:00:00+00:00,2,13.633,14,2,4,0
2019-04-10 15:00:00+00:00,11,94.015,15,2,4,0
2019-04-10 16:00:00+00:00,7,52.95,16,2,4,0
2019-04-10 17:00:00+00:00,5,39.708,17,2,4,0
2019-04-10 18:00:00+00:00,0,0.0,18,2,4,0
2019-04-10 19:00:00+00:00,3,7.901,19,2,4,0
2019-04-10 20:00:00+00:00,4,33.705,20,2,4,0
2019-04-10 21:00:00+00:00,1,9.863,21,2,4,0
2019-04-10 22:00:00+00:00,0,0.0,22,2,4,0
2019-04-10 23:00:00+00:00,1,3.92,23,2,4,0
2019-04-11 00:00:00+00:00,1,3.617,0,3,4,0
2019-04-11 01:00:00+00:00,3,18.174,1,3,4,0
2019-04-11 02:00:00+00:00,0,0.0,2,3,4,0
2019-04-11 03:00:00+00:00,1,0.561,3,3,4,0
2019-04-11 04:00:00+00:00,0,0.0,4,3,4,0
2019-04-11 05:00:00+00:00,1,33.188,5,3,4,0
2019-04-11 06:00:00+00:00,0,0.0,6,3,4,0
2019-04-11 07:00:00+00:00,0,0.0,7,3,4,0
2019-04-11 08:00:00+00:00,0,0.0,8,3,4,0
2019-04-11 09:00:00+00:00,0,0.0,9,3,4,0
2019-04-11 10:00:00+00:00,0,0.0,10,3,4,0
2019-04-11 11:00:00+00:00,0,0.0,11,3,4,0
2019-04-11 12:00:00+00:00,0,0.0,12,3,4,0
2019-04-11 13:00:00+00:00,0,0.0,13,3,4,0
2019-04-11 14:00:00+00:00,3,57.302,14,3,4,0
2019-04-11 15:00:00+00:00,9,56.208,15,3,4,0
2019-04-11 16:00:00+00:00,6,64.081,16,3,4,0
2019-04-11 17:00:00+00:00,3,9.07,17,3,4,0
2019-04-11 18:00:00+00:00,3,19.133,18,3,4,0
2019-04-11 19:00:00+00:00,5,37.636,19,3,4,0
2019-04-11 20:00:00+00:00,2,13.955,20,3,4,0
2019-04-11 21:00:00+00:00,0,0.0,21,3,4,0
2019-04-11 22:00:00+00:00,1,13.409,22,3,4,0
2019-04-11 23:00:00+00:00,1,4.961,23,3,4,0
2019-04-12 00:00:00+00:00,2,11.433,0,4,4,0
2019-04-12 01:00:00+00:00,4,20.419,1,4,4,0
2019-04-12 02:00:00+00:00,3,26.317,2,4,4,0
2019-04-12 03:00:00+00:00,1,13.598,3,4,4,0
2019-04-12 04:00:00+00:00,0,0.0,4,4,4,0
2019-04-12 05:00:00+00:00,0,0.0,5,4,4,0
2019-04-12 06:00:00+00:00,1,1.056,6,4,4,0
2019-04-12 07:00:00+00:00,0,0.0,7,4,4,0
2019-04-12 08:00:00+00:00,0,0.0,8,4,4,0
2019-04-12 09:00:00+00:00,0,0.0,9,4,4,0
2019-04-12 10:00:00+00:00,0,0.0,10,4,4,0
2019-04-12 11:00:00+00:00,0,0.0,11,4,4,0
2019-04-12 12:00:00+00:00,0,0.0,12,4,4,0
2019-04-12 13:00:00+00:00,2,21.591,13,4,4,0
2019-04-12 14:00:00+00:00,3,36.955,14,4,4,0
2019-04-12 15:00:00+00:00,7,60.912,15,4,4,0
2019-04-12 16:00:00+00:00,2,5.044,16,4,4,0
2019-04-12 17:00:00+00:00,6,37.272,17,4,4,0
2019-04-12 18:00:00+00:00,5,32.141999999999996,18,4,4,0
2019-04-12 19:00:00+00:00,3,33.451,19,4,4,0
2019-04-12 20:00:00+00:00,2,36.486999999999995,20,4,4,0
2019-04-12 21:00:00+00:00,3,33.278999999999996,21,4,4,0
2019-04-12 22:00:00+00:00,2,4.58,22,4,4,0
2019-04-12 23:00:00+00:00,2,8.28,23,4,4,0
2019-04-13 00:00:00+00:00,1,3.541,0,5,4,1
2019-04-13 01:00:00+00:00,0,0.0,1,5,4,1
2019-04-13 02:00:00+00:00,2,31.999,2,5,4,1
2019-04-13 03:00:00+00:00,1,11.177,3,5,4,1
2019-04-13 04:00:00+00:00,1,56.942,4,5,4,1
2019-04-13 05:00:00+00:00,1,61.653,5,5,4,1
2019-04-13 06:00:00+00:00,0,0.0,6,5,4,1
2019-04-13 07:00:00+00:00,0,0.0,7,5,4,1
2019-04-13 08:00:00+00:00,0,0.0,8,5,4,1
2019-04-13 09:00:00+00:00,1,43.959,9,5,4,1
2019-04-13 10:00:00+00:00,0,0.0,10,5,4,1
2019-04-13 11:00:00+00:00,0,0.0,11,5,4,1
2019-04-13 12:00:00+00:00,0,0.0,12,5,4,1
2019-04-13 13:00:00+00:00,1,0.88,13,5,4,1
2019-04-13 14:00:00+00:00,2,12.706,14,5,4,1
2019-04-13 15:00:00+00:00,1,0.959,15,5,4,1
2019-04-13 16:00:00+00:00,4,27.031,16,5,4,1
2019-04-13 17:00:00+00:00,1,7.874,17,5,4,1
2019-04-13 18:00:00+00:00,2,7.657,18,5,4,1
2019-04-13 19:00:00+00:00,1,1.998,19,5,4,1
2019-04-13 20:00:00+00:00,0,0.0,20,5,4,1
2019-04-13 21:00:00+00:00,0,0.0,21,5,4,1
2019-04-13 22:00:00+00:00,1,27.851,22,5,4,1
2019-04-13 23:00:00+00:00,1,0.87,23,5,4,1
2019-04-14 00:00:00+00:00,1,37.671,0,6,4,1
2019-04-14 01:00:00+00:00,0,0.0,1,6,4,1
2019-04-14 02:00:00+00:00,0,0.0,2,6,4,1
2019-04-14 03:00:00+00:00,2,69.224,3,6,4,1
2019-04-14 04:00:00+00:00,1,7.801,4,6,4,1
2019-04-14 05:00:00+00:00,0,0.0,5,6,4,1
2019-04-14 06:00:00+00:00,0,0.0,6,6,4,1
2019-04-14 07:00:00+00:00,0,0.0,7,6,4,1
2019-04-14 08:00:00+00:00,0,0.0,8,6,4,1
2019-04-14 09:00:00+00:00,1,17.594,9,6,4,1
2019-04-14 10:00:00+00:00,0,0.0,10,6,4,1
2019-04-14 11:00:00+00:00,0,0.0,11,6,4,1
2019-04-14 12:00:00+00:00,0,0.0,12,6,4,1
2019-04-14 13:00:00+00:00,0,0.0,13,6,4,1
2019-04-14 14:00:00+00:00,0,0.0,14,6,4,1
2019-04-14 15:00:00+00:00,2,14.931,15,6,4,1
2019-04-14 16:00:00+00:00,1,11.49,16,6,4,1
2019-04-14 17:00:00+00:00,0,0.0,17,6,4,1
2019-04-14 18:00:00+00:00,1,0.875,18,6,4,1
2019-04-14 19:00:00+00:00,2,5.635999999999999,19,6,4,1
2019-04-14 20:00:00+00:00,3,18.307,20,6,4,1
2019-04-14 21:00:00+00:00,1,16.409,21,6,4,1
2019-04-14 22:00:00+00:00,0,0.0,22,6,4,1
2019-04-14 23:00:00+00:00,0,0.0,23,6,4,1
2019-04-15 00:00:00+00:00,1,4.172,0,0,4,0
2019-04-15 01:00:00+00:00,1,15.004,1,0,4,0
2019-04-15 02:00:00+00:00,0,0.0,2,0,4,0
2019-04-15 03:00:00+00:00,0,0.0,3,0,4,0
2019-04-15 04:00:00+00:00,0,0.0,4,0,4,0
2019-04-15 05:00:00+00:00,0,0.0,5,0,4,0
2019-04-15 06:00:00+00:00,0,0.0,6,0,4,0
2019-04-15 07:00:00+00:00,0,0.0,7,0,4,0
2019-04-15 08:00:00+00:00,0,0.0,8,0,4,0
2019-04-15 09:00:00+00:00,0,0.0,9,0,4,0
2019-04-15 10:00:00+00:00,0,0.0,10,0,4,0
2019-04-15 11:00:00+00:00,0,0.0,11,0,4,0
2019-04-15 12:00:00+00:00,0,0.0,12,0,4,0
2019-04-15 13:00:00+00:00,3,39.95,13,0,4,0
2019-04-15 14:00:00+00:00,3,64.247,14,0,4,0
2019-04-15 15:00:00+00:00,8,131.17600000000002,15,0,4,0
2019-04-15 16:00:00+00:00,5,61.283,16,0,4,0
2019-04-15 17:00:00+00:00,6,38.728,17,0,4,0
2019-04-15 18:00:00+00:00,1,3.604,18,0,4,0
2019-04-15 19:00:00+00:00,3,10.609,19,0,4,0
2019-04-15 20:00:00+00:00,1,0.635277777777474,20,0,4,0
2019-04-15 21:00:00+00:00,1,6.437,21,0,4,0
2019-04-15 22:00:00+00:00,1,5.37,22,0,4,0
2019-04-15 23:00:00+00:00,1,4.896,23,0,4,0
2019-04-16 00:00:00+00:00,2,27.021,0,1,4,0
2019-04-16 01:00:00+00:00,1,3.446,1,1,4,0
2019-04-16 02:00:00+00:00,0,0.0,2,1,4,0
2019-04-16 03:00:00+00:00,0,0.0,3,1,4,0
2019-04-16 04:00:00+00:00,0,0.0,4,1,4,0
2019-04-16 05:00:00+00:00,0,0.0,5,1,4,0
2019-04-16 06:00:00+00:00,0,0.0,6,1,4,0
2019-04-16 07:00:00+00:00,0,0.0,7,1,4,0
2019-04-16 08:00:00+00:00,0,0.0,8,1,4,0
2019-04-16 09:00:00+00:00,0,0.0,9,1,4,0
2019-04-16 10:00:00+00:00,0,0.0,10,1,4,0
2019-04-16 11:00:00+00:00,0,0.0,11,1,4,0
2019-04-16 12:00:00+00:00,0,0.0,12,1,4,0
2019-04-16 13:00:00+00:00,2,32.756,13,1,4,0
2019-04-16 14:00:00+00:00,5,58.132,14,1,4,0
2019-04-16 15:00:00+00:00,10,69.543,15,1,4,0
2019-04-16 16:00:00+00:00,7,57.74797670250868,16,1,4,0
2019-04-16 17:00:00+00:00,6,30.22,17,1,4,0
2019-04-16 18:00:00+00:00,3,3.543,18,1,4,0
2019-04-16 19:00:00+00:00,1,6.654,19,1,4,0
2019-04-16 20:00:00+00:00,2,14.387,20,1,4,0
2019-04-16 21:00:00+00:00,4,22.266,21,1,4,0
2019-04-16 22:00:00+00:00,0,0.0,22,1,4,0
2019-04-16 23:00:00+00:00,2,3.519,23,1,4,0
2019-04-17 00:00:00+00:00,1,0.545,0,2,4,0
2019-04-17 01:00:00+00:00,0,0.0,1,2,4,0
2019-04-17 02:00:00+00:00,0,0.0,2,2,4,0
2019-04-17 03:00:00+00:00,0,0.0,3,2,4,0
2019-04-17 04:00:00+00:00,1,9.297,4,2,4,0
2019-04-17 05:00:00+00:00,0,0.0,5,2,4,0
2019-04-17 06:00:00+00:00,0,0.0,6,2,4,0
2019-04-17 07:00:00+00:00,0,0.0,7,2,4,0
2019-04-17 08:00:00+00:00,0,0.0,8,2,4,0
2019-04-17 09:00:00+00:00,0,0.0,9,2,4,0
2019-04-17 10:00:00+00:00,0,0.0,10,2,4,0
2019-04-17 11:00:00+00:00,0,0.0,11,2,4,0
2019-04-17 12:00:00+00:00,0,0.0,12,2,4,0
2019-04-17 13:00:00+00:00,2,41.485,13,2,4,0
2019-04-17 14:00:00+00:00,3,26.388,14,2,4,0
2019-04-17 15:00:00+00:00,13,100.659,15,2,4,0
2019-04-17 16:00:00+00:00,5,43.354,16,2,4,0
2019-04-17 17:00:00+00:00,6,24.685,17,2,4,0
2019-04-17 18:00:00+00:00,0,0.0,18,2,4,0
2019-04-17 19:00:00+00:00,3,33.562999999999995,19,2,4,0
2019-04-17 20:00:00+00:00,3,14.533,20,2,4,0
2019-04-17 21:00:00+00:00,1,14.393,21,2,4,0
2019-04-17 22:00:00+00:00,1,0.9,22,2,4,0
2019-04-17 23:00:00+00:00,1,4.947,23,2,4,0
2019-04-18 00:00:00+00:00,0,0.0,0,3,4,0
2019-04-18 01:00:00+00:00,3,12.965,1,3,4,0
2019-04-18 02:00:00+00:00,2,11.688,2,3,4,0
2019-04-18 03:00:00+00:00,0,0.0,3,3,4,0
2019-04-18 04:00:00+00:00,1,10.154,4,3,4,0
2019-04-18 05:00:00+00:00,0,0.0,5,3,4,0
2019-04-18 06:00:00+00:00,1,3.632,6,3,4,0
2019-04-18 07:00:00+00:00,0,0.0,7,3,4,0
2019-04-18 08:00:00+00:00,0,0.0,8,3,4,0
2019-04-18 09:00:00+00:00,0,0.0,9,3,4,0
2019-04-18 10:00:00+00:00,0,0.0,10,3,4,0
2019-04-18 11:00:00+00:00,0,0.0,11,3,4,0
2019-04-18 12:00:00+00:00,0,0.0,12,3,4,0
2019-04-18 13:00:00+00:00,1,18.974,13,3,4,0
2019-04-18 14:00:00+00:00,2,19.799,14,3,4,0
2019-04-18 15:00:00+00:00,6,28.275,15,3,4,0
2019-04-18 16:00:00+00:00,8,58.45099999999999,16,3,4,0
2019-04-18 17:00:00+00:00,7,47.796,17,3,4,0
2019-04-18 18:00:00+00:00,1,3.857,18,3,4,0
2019-04-18 19:00:00+00:00,4,21.036,19,3,4,0
2019-04-18 20:00:00+00:00,3,27.953,20,3,4,0
2019-04-18 21:00:00+00:00,2,4.338,21,3,4,0
2019-04-18 22:00:00+00:00,2,7.313000000000001,22,3,4,0
2019-04-18 23:00:00+00:00,0,0.0,23,3,4,0
2019-04-19 00:00:00+00:00,0,0.0,0,4,4,0
2019-04-19 01:00:00+00:00,1,11.916,1,4,4,0
2019-04-19 02:00:00+00:00,1,14.077,2,4,4,0
2019-04-19 03:00:00+00:00,2,49.262,3,4,4,0
2019-04-19 04:00:00+00:00,0,0.0,4,4,4,0
2019-04-19 05:00:00+00:00,1,0.868,5,4,4,0
2019-04-19 06:00:00+00:00,1,9.682,6,4,4,0
2019-04-19 07:00:00+00:00,0,0.0,7,4,4,0
2019-04-19 08:00:00+00:00,0,0.0,8,4,4,0
2019-04-19 09:00:00+00:00,0,0.0,9,4,4,0
2019-04-19 10:00:00+00:00,0,0.0,10,4,4,0
2019-04-19 11:00:00+00:00,0,0.0,11,4,4,0
2019-04-19 12:00:00+00:00,0,0.0,12,4,4,0
2019-04-19 13:00:00+00:00,1,18.275,13,4,4,0
2019-04-19 14:00:00+00:00,3,40.034,14,4,4,0
2019-04-19 15:00:00+00:00,8,79.25699999999999,15,4,4,0
2019-04-19 16:00:00+00:00,6,23.347,16,4,4,0
2019-04-19 17:00:00+00:00,4,31.416,17,4,4,0
2019-04-19 18:00:00+00:00,1,11.087,18,4,4,0
2019-04-19 19:00:00+00:00,3,10.46,19,4,4,0
2019-04-19 20:00:00+00:00,2,2.9589999999999996,20,4,4,0
2019-04-19 21:00:00+00:00,2,9.443,21,4,4,0
2019-04-19 22:00:00+00:00,2,6.82,22,4,4,0
2019-04-19 23:00:00+00:00,1,7.736,23,4,4,0
2019-04-20 00:00:00+00:00,0,0.0,0,5,4,1
2019-04-20 01:00:00+00:00,0,0.0,1,5,4,1
2019-04-20 02:00:00+00:00,2,16.863,2,5,4,1
2019-04-20 03:00:00+00:00,1,9.156,3,5,4,1
2019-04-20 04:00:00+00:00,0,0.0,4,5,4,1
2019-04-20 05:00:00+00:00,0,0.0,5,5,4,1
2019-04-20 06:00:00+00:00,0,0.0,6,5,4,1
2019-04-20 07:00:00+00:00,1,1.263,7,5,4,1
2019-04-20 08:00:00+00:00,0,0.0,8,5,4,1
2019-04-20 09:00:00+00:00,0,0.0,9,5,4,1
2019-04-20 10:00:00+00:00,0,0.0,10,5,4,1
2019-04-20 11:00:00+00:00,0,0.0,11,5,4,1
2019-04-20 12:00:00+00:00,0,0.0,12,5,4,1
2019-04-20 13:00:00+00:00,0,0.0,13,5,4,1
2019-04-20 14:00:00+00:00,1,7.962,14,5,4,1
2019-04-20 15:00:00+00:00,0,0.0,15,5,4,1
2019-04-20 16:00:00+00:00,1,15.413,16,5,4,1
2019-04-20 17:00:00+00:00,3,17.519,17,5,4,1
2019-04-20 18:00:00+00:00,1,5.027,18,5,4,1
2019-04-20 19:00:00+00:00,1,3.751,19,5,4,1
2019-04-20 20:00:00+00:00,1,11.731,20,5,4,1
2019-04-20 21:00:00+00:00,1,31.251,21,5,4,1
2019-04-20 22:00:00+00:00,1,4.898,22,5,4,1
2019-04-20 23:00:00+00:00,0,0.0,23,5,4,1
2019-04-21 00:00:00+00:00,0,0.0,0,6,4,1
2019-04-21 01:00:00+00:00,1,5.989,1,6,4,1
2019-04-21 02:00:00+00:00,0,0.0,2,6,4,1
2019-04-21 03:00:00+00:00,1,6.602,3,6,4,1
2019-04-21 04:00:00+00:00,0,0.0,4,6,4,1
2019-04-21 05:00:00+00:00,0,0.0,5,6,4,1
2019-04-21 06:00:00+00:00,0,0.0,6,6,4,1
2019-04-21 07:00:00+00:00,0,0.0,7,6,4,1
2019-04-21 08:00:00+00:00,0,0.0,8,6,4,1
2019-04-21 09:00:00+00:00,0,0.0,9,6,4,1
2019-04-21 10:00:00+00:00,0,0.0,10,6,4,1
2019-04-21 11:00:00+00:00,0,0.0,11,6,4,1
2019-04-21 12:00:00+00:00,0,0.0,12,6,4,1
2019-04-21 13:00:00+00:00,1,1.768,13,6,4,1
2019-04-21 14:00:00+00:00,0,0.0,14,6,4,1
2019-04-21 15:00:00+00:00,0,0.0,15,6,4,1
2019-04-21 16:00:00+00:00,1,4.573,16,6,4,1
2019-04-21 17:00:00+00:00,0,0.0,17,6,4,1
2019-04-21 18:00:00+00:00,1,14.616,18,6,4,1
2019-04-21 19:00:00+00:00,0,0.0,19,6,4,1
2019-04-21 20:00:00+00:00,3,48.224,20,6,4,1
2019-04-21 21:00:00+00:00,2,49.443,21,6,4,1
2019-04-21 22:00:00+00:00,2,8.217,22,6,4,1
2019-04-21 23:00:00+00:00,1,8.514,23,6,4,1
2019-04-22 00:00:00+00:00,1,29.022,0,0,4,0
2019-04-22 01:00:00+00:00,0,0.0,1,0,4,0
2019-04-22 02:00:00+00:00,0,0.0,2,0,4,0
2019-04-22 03:00:00+00:00,0,0.0,3,0,4,0
2019-04-22 04:00:00+00:00,0,0.0,4,0,4,0
2019-04-22 05:00:00+00:00,0,0.0,5,0,4,0
2019-04-22 06:00:00+00:00,0,0.0,6,0,4,0
2019-04-22 07:00:00+00:00,0,0.0,7,0,4,0
2019-04-22 08:00:00+00:00,0,0.0,8,0,4,0
2019-04-22 09:00:00+00:00,0,0.0,9,0,4,0
2019-04-22 10:00:00+00:00,0,0.0,10,0,4,0
2019-04-22 11:00:00+00:00,0,0.0,11,0,4,0
2019-04-22 12:00:00+00:00,0,0.0,12,0,4,0
2019-04-22 13:00:00+00:00,1,18.233,13,0,4,0
2019-04-22 14:00:00+00:00,3,45.501,14,0,4,0
2019-04-22 15:00:00+00:00,12,142.186,15,0,4,0
2019-04-22 16:00:00+00:00,10,67.628,16,0,4,0
2019-04-22 17:00:00+00:00,5,19.319,17,0,4,0
2019-04-22 18:00:00+00:00,1,6.637,18,0,4,0
2019-04-22 19:00:00+00:00,3,11.527,19,0,4,0
2019-04-22 20:00:00+00:00,4,33.826,20,0,4,0
2019-04-22 21:00:00+00:00,0,0.0,21,0,4,0
2019-04-22 22:00:00+00:00,0,0.0,22,0,4,0
2019-04-22 23:00:00+00:00,1,2.76,23,0,4,0
2019-04-23 00:00:00+00:00,0,0.0,0,1,4,0
2019-04-23 01:00:00+00:00,1,4.804,1,1,4,0
2019-04-23 02:00:00+00:00,1,4.049,2,1,4,0
2019-04-23 03:00:00+00:00,0,0.0,3,1,4,0
2019-04-23 04:00:00+00:00,0,0.0,4,1,4,0
2019-04-23 05:00:00+00:00,1,12.726,5,1,4,0
2019-04-23 06:00:00+00:00,0,0.0,6,1,4,0
2019-04-23 07:00:00+00:00,0,0.0,7,1,4,0
2019-04-23 08:00:00+00:00,0,0.0,8,1,4,0
2019-04-23 09:00:00+00:00,0,0.0,9,1,4,0
2019-04-23 10:00:00+00:00,0,0.0,10,1,4,0
2019-04-23 11:00:00+00:00,0,0.0,11,1,4,0
2019-04-23 12:00:00+00:00,0,0.0,12,1,4,0
2019-04-23 13:00:00+00:00,0,0.0,13,1,4,0
2019-04-23 14:00:00+00:00,3,28.186,14,1,4,0
2019-04-23 15:00:00+00:00,7,49.34,15,1,4,0
2019-04-23 16:00:00+00:00,9,73.325,16,1,4,0
2019-04-23 17:00:00+00:00,9,61.926,17,1,4,0
2019-04-23 18:00:00+00:00,0,0.0,18,1,4,0
2019-04-23 19:00:00+00:00,4,10.583,19,1,4,0
2019-04-23 20:00:00+00:00,3,14.052,20,1,4,0
2019-04-23 21:00:00+00:00,1,22.538,21,1,4,0
2019-04-23 22:00:00+00:00,2,1.699,22,1,4,0
2019-04-23 23:00:00+00:00,2,4.868,23,1,4,0
2019-04-24 00:00:00+00:00,0,0.0,0,2,4,0
2019-04-24 01:00:00+00:00,1,4.225,1,2,4,0
2019-04-24 02:00:00+00:00,0,0.0,2,2,4,0
2019-04-24 03:00:00+00:00,1,11.773,3,2,4,0
2019-04-24 04:00:00+00:00,0,0.0,4,2,4,0
2019-04-24 05:00:00+00:00,0,0.0,5,2,4,0
2019-04-24 06:00:00+00:00,0,0.0,6,2,4,0
2019-04-24 07:00:00+00:00,0,0.0,7,2,4,0
2019-04-24 08:00:00+00:00,0,0.0,8,2,4,0
2019-04-24 09:00:00+00:00,0,0.0,9,2,4,0
2019-04-24 10:00:00+00:00,0,0.0,10,2,4,0
2019-04-24 11:00:00+00:00,0,0.0,11,2,4,0
2019-04-24 12:00:00+00:00,0,0.0,12,2,4,0
2019-04-24 13:00:00+00:00,1,18.454,13,2,4,0
2019-04-24 14:00:00+00:00,0,0.0,14,2,4,0
2019-04-24 15:00:00+00:00,6,59.199,15,2,4,0
2019-04-24 16:00:00+00:00,17,137.651,16,2,4,0
2019-04-24 17:00:00+00:00,3,13.916,17,2,4,0
2019-04-24 18:00:00+00:00,0,0.0,18,2,4,0
2019-04-24 19:00:00+00:00,3,9.46,19,2,4,0
2019-04-24 20:00:00+00:00,4,14.059,20,2,4,0
2019-04-24 21:00:00+00:00,3,8.963999999999999,21,2,4,0
2019-04-24 22:00:00+00:00,0,0.0,22,2,4,0
2019-04-24 23:00:00+00:00,0,0.0,23,2,4,0
2019-04-25 00:00:00+00:00,1,9.937,0,3,4,0
2019-04-25 01:00:00+00:00,3,24.437,1,3,4,0
2019-04-25 02:00:00+00:00,1,24.198,2,3,4,0
2019-04-25 03:00:00+00:00,0,0.0,3,3,4,0
2019-04-25 04:00:00+00:00,0,0.0,4,3,4,0
2019-04-25 05:00:00+00:00,0,0.0,5,3,4,0
2019-04-25 06:00:00+00:00,0,0.0,6,3,4,0
2019-04-25 07:00:00+00:00,0,0.0,7,3,4,0
2019-04-25 08:00:00+00:00,0,0.0,8,3,4,0
2019-04-25 09:00:00+00:00,0,0.0,9,3,4,0
2019-04-25 10:00:00+00:00,0,0.0,10,3,4,0
2019-04-25 11:00:00+00:00,0,0.0,11,3,4,0
2019-04-25 12:00:00+00:00,0,0.0,12,3,4,0
2019-04-25 13:00:00+00:00,1,18.666,13,3,4,0
2019-04-25 14:00:00+00:00,3,20.02,14,3,4,0
2019-04-25 15:00:00+00:00,8,92.555,15,3,4,0
2019-04-25 16:00:00+00:00,6,58.679,16,3,4,0
2019-04-25 17:00:00+00:00,4,16.954,17,3,4,0
2019-04-25 18:00:00+00:00,1,1.841,18,3,4,0
2019-04-25 19:00:00+00:00,3,22.43,19,3,4,0
2019-04-25 20:00:00+00:00,3,15.193,20,3,4,0
2019-04-25 21:00:00+00:00,2,12.927,21,3,4,0
2019-04-25 22:00:00+00:00,0,0.0,22,3,4,0
2019-04-25 23:00:00+00:00,1,2.526,23,3,4,0
2019-04-26 00:00:00+00:00,2,8.21,0,4,4,0
2019-04-26 01:00:00+00:00,3,18.863999999999997,1,4,4,0
2019-04-26 02:00:00+00:00,0,0.0,2,4,4,0
2019-04-26 03:00:00+00:00,1,6.527,3,4,4,0
2019-04-26 04:00:00+00:00,0,0.0,4,4,4,0
2019-04-26 05:00:00+00:00,1,15.579,5,4,4,0
2019-04-26 06:00:00+00:00,1,31.826,6,4,4,0
2019-04-26 07:00:00+00:00,0,0.0,7,4,4,0
2019-04-26 08:00:00+00:00,0,0.0,8,4,4,0
2019-04-26 09:00:00+00:00,0,0.0,9,4,4,0
2019-04-26 10:00:00+00:00,0,0.0,10,4,4,0
2019-04-26 11:00:00+00:00,0,0.0,11,4,4,0
2019-04-26 12:00:00+00:00,0,0.0,12,4,4,0
2019-04-26 13:00:00+00:00,1,19.569,13,4,4,0
2019-04-26 14:00:00+00:00,2,11.338,14,4,4,0
2019-04-26 15:00:00+00:00,10,125.536,15,4,4,0
2019-04-26 16:00:00+00:00,7,30.005,16,4,4,0
2019-04-26 17:00:00+00:00,3,46.675,17,4,4,0
2019-04-26 18:00:00+00:00,3,18.288,18,4,4,0
2019-04-26 19:00:00+00:00,1,3.956,19,4,4,0
2019-04-26 20:00:00+00:00,4,4.478,20,4,4,0
2019-04-26 21:00:00+00:00,1,2.138,21,4,4,0
2019-04-26 22:00:00+00:00,0,0.0,22,4,4,0
2019-04-26 23:00:00+00:00,3,19.147,23,4,4,0
2019-04-27 00:00:00+00:00,0,0.0,0,5,4,1
2019-04-27 01:00:00+00:00,2,10.813,1,5,4,1
2019-04-27 02:00:00+00:00,0,0.0,2,5,4,1
2019-04-27 03:00:00+00:00,0,0.0,3,5,4,1
2019-04-27 04:00:00+00:00,0,0.0,4,5,4,1
2019-04-27 05:00:00+00:00,1,11.624,5,5,4,1
2019-04-27 06:00:00+00:00,0,0.0,6,5,4,1
2019-04-27 07:00:00+00:00,0,0.0,7,5,4,1
2019-04-27 08:00:00+00:00,0,0.0,8,5,4,1
2019-04-27 09:00:00+00:00,0,0.0,9,5,4,1
2019-04-27 10:00:00+00:00,0,0.0,10,5,4,1
2019-04-27 11:00:00+00:00,0,0.0,11,5,4,1
2019-04-27 12:00:00+00:00,0,0.0,12,5,4,1
2019-04-27 13:00:00+00:00,0,0.0,13,5,4,1
2019-04-27 14:00:00+00:00,0,0.0,14,5,4,1
2019-04-27 15:00:00+00:00,1,6.433,15,5,4,1
2019-04-27 16:00:00+00:00,1,6.062,16,5,4,1
2019-04-27 17:00:00+00:00,4,27.503,17,5,4,1
2019-04-27 18:00:00+00:00,1,21.927,18,5,4,1
2019-04-27 19:00:00+00:00,2,8.131,19,5,4,1
2019-04-27 20:00:00+00:00,0,0.0,20,5,4,1
2019-04-27 21:00:00+00:00,1,3.865,21,5,4,1
2019-04-27 22:00:00+00:00,1,3.873,22,5,4,1
2019-04-27 23:00:00+00:00,3,19.517000000000003,23,5,4,1
2019-04-28 00:00:00+00:00,1,4.804,0,6,4,1
2019-04-28 01:00:00+00:00,2,35.845000000000006,1,6,4,1
2019-04-28 02:00:00+00:00,1,0.92,2,6,4,1
2019-04-28 03:00:00+00:00,0,0.0,3,6,4,1
2019-04-28 04:00:00+00:00,0,0.0,4,6,4,1
2019-04-28 05:00:00+00:00,0,0.0,5,6,4,1
2019-04-28 06:00:00+00:00,0,0.0,6,6,4,1
2019-04-28 07:00:00+00:00,0,0.0,7,6,4,1
2019-04-28 08:00:00+00:00,0,0.0,8,6,4,1
2019-04-28 09:00:00+00:00,0,0.0,9,6,4,1
2019-04-28 10:00:00+00:00,0,0.0,10,6,4,1
2019-04-28 11:00:00+00:00,0,0.0,11,6,4,1
2019-04-28 12:00:00+00:00,0,0.0,12,6,4,1
2019-04-28 13:00:00+00:00,0,0.0,13,6,4,1
2019-04-28 14:00:00+00:00,1,2.386,14,6,4,1
2019-04-28 15:00:00+00:00,0,0.0,15,6,4,1
2019-04-28 16:00:00+00:00,4,55.758,16,6,4,1
2019-04-28 17:00:00+00:00,1,1.885,17,6,4,1
2019-04-28 18:00:00+00:00,2,18.166,18,6,4,1
2019-04-28 19:00:00+00:00,3,13.796,19,6,4,1
2019-04-28 20:00:00+00:00,2,8.657,20,6,4,1
2019-04-28 21:00:00+00:00,2,22.241,21,6,4,1
2019-04-28 22:00:00+00:00,1,2.383,22,6,4,1
2019-04-28 23:00:00+00:00,0,0.0,23,6,4,1
2019-04-29 00:00:00+00:00,1,7.248,0,0,4,0
2019-04-29 01:00:00+00:00,0,0.0,1,0,4,0
2019-04-29 02:00:00+00:00,0,0.0,2,0,4,0
2019-04-29 03:00:00+00:00,0,0.0,3,0,4,0
2019-04-29 04:00:00+00:00,0,0.0,4,0,4,0
2019-04-29 05:00:00+00:00,0,0.0,5,0,4,0
2019-04-29 06:00:00+00:00,0,0.0,6,0,4,0
2019-04-29 07:00:00+00:00,0,0.0,7,0,4,0
2019-04-29 08:00:00+00:00,0,0.0,8,0,4,0
2019-04-29 09:00:00+00:00,0,0.0,9,0,4,0
2019-04-29 10:00:00+00:00,0,0.0,10,0,4,0
2019-04-29 11:00:00+00:00,0,0.0,11,0,4,0
2019-04-29 12:00:00+00:00,0,0.0,12,0,4,0
2019-04-29 13:00:00+00:00,1,17.777,13,0,4,0
2019-04-29 14:00:00+00:00,3,75.445,14,0,4,0
2019-04-29 15:00:00+00:00,9,62.906,15,0,4,0
2019-04-29 16:00:00+00:00,8,39.614,16,0,4,0
2019-04-29 17:00:00+00:00,4,51.488,17,0,4,0
2019-04-29 18:00:00+00:00,2,7.41,18,0,4,0
2019-04-29 19:00:00+00:00,3,10.924,19,0,4,0
2019-04-29 20:00:00+00:00,1,4.914,20,0,4,0
2019-04-29 21:00:00+00:00,3,14.498,21,0,4,0
2019-04-29 22:00:00+00:00,2,22.382,22,0,4,0
2019-04-29 23:00:00+00:00,1,4.847,23,0,4,0
2019-04-30 00:00:00+00:00,1,0.836,0,1,4,0
2019-04-30 01:00:00+00:00,3,15.965000000000002,1,1,4,0
2019-04-30 02:00:00+00:00,0,0.0,2,1,4,0
2019-04-30 03:00:00+00:00,0,0.0,3,1,4,0
2019-04-30 04:00:00+00:00,2,14.598,4,1,4,0
2019-04-30 05:00:00+00:00,0,0.0,5,1,4,0
2019-04-30 06:00:00+00:00,0,0.0,6,1,4,0
2019-04-30 07:00:00+00:00,0,0.0,7,1,4,0
2019-04-30 08:00:00+00:00,0,0.0,8,1,4,0
2019-04-30 09:00:00+00:00,0,0.0,9,1,4,0
2019-04-30 10:00:00+00:00,0,0.0,10,1,4,0
2019-04-30 11:00:00+00:00,0,0.0,11,1,4,0
2019-04-30 12:00:00+00:00,0,0.0,12,1,4,0
2019-04-30 13:00:00+00:00,1,19.026,13,1,4,0
2019-04-30 14:00:00+00:00,2,11.525,14,1,4,0
2019-04-30 15:00:00+00:00,11,86.734,15,1,4,0
2019-04-30 16:00:00+00:00,9,85.804,16,1,4,0
2019-04-30 17:00:00+00:00,8,70.814,17,1,4,0
2019-04-30 18:00:00+00:00,1,1.006,18,1,4,0
2019-04-30 19:00:00+00:00,2,2.899,19,1,4,0
2019-04-30 20:00:00+00:00,3,14.561999999999998,20,1,4,0
2019-04-30 21:00:00+00:00,1,0.912,21,1,4,0
2019-04-30 22:00:00+00:00,1,1.864,22,1,4,0
2019-04-30 23:00:00+00:00,1,1.452,23,1,4,0
2019-05-01 00:00:00+00:00,0,0.0,0,2,5,0
2019-05-01 01:00:00+00:00,4,25.452,1,2,5,0
2019-05-01 02:00:00+00:00,0,0.0,2,2,5,0
2019-05-01 03:00:00+00:00,2,29.435,3,2,5,0
2019-05-01 04:00:00+00:00,1,2.358,4,2,5,0
2019-05-01 05:00:00+00:00,0,0.0,5,2,5,0
2019-05-01 06:00:00+00:00,0,0.0,6,2,5,0
2019-05-01 07:00:00+00:00,0,0.0,7,2,5,0
2019-05-01 08:00:00+00:00,1,44.069,8,2,5,0
2019-05-01 09:00:00+00:00,0,0.0,9,2,5,0
2019-05-01 10:00:00+00:00,0,0.0,10,2,5,0
2019-05-01 11:00:00+00:00,0,0.0,11,2,5,0
2019-05-01 12:00:00+00:00,0,0.0,12,2,5,0
2019-05-01 13:00:00+00:00,2,20.574,13,2,5,0
2019-05-01 14:00:00+00:00,2,53.718,14,2,5,0
2019-05-01 15:00:00+00:00,11,192.1,15,2,5,0
2019-05-01 16:00:00+00:00,11,66.887,16,2,5,0
2019-05-01 17:00:00+00:00,3,21.598,17,2,5,0
2019-05-01 18:00:00+00:00,0,0.0,18,2,5,0
2019-05-01 19:00:00+00:00,2,3.53,19,2,5,0
2019-05-01 20:00:00+00:00,1,4.376,20,2,5,0
2019-05-01 21:00:00+00:00,2,2.285,21,2,5,0
2019-05-01 22:00:00+00:00,1,6.37,22,2,5,0
2019-05-01 23:00:00+00:00,1,4.337,23,2,5,0
2019-05-02 00:00:00+00:00,0,0.0,0,3,5,0
2019-05-02 01:00:00+00:00,1,5.887,1,3,5,0
2019-05-02 02:00:00+00:00,0,0.0,2,3,5,0
2019-05-02 03:00:00+00:00,0,0.0,3,3,5,0
2019-05-02 04:00:00+00:00,0,0.0,4,3,5,0
2019-05-02 05:00:00+00:00,0,0.0,5,3,5,0
2019-05-02 06:00:00+00:00,0,0.0,6,3,5,0
2019-05-02 07:00:00+00:00,0,0.0,7,3,5,0
2019-05-02 08:00:00+00:00,0,0.0,8,3,5,0
2019-05-02 09:00:00+00:00,0,0.0,9,3,5,0
2019-05-02 10:00:00+00:00,0,0.0,10,3,5,0
2019-05-02 11:00:00+00:00,0,0.0,11,3,5,0
2019-05-02 12:00:00+00:00,0,0.0,12,3,5,0
2019-05-02 13:00:00+00:00,1,18.751,13,3,5,0
2019-05-02 14:00:00+00:00,2,10.701,14,3,5,0
2019-05-02 15:00:00+00:00,8,83.878,15,3,5,0
2019-05-02 16:00:00+00:00,4,29.2,16,3,5,0
2019-05-02 17:00:00+00:00,6,43.273,17,3,5,0
2019-05-02 18:00:00+00:00,2,52.848,18,3,5,0
2019-05-02 19:00:00+00:00,2,3.3710000000000004,19,3,5,0
2019-05-02 20:00:00+00:00,4,9.195523297486538,20,3,5,0
2019-05-02 21:00:00+00:00,1,5.307,21,3,5,0
2019-05-02 22:00:00+00:00,0,0.0,22,3,5,0
2019-05-02 23:00:00+00:00,1,6.043,23,3,5,0
2019-05-03 00:00:00+00:00,0,0.0,0,4,5,0
2019-05-03 01:00:00+00:00,3,28.187,1,4,5,0
2019-05-03 02:00:00+00:00,0,0.0,2,4,5,0
2019-05-03 03:00:00+00:00,0,0.0,3,4,5,0
2019-05-03 04:00:00+00:00,1,3.965,4,4,5,0
2019-05-03 05:00:00+00:00,0,0.0,5,4,5,0
2019-05-03 06:00:00+00:00,0,0.0,6,4,5,0
2019-05-03 07:00:00+00:00,1,0.75,7,4,5,0
2019-05-03 08:00:00+00:00,0,0.0,8,4,5,0
2019-05-03 09:00:00+00:00,0,0.0,9,4,5,0
2019-05-03 10:00:00+00:00,0,0.0,10,4,5,0
2019-05-03 11:00:00+00:00,0,0.0,11,4,5,0
2019-05-03 12:00:00+00:00,0,0.0,12,4,5,0
2019-05-03 13:00:00+00:00,1,18.822,13,4,5,0
2019-05-03 14:00:00+00:00,2,8.864,14,4,5,0
2019-05-03 15:00:00+00:00,8,64.616,15,4,5,0
2019-05-03 16:00:00+00:00,7,45.627,16,4,5,0
2019-05-03 17:00:00+00:00,1,3.608,17,4,5,0
2019-05-03 18:00:00+00:00,1,4.609,18,4,5,0
2019-05-03 19:00:00+00:00,3,27.973999999999997,19,4,5,0
2019-05-03 20:00:00+00:00,1,17.403,20,4,5,0
2019-05-03 21:00:00+00:00,2,14.712,21,4,5,0
2019-05-03 22:00:00+00:00,0,0.0,22,4,5,0
2019-05-03 23:00:00+00:00,0,0.0,23,4,5,0
2019-05-04 00:00:00+00:00,1,0.845,0,5,5,1
2019-05-04 01:00:00+00:00,0,0.0,1,5,5,1
2019-05-04 02:00:00+00:00,0,0.0,2,5,5,1
2019-05-04 03:00:00+00:00,2,64.131,3,5,5,1
2019-05-04 04:00:00+00:00,1,11.81,4,5,5,1
2019-05-04 05:00:00+00:00,0,0.0,5,5,5,1
2019-05-04 06:00:00+00:00,1,36.88,6,5,5,1
2019-05-04 07:00:00+00:00,0,0.0,7,5,5,1
2019-05-04 08:00:00+00:00,0,0.0,8,5,5,1
2019-05-04 09:00:00+00:00,0,0.0,9,5,5,1
2019-05-04 10:00:00+00:00,0,0.0,10,5,5,1
2019-05-04 11:00:00+00:00,0,0.0,11,5,5,1
2019-05-04 12:00:00+00:00,0,0.0,12,5,5,1
2019-05-04 13:00:00+00:00,0,0.0,13,5,5,1
2019-05-04 14:00:00+00:00,1,6.362,14,5,5,1
2019-05-04 15:00:00+00:00,0,0.0,15,5,5,1
2019-05-04 16:00:00+00:00,0,0.0,16,5,5,1
2019-05-04 17:00:00+00:00,2,17.772,17,5,5,1
2019-05-04 18:00:00+00:00,2,12.236,18,5,5,1
2019-05-04 19:00:00+00:00,1,3.174,19,5,5,1
2019-05-04 20:00:00+00:00,1,2.461,20,5,5,1
2019-05-04 21:00:00+00:00,0,0.0,21,5,5,1
2019-05-04 22:00:00+00:00,1,5.251,22,5,5,1
2019-05-04 23:00:00+00:00,0,0.0,23,5,5,1
2019-05-05 00:00:00+00:00,0,0.0,0,6,5,1
2019-05-05 01:00:00+00:00,1,16.11,1,6,5,1
2019-05-05 02:00:00+00:00,1,40.272,2,6,5,1
2019-05-05 03:00:00+00:00,2,31.972,3,6,5,1
2019-05-05 04:00:00+00:00,0,0.0,4,6,5,1
2019-05-05 05:00:00+00:00,0,0.0,5,6,5,1
2019-05-05 06:00:00+00:00,0,0.0,6,6,5,1
2019-05-05 07:00:00+00:00,0,0.0,7,6,5,1
2019-05-05 08:00:00+00:00,1,5.882,8,6,5,1
2019-05-05 09:00:00+00:00,1,14.062,9,6,5,1
2019-05-05 10:00:00+00:00,0,0.0,10,6,5,1
2019-05-05 11:00:00+00:00,0,0.0,11,6,5,1
2019-05-05 12:00:00+00:00,0,0.0,12,6,5,1
2019-05-05 13:00:00+00:00,0,0.0,13,6,5,1
2019-05-05 14:00:00+00:00,0,0.0,14,6,5,1
2019-05-05 15:00:00+00:00,1,1.418,15,6,5,1
2019-05-05 16:00:00+00:00,1,39.343,16,6,5,1
2019-05-05 17:00:00+00:00,1,6.247,17,6,5,1
2019-05-05 18:00:00+00:00,2,32.501000000000005,18,6,5,1
2019-05-05 19:00:00+00:00,1,0.963,19,6,5,1
2019-05-05 20:00:00+00:00,1,5.349,20,6,5,1
2019-05-05 21:00:00+00:00,0,0.0,21,6,5,1
2019-05-05 22:00:00+00:00,1,4.691,22,6,5,1
2019-05-05 23:00:00+00:00,0,0.0,23,6,5,1
2019-05-06 00:00:00+00:00,1,0.574,0,0,5,0
2019-05-06 01:00:00+00:00,1,2.401,1,0,5,0
2019-05-06 02:00:00+00:00,1,16.264,2,0,5,0
2019-05-06 03:00:00+00:00,0,0.0,3,0,5,0
2019-05-06 04:00:00+00:00,0,0.0,4,0,5,0
2019-05-06 05:00:00+00:00,0,0.0,5,0,5,0
2019-05-06 06:00:00+00:00,0,0.0,6,0,5,0
2019-05-06 07:00:00+00:00,0,0.0,7,0,5,0
2019-05-06 08:00:00+00:00,0,0.0,8,0,5,0
2019-05-06 09:00:00+00:00,0,0.0,9,0,5,0
2019-05-06 10:00:00+00:00,0,0.0,10,0,5,0
2019-05-06 11:00:00+00:00,0,0.0,11,0,5,0
2019-05-06 12:00:00+00:00,0,0.0,12,0,5,0
2019-05-06 13:00:00+00:00,1,18.729,13,0,5,0
2019-05-06 14:00:00+00:00,2,38.196,14,0,5,0
2019-05-06 15:00:00+00:00,6,72.18,15,0,5,0
2019-05-06 16:00:00+00:00,9,61.647,16,0,5,0
2019-05-06 17:00:00+00:00,5,76.92099999999999,17,0,5,0
2019-05-06 18:00:00+00:00,4,33.803,18,0,5,0
2019-05-06 19:00:00+00:00,2,8.049,19,0,5,0
2019-05-06 20:00:00+00:00,3,7.301,20,0,5,0
2019-05-06 21:00:00+00:00,2,13.543,21,0,5,0
2019-05-06 22:00:00+00:00,0,0.0,22,0,5,0
2019-05-06 23:00:00+00:00,1,4.783,23,0,5,0
2019-05-07 00:00:00+00:00,0,0.0,0,1,5,0
2019-05-07 01:00:00+00:00,1,3.487,1,1,5,0
2019-05-07 02:00:00+00:00,0,0.0,2,1,5,0
2019-05-07 03:00:00+00:00,2,11.158,3,1,5,0
2019-05-07 04:00:00+00:00,0,0.0,4,1,5,0
2019-05-07 05:00:00+00:00,0,0.0,5,1,5,0
2019-05-07 06:00:00+00:00,0,0.0,6,1,5,0
2019-05-07 07:00:00+00:00,0,0.0,7,1,5,0
2019-05-07 08:00:00+00:00,0,0.0,8,1,5,0
2019-05-07 09:00:00+00:00,0,0.0,9,1,5,0
2019-05-07 10:00:00+00:00,0,0.0,10,1,5,0
2019-05-07 11:00:00+00:00,0,0.0,11,1,5,0
2019-05-07 12:00:00+00:00,0,0.0,12,1,5,0
2019-05-07 13:00:00+00:00,1,19.017,13,1,5,0
2019-05-07 14:00:00+00:00,3,25.51,14,1,5,0
2019-05-07 15:00:00+00:00,7,62.86,15,1,5,0
2019-05-07 16:00:00+00:00,12,109.751,16,1,5,0
2019-05-07 17:00:00+00:00,4,37.054,17,1,5,0
2019-05-07 18:00:00+00:00,1,19.894,18,1,5,0
2019-05-07 19:00:00+00:00,4,43.431,19,1,5,0
2019-05-07 20:00:00+00:00,1,0.921,20,1,5,0
2019-05-07 21:00:00+00:00,3,6.969,21,1,5,0
2019-05-07 22:00:00+00:00,2,18.009,22,1,5,0
2019-05-07 23:00:00+00:00,1,4.438,23,1,5,0
2019-05-08 00:00:00+00:00,2,13.577,0,2,5,0
2019-05-08 01:00:00+00:00,2,15.115,1,2,5,0
2019-05-08 02:00:00+00:00,2,17.649,2,2,5,0
2019-05-08 03:00:00+00:00,2,8.395999999999999,3,2,5,0
2019-05-08 04:00:00+00:00,0,0.0,4,2,5,0
2019-05-08 05:00:00+00:00,1,0.857,5,2,5,0
2019-05-08 06:00:00+00:00,0,0.0,6,2,5,0
2019-05-08 07:00:00+00:00,0,0.0,7,2,5,0
2019-05-08 08:00:00+00:00,0,0.0,8,2,5,0
2019-05-08 09:00:00+00:00,0,0.0,9,2,5,0
2019-05-08 10:00:00+00:00,0,0.0,10,2,5,0
2019-05-08 11:00:00+00:00,0,0.0,11,2,5,0
2019-05-08 12:00:00+00:00,0,0.0,12,2,5,0
2019-05-08 13:00:00+00:00,1,19.164,13,2,5,0
2019-05-08 14:00:00+00:00,2,26.398,14,2,5,0
2019-05-08 15:00:00+00:00,10,54.47,15,2,5,0
2019-05-08 16:00:00+00:00,7,55.332,16,2,5,0
2019-05-08 17:00:00+00:00,3,30.027,17,2,5,0
2019-05-08 18:00:00+00:00,7,71.256,18,2,5,0
2019-05-08 19:00:00+00:00,4,8.945,19,2,5,0
2019-05-08 20:00:00+00:00,3,20.388,20,2,5,0
2019-05-08 21:00:00+00:00,0,0.0,21,2,5,0
2019-05-08 22:00:00+00:00,0,0.0,22,2,5,0
2019-05-08 23:00:00+00:00,2,2.32,23,2,5,0
2019-05-09 00:00:00+00:00,0,0.0,0,3,5,0
2019-05-09 01:00:00+00:00,2,10.454,1,3,5,0
2019-05-09 02:00:00+00:00,0,0.0,2,3,5,0
2019-05-09 03:00:00+00:00,1,4.95,3,3,5,0
2019-05-09 04:00:00+00:00,0,0.0,4,3,5,0
2019-05-09 05:00:00+00:00,1,5.169,5,3,5,0
2019-05-09 06:00:00+00:00,0,0.0,6,3,5,0
2019-05-09 07:00:00+00:00,0,0.0,7,3,5,0
2019-05-09 08:00:00+00:00,0,0.0,8,3,5,0
2019-05-09 09:00:00+00:00,0,0.0,9,3,5,0
2019-05-09 10:00:00+00:00,0,0.0,10,3,5,0
2019-05-09 11:00:00+00:00,0,0.0,11,3,5,0
2019-05-09 12:00:00+00:00,0,0.0,12,3,5,0
2019-05-09 13:00:00+00:00,1,18.888,13,3,5,0
2019-05-09 14:00:00+00:00,3,15.353000000000002,14,3,5,0
2019-05-09 15:00:00+00:00,10,51.92,15,3,5,0
2019-05-09 16:00:00+00:00,1,2.302,16,3,5,0
2019-05-09 17:00:00+00:00,8,72.90599999999999,17,3,5,0
2019-05-09 18:00:00+00:00,2,31.998,18,3,5,0
2019-05-09 19:00:00+00:00,2,15.508,19,3,5,0
2019-05-09 20:00:00+00:00,2,3.185,20,3,5,0
2019-05-09 21:00:00+00:00,2,6.906000000000001,21,3,5,0
2019-05-09 22:00:00+00:00,1,2.465,22,3,5,0
2019-05-09 23:00:00+00:00,0,0.0,23,3,5,0
2019-05-10 00:00:00+00:00,3,24.139,0,4,5,0
2019-05-10 01:00:00+00:00,2,14.41,1,4,5,0
2019-05-10 02:00:00+00:00,0,0.0,2,4,5,0
2019-05-10 03:00:00+00:00,1,7.506,3,4,5,0
2019-05-10 04:00:00+00:00,0,0.0,4,4,5,0
2019-05-10 05:00:00+00:00,0,0.0,5,4,5,0
2019-05-10 06:00:00+00:00,0,0.0,6,4,5,0
2019-05-10 07:00:00+00:00,0,0.0,7,4,5,0
2019-05-10 08:00:00+00:00,0,0.0,8,4,5,0
2019-05-10 09:00:00+00:00,0,0.0,9,4,5,0
2019-05-10 10:00:00+00:00,0,0.0,10,4,5,0
2019-05-10 11:00:00+00:00,0,0.0,11,4,5,0
2019-05-10 12:00:00+00:00,0,0.0,12,4,5,0
2019-05-10 13:00:00+00:00,2,22.092,13,4,5,0
2019-05-10 14:00:00+00:00,3,35.666000000000004,14,4,5,0
2019-05-10 15:00:00+00:00,6,87.583,15,4,5,0
2019-05-10 16:00:00+00:00,7,38.312,16,4,5,0
2019-05-10 17:00:00+00:00,4,49.607,17,4,5,0
2019-05-10 18:00:00+00:00,3,40.273,18,4,5,0
2019-05-10 19:00:00+00:00,2,15.029,19,4,5,0
2019-05-10 20:00:00+00:00,4,21.164,20,4,5,0
2019-05-10 21:00:00+00:00,1,4.06,21,4,5,0
2019-05-10 22:00:00+00:00,1,2.554,22,4,5,0
2019-05-10 23:00:00+00:00,2,9.799,23,4,5,0
2019-05-11 00:00:00+00:00,0,0.0,0,5,5,1
2019-05-11 01:00:00+00:00,1,49.127,1,5,5,1
2019-05-11 02:00:00+00:00,0,0.0,2,5,5,1
2019-05-11 03:00:00+00:00,0,0.0,3,5,5,1
2019-05-11 04:00:00+00:00,0,0.0,4,5,5,1
2019-05-11 05:00:00+00:00,0,0.0,5,5,5,1
2019-05-11 06:00:00+00:00,0,0.0,6,5,5,1
2019-05-11 07:00:00+00:00,0,0.0,7,5,5,1
2019-05-11 08:00:00+00:00,0,0.0,8,5,5,1
2019-05-11 09:00:00+00:00,0,0.0,9,5,5,1
2019-05-11 10:00:00+00:00,0,0.0,10,5,5,1
2019-05-11 11:00:00+00:00,0,0.0,11,5,5,1
2019-05-11 12:00:00+00:00,0,0.0,12,5,5,1
2019-05-11 13:00:00+00:00,0,0.0,13,5,5,1
2019-05-11 14:00:00+00:00,2,10.394,14,5,5,1
2019-05-11 15:00:00+00:00,3,12.796,15,5,5,1
2019-05-11 16:00:00+00:00,0,0.0,16,5,5,1
2019-05-11 17:00:00+00:00,2,14.103,17,5,5,1
2019-05-11 18:00:00+00:00,2,5.563000000000001,18,5,5,1
2019-05-11 19:00:00+00:00,2,13.494,19,5,5,1
2019-05-11 20:00:00+00:00,1,0.922,20,5,5,1
2019-05-11 21:00:00+00:00,0,0.0,21,5,5,1
2019-05-11 22:00:00+00:00,3,32.571,22,5,5,1
2019-05-11 23:00:00+00:00,2,37.489,23,5,5,1
2019-05-12 00:00:00+00:00,1,0.597,0,6,5,1
2019-05-12 01:00:00+00:00,0,0.0,1,6,5,1
2019-05-12 02:00:00+00:00,1,0.943,2,6,5,1
2019-05-12 03:00:00+00:00,0,0.0,3,6,5,1
2019-05-12 04:00:00+00:00,0,0.0,4,6,5,1
2019-05-12 05:00:00+00:00,1,0.845,5,6,5,1
2019-05-12 06:00:00+00:00,0,0.0,6,6,5,1
2019-05-12 07:00:00+00:00,0,0.0,7,6,5,1
2019-05-12 08:00:00+00:00,1,6.29,8,6,5,1
2019-05-12 09:00:00+00:00,0,0.0,9,6,5,1
2019-05-12 10:00:00+00:00,0,0.0,10,6,5,1
2019-05-12 11:00:00+00:00,0,0.0,11,6,5,1
2019-05-12 12:00:00+00:00,0,0.0,12,6,5,1
2019-05-12 13:00:00+00:00,0,0.0,13,6,5,1
2019-05-12 14:00:00+00:00,0,0.0,14,6,5,1
2019-05-12 15:00:00+00:00,1,5.4,15,6,5,1
2019-05-12 16:00:00+00:00,0,0.0,16,6,5,1
2019-05-12 17:00:00+00:00,1,6.534,17,6,5,1
2019-05-12 18:00:00+00:00,1,1.912,18,6,5,1
2019-05-12 19:00:00+00:00,1,15.601,19,6,5,1
2019-05-12 20:00:00+00:00,1,0.931,20,6,5,1
2019-05-12 21:00:00+00:00,0,0.0,21,6,5,1
2019-05-12 22:00:00+00:00,2,17.921,22,6,5,1
2019-05-12 23:00:00+00:00,0,0.0,23,6,5,1
2019-05-13 00:00:00+00:00,1,10.456,0,0,5,0
2019-05-13 01:00:00+00:00,0,0.0,1,0,5,0
2019-05-13 02:00:00+00:00,0,0.0,2,0,5,0
2019-05-13 03:00:00+00:00,0,0.0,3,0,5,0
2019-05-13 04:00:00+00:00,1,18.249,4,0,5,0
2019-05-13 05:00:00+00:00,0,0.0,5,0,5,0
2019-05-13 06:00:00+00:00,0,0.0,6,0,5,0
2019-05-13 07:00:00+00:00,0,0.0,7,0,5,0
2019-05-13 08:00:00+00:00,0,0.0,8,0,5,0
2019-05-13 09:00:00+00:00,0,0.0,9,0,5,0
2019-05-13 10:00:00+00:00,0,0.0,10,0,5,0
2019-05-13 11:00:00+00:00,0,0.0,11,0,5,0
2019-05-13 12:00:00+00:00,0,0.0,12,0,5,0
2019-05-13 13:00:00+00:00,3,27.928,13,0,5,0
2019-05-13 14:00:00+00:00,3,83.09700000000001,14,0,5,0
2019-05-13 15:00:00+00:00,11,161.523,15,0,5,0
2019-05-13 16:00:00+00:00,7,36.69,16,0,5,0
2019-05-13 17:00:00+00:00,6,91.672,17,0,5,0
2019-05-13 18:00:00+00:00,0,0.0,18,0,5,0
2019-05-13 19:00:00+00:00,3,17.788,19,0,5,0
2019-05-13 20:00:00+00:00,3,18.921,20,0,5,0
2019-05-13 21:00:00+00:00,2,5.892,21,0,5,0
2019-05-13 22:00:00+00:00,0,0.0,22,0,5,0
2019-05-13 23:00:00+00:00,3,24.148,23,0,5,0
2019-05-14 00:00:00+00:00,1,8.779,0,1,5,0
2019-05-14 01:00:00+00:00,1,7.895,1,1,5,0
2019-05-14 02:00:00+00:00,1,6.455,2,1,5,0
2019-05-14 03:00:00+00:00,0,0.0,3,1,5,0
2019-05-14 04:00:00+00:00,2,64.214,4,1,5,0
2019-05-14 05:00:00+00:00,0,0.0,5,1,5,0
2019-05-14 06:00:00+00:00,0,0.0,6,1,5,0
2019-05-14 07:00:00+00:00,0,0.0,7,1,5,0
2019-05-14 08:00:00+00:00,0,0.0,8,1,5,0
2019-05-14 09:00:00+00:00,0,0.0,9,1,5,0
2019-05-14 10:00:00+00:00,0,0.0,10,1,5,0
2019-05-14 11:00:00+00:00,0,0.0,11,1,5,0
2019-05-14 12:00:00+00:00,0,0.0,12,1,5,0
2019-05-14 13:00:00+00:00,1,18.978,13,1,5,0
2019-05-14 14:00:00+00:00,1,5.895,14,1,5,0
2019-05-14 15:00:00+00:00,5,33.229,15,1,5,0
2019-05-14 16:00:00+00:00,13,95.459,16,1,5,0
2019-05-14 17:00:00+00:00,3,24.139,17,1,5,0
2019-05-14 18:00:00+00:00,0,0.0,18,1,5,0
2019-05-14 19:00:00+00:00,2,8.403,19,1,5,0
2019-05-14 20:00:00+00:00,2,14.828,20,1,5,0
2019-05-14 21:00:00+00:00,1,11.486,21,1,5,0
2019-05-14 22:00:00+00:00,1,3.542,22,1,5,0
2019-05-14 23:00:00+00:00,1,5.129,23,1,5,0
2019-05-15 00:00:00+00:00,0,0.0,0,2,5,0
2019-05-15 01:00:00+00:00,0,0.0,1,2,5,0
2019-05-15 02:00:00+00:00,0,0.0,2,2,5,0
2019-05-15 03:00:00+00:00,3,14.525,3,2,5,0
2019-05-15 04:00:00+00:00,0,0.0,4,2,5,0
2019-05-15 05:00:00+00:00,0,0.0,5,2,5,0
2019-05-15 06:00:00+00:00,1,9.831,6,2,5,0
2019-05-15 07:00:00+00:00,0,0.0,7,2,5,0
2019-05-15 08:00:00+00:00,0,0.0,8,2,5,0
2019-05-15 09:00:00+00:00,0,0.0,9,2,5,0
2019-05-15 10:00:00+00:00,0,0.0,10,2,5,0
2019-05-15 11:00:00+00:00,0,0.0,11,2,5,0
2019-05-15 12:00:00+00:00,0,0.0,12,2,5,0
2019-05-15 13:00:00+00:00,1,18.716,13,2,5,0
2019-05-15 14:00:00+00:00,0,0.0,14,2,5,0
2019-05-15 15:00:00+00:00,9,73.397,15,2,5,0
2019-05-15 16:00:00+00:00,14,113.585,16,2,5,0
2019-05-15 17:00:00+00:00,4,60.543227222222235,17,2,5,0
2019-05-15 18:00:00+00:00,2,2.559,18,2,5,0
2019-05-15 19:00:00+00:00,5,29.283,19,2,5,0
2019-05-15 20:00:00+00:00,2,3.256,20,2,5,0
2019-05-15 21:00:00+00:00,0,0.0,21,2,5,0
2019-05-15 22:00:00+00:00,0,0.0,22,2,5,0
2019-05-15 23:00:00+00:00,2,15.047999999999998,23,2,5,0
2019-05-16 00:00:00+00:00,0,0.0,0,3,5,0
2019-05-16 01:00:00+00:00,1,4.14,1,3,5,0
2019-05-16 02:00:00+00:00,1,6.648,2,3,5,0
2019-05-16 03:00:00+00:00,0,0.0,3,3,5,0
2019-05-16 04:00:00+00:00,0,0.0,4,3,5,0
2019-05-16 05:00:00+00:00,0,0.0,5,3,5,0
2019-05-16 06:00:00+00:00,1,52.468,6,3,5,0
2019-05-16 07:00:00+00:00,0,0.0,7,3,5,0
2019-05-16 08:00:00+00:00,0,0.0,8,3,5,0
2019-05-16 09:00:00+00:00,0,0.0,9,3,5,0
2019-05-16 10:00:00+00:00,0,0.0,10,3,5,0
2019-05-16 11:00:00+00:00,0,0.0,11,3,5,0
2019-05-16 12:00:00+00:00,0,0.0,12,3,5,0
2019-05-16 13:00:00+00:00,3,24.055000000000003,13,3,5,0
2019-05-16 14:00:00+00:00,2,24.188,14,3,5,0
2019-05-16 15:00:00+00:00,4,20.882,15,3,5,0
2019-05-16 16:00:00+00:00,5,67.864,16,3,5,0
2019-05-16 17:00:00+00:00,3,30.482,17,3,5,0
2019-05-16 18:00:00+00:00,5,31.47,18,3,5,0
2019-05-16 19:00:00+00:00,4,38.727,19,3,5,0
2019-05-16 20:00:00+00:00,3,8.155,20,3,5,0
2019-05-16 21:00:00+00:00,1,13.37,21,3,5,0
2019-05-16 22:00:00+00:00,0,0.0,22,3,5,0
2019-05-16 23:00:00+00:00,1,4.323,23,3,5,0
2019-05-17 00:00:00+00:00,1,4.423,0,4,5,0
2019-05-17 01:00:00+00:00,2,18.994,1,4,5,0
2019-05-17 02:00:00+00:00,0,0.0,2,4,5,0
2019-05-17 03:00:00+00:00,2,12.818,3,4,5,0
2019-05-17 04:00:00+00:00,1,8.961,4,4,5,0
2019-05-17 05:00:00+00:00,0,0.0,5,4,5,0
2019-05-17 06:00:00+00:00,0,0.0,6,4,5,0
2019-05-17 07:00:00+00:00,0,0.0,7,4,5,0
2019-05-17 08:00:00+00:00,0,0.0,8,4,5,0
2019-05-17 09:00:00+00:00,0,0.0,9,4,5,0
2019-05-17 10:00:00+00:00,0,0.0,10,4,5,0
2019-05-17 11:00:00+00:00,0,0.0,11,4,5,0
2019-05-17 12:00:00+00:00,0,0.0,12,4,5,0
2019-05-17 13:00:00+00:00,2,22.728,13,4,5,0
2019-05-17 14:00:00+00:00,1,0.841,14,4,5,0
2019-05-17 15:00:00+00:00,11,142.851,15,4,5,0
2019-05-17 16:00:00+00:00,7,37.271,16,4,5,0
2019-05-17 17:00:00+00:00,4,45.549,17,4,5,0
2019-05-17 18:00:00+00:00,2,8.775,18,4,5,0
2019-05-17 19:00:00+00:00,3,17.21,19,4,5,0
2019-05-17 20:00:00+00:00,1,9.356,20,4,5,0
2019-05-17 21:00:00+00:00,0,0.0,21,4,5,0
2019-05-17 22:00:00+00:00,1,5.937,22,4,5,0
2019-05-17 23:00:00+00:00,1,5.242,23,4,5,0
2019-05-18 00:00:00+00:00,3,10.313,0,5,5,1
2019-05-18 01:00:00+00:00,0,0.0,1,5,5,1
2019-05-18 02:00:00+00:00,1,11.913,2,5,5,1
2019-05-18 03:00:00+00:00,0,0.0,3,5,5,1
2019-05-18 04:00:00+00:00,0,0.0,4,5,5,1
2019-05-18 05:00:00+00:00,0,0.0,5,5,5,1
2019-05-18 06:00:00+00:00,0,0.0,6,5,5,1
2019-05-18 07:00:00+00:00,0,0.0,7,5,5,1
2019-05-18 08:00:00+00:00,0,0.0,8,5,5,1
2019-05-18 09:00:00+00:00,0,0.0,9,5,5,1
2019-05-18 10:00:00+00:00,0,0.0,10,5,5,1
2019-05-18 11:00:00+00:00,0,0.0,11,5,5,1
2019-05-18 12:00:00+00:00,0,0.0,12,5,5,1
2019-05-18 13:00:00+00:00,0,0.0,13,5,5,1
2019-05-18 14:00:00+00:00,1,11.887,14,5,5,1
2019-05-18 15:00:00+00:00,2,19.899,15,5,5,1
2019-05-18 16:00:00+00:00,0,0.0,16,5,5,1
2019-05-18 17:00:00+00:00,0,0.0,17,5,5,1
2019-05-18 18:00:00+00:00,2,15.42,18,5,5,1
2019-05-18 19:00:00+00:00,1,0.9,19,5,5,1
2019-05-18 20:00:00+00:00,4,7.0489999999999995,20,5,5,1
2019-05-18 21:00:00+00:00,0,0.0,21,5,5,1
2019-05-18 22:00:00+00:00,1,2.128,22,5,5,1
2019-05-18 23:00:00+00:00,0,0.0,23,5,5,1
2019-05-19 00:00:00+00:00,1,3.285,0,6,5,1
2019-05-19 01:00:00+00:00,0,0.0,1,6,5,1
2019-05-19 02:00:00+00:00,2,17.266,2,6,5,1
2019-05-19 03:00:00+00:00,0,0.0,3,6,5,1
2019-05-19 04:00:00+00:00,1,21.388,4,6,5,1
2019-05-19 05:00:00+00:00,1,35.894,5,6,5,1
2019-05-19 06:00:00+00:00,0,0.0,6,6,5,1
2019-05-19 07:00:00+00:00,0,0.0,7,6,5,1
2019-05-19 08:00:00+00:00,0,0.0,8,6,5,1
2019-05-19 09:00:00+00:00,0,0.0,9,6,5,1
2019-05-19 10:00:00+00:00,0,0.0,10,6,5,1
2019-05-19 11:00:00+00:00,0,0.0,11,6,5,1
2019-05-19 12:00:00+00:00,0,0.0,12,6,5,1
2019-05-19 13:00:00+00:00,0,0.0,13,6,5,1
2019-05-19 14:00:00+00:00,0,0.0,14,6,5,1
2019-05-19 15:00:00+00:00,1,4.132,15,6,5,1
2019-05-19 16:00:00+00:00,1,14.278,16,6,5,1
2019-05-19 17:00:00+00:00,1,13.306,17,6,5,1
2019-05-19 18:00:00+00:00,2,37.298,18,6,5,1
2019-05-19 19:00:00+00:00,2,11.074,19,6,5,1
2019-05-19 20:00:00+00:00,1,2.834,20,6,5,1
2019-05-19 21:00:00+00:00,0,0.0,21,6,5,1
2019-05-19 22:00:00+00:00,3,27.796,22,6,5,1
2019-05-19 23:00:00+00:00,0,0.0,23,6,5,1
2019-05-20 00:00:00+00:00,1,0.957,0,0,5,0
2019-05-20 01:00:00+00:00,0,0.0,1,0,5,0
2019-05-20 02:00:00+00:00,1,8.176,2,0,5,0
2019-05-20 03:00:00+00:00,0,0.0,3,0,5,0
2019-05-20 04:00:00+00:00,1,4.791,4,0,5,0
2019-05-20 05:00:00+00:00,0,0.0,5,0,5,0
2019-05-20 06:00:00+00:00,0,0.0,6,0,5,0
2019-05-20 07:00:00+00:00,0,0.0,7,0,5,0
2019-05-20 08:00:00+00:00,0,0.0,8,0,5,0
2019-05-20 09:00:00+00:00,0,0.0,9,0,5,0
2019-05-20 10:00:00+00:00,0,0.0,10,0,5,0
2019-05-20 11:00:00+00:00,0,0.0,11,0,5,0
2019-05-20 12:00:00+00:00,0,0.0,12,0,5,0
2019-05-20 13:00:00+00:00,1,18.984,13,0,5,0
2019-05-20 14:00:00+00:00,3,23.811,14,0,5,0
2019-05-20 15:00:00+00:00,12,101.277,15,0,5,0
2019-05-20 16:00:00+00:00,9,71.2,16,0,5,0
2019-05-20 17:00:00+00:00,4,24.004,17,0,5,0
2019-05-20 18:00:00+00:00,2,25.049999999999997,18,0,5,0
2019-05-20 19:00:00+00:00,4,15.911,19,0,5,0
2019-05-20 20:00:00+00:00,0,0.0,20,0,5,0
2019-05-20 21:00:00+00:00,0,0.0,21,0,5,0
2019-05-20 22:00:00+00:00,0,0.0,22,0,5,0
2019-05-20 23:00:00+00:00,1,4.233,23,0,5,0
2019-05-21 00:00:00+00:00,0,0.0,0,1,5,0
2019-05-21 01:00:00+00:00,1,7.886,1,1,5,0
2019-05-21 02:00:00+00:00,0,0.0,2,1,5,0
2019-05-21 03:00:00+00:00,0,0.0,3,1,5,0
2019-05-21 04:00:00+00:00,1,11.847,4,1,5,0
2019-05-21 05:00:00+00:00,1,13.544,5,1,5,0
2019-05-21 06:00:00+00:00,0,0.0,6,1,5,0
2019-05-21 07:00:00+00:00,0,0.0,7,1,5,0
2019-05-21 08:00:00+00:00,0,0.0,8,1,5,0
2019-05-21 09:00:00+00:00,0,0.0,9,1,5,0
2019-05-21 10:00:00+00:00,0,0.0,10,1,5,0
2019-05-21 11:00:00+00:00,0,0.0,11,1,5,0
2019-05-21 12:00:00+00:00,0,0.0,12,1,5,0
2019-05-21 13:00:00+00:00,2,21.469,13,1,5,0
2019-05-21 14:00:00+00:00,3,68.52199999999999,14,1,5,0
2019-05-21 15:00:00+00:00,8,44.807,15,1,5,0
2019-05-21 16:00:00+00:00,11,96.403,16,1,5,0
2019-05-21 17:00:00+00:00,6,53.398,17,1,5,0
2019-05-21 18:00:00+00:00,2,69.494,18,1,5,0
2019-05-21 19:00:00+00:00,2,3.798,19,1,5,0
2019-05-21 20:00:00+00:00,1,6.824,20,1,5,0
2019-05-21 21:00:00+00:00,1,3.978,21,1,5,0
2019-05-21 22:00:00+00:00,0,0.0,22,1,5,0
2019-05-21 23:00:00+00:00,1,4.746,23,1,5,0
2019-05-22 00:00:00+00:00,1,0.859,0,2,5,0
2019-05-22 01:00:00+00:00,0,0.0,1,2,5,0
2019-05-22 02:00:00+00:00,0,0.0,2,2,5,0
2019-05-22 03:00:00+00:00,1,8.193,3,2,5,0
2019-05-22 04:00:00+00:00,1,4.161,4,2,5,0
2019-05-22 05:00:00+00:00,0,0.0,5,2,5,0
2019-05-22 06:00:00+00:00,0,0.0,6,2,5,0
2019-05-22 07:00:00+00:00,0,0.0,7,2,5,0
2019-05-22 08:00:00+00:00,0,0.0,8,2,5,0
2019-05-22 09:00:00+00:00,0,0.0,9,2,5,0
2019-05-22 10:00:00+00:00,0,0.0,10,2,5,0
2019-05-22 11:00:00+00:00,0,0.0,11,2,5,0
2019-05-22 12:00:00+00:00,0,0.0,12,2,5,0
2019-05-22 13:00:00+00:00,1,19.197,13,2,5,0
2019-05-22 14:00:00+00:00,6,49.127,14,2,5,0
2019-05-22 15:00:00+00:00,10,70.506,15,2,5,0
2019-05-22 16:00:00+00:00,9,70.569,16,2,5,0
2019-05-22 17:00:00+00:00,6,33.955999999999996,17,2,5,0
2019-05-22 18:00:00+00:00,2,36.857,18,2,5,0
2019-05-22 19:00:00+00:00,3,17.711,19,2,5,0
2019-05-22 20:00:00+00:00,2,2.359,20,2,5,0
2019-05-22 21:00:00+00:00,0,0.0,21,2,5,0
2019-05-22 22:00:00+00:00,0,0.0,22,2,5,0
2019-05-22 23:00:00+00:00,1,9.826,23,2,5,0
2019-05-23 00:00:00+00:00,1,0.777,0,3,5,0
2019-05-23 01:00:00+00:00,1,5.472,1,3,5,0
2019-05-23 02:00:00+00:00,0,0.0,2,3,5,0
2019-05-23 03:00:00+00:00,1,0.887,3,3,5,0
2019-05-23 04:00:00+00:00,1,4.17,4,3,5,0
2019-05-23 05:00:00+00:00,0,0.0,5,3,5,0
2019-05-23 06:00:00+00:00,1,0.807,6,3,5,0
2019-05-23 07:00:00+00:00,0,0.0,7,3,5,0
2019-05-23 08:00:00+00:00,0,0.0,8,3,5,0
2019-05-23 09:00:00+00:00,0,0.0,9,3,5,0
2019-05-23 10:00:00+00:00,0,0.0,10,3,5,0
2019-05-23 11:00:00+00:00,0,0.0,11,3,5,0
2019-05-23 12:00:00+00:00,0,0.0,12,3,5,0
2019-05-23 13:00:00+00:00,0,0.0,13,3,5,0
2019-05-23 14:00:00+00:00,2,1.5579999999999998,14,3,5,0
2019-05-23 15:00:00+00:00,10,52.626999999999995,15,3,5,0
2019-05-23 16:00:00+00:00,6,76.29599999999999,16,3,5,0
2019-05-23 17:00:00+00:00,6,32.696,17,3,5,0
2019-05-23 18:00:00+00:00,2,13.345,18,3,5,0
2019-05-23 19:00:00+00:00,6,61.355,19,3,5,0
2019-05-23 20:00:00+00:00,4,17.19562722222222,20,3,5,0
2019-05-23 21:00:00+00:00,1,0.734,21,3,5,0
2019-05-23 22:00:00+00:00,1,3.418,22,3,5,0
2019-05-23 23:00:00+00:00,1,6.188,23,3,5,0
2019-05-24 00:00:00+00:00,2,13.563,0,4,5,0
2019-05-24 01:00:00+00:00,4,16.46,1,4,5,0
2019-05-24 02:00:00+00:00,0,0.0,2,4,5,0
2019-05-24 03:00:00+00:00,0,0.0,3,4,5,0
2019-05-24 04:00:00+00:00,0,0.0,4,4,5,0
2019-05-24 05:00:00+00:00,0,0.0,5,4,5,0
2019-05-24 06:00:00+00:00,0,0.0,6,4,5,0
2019-05-24 07:00:00+00:00,0,0.0,7,4,5,0
2019-05-24 08:00:00+00:00,0,0.0,8,4,5,0
2019-05-24 09:00:00+00:00,0,0.0,9,4,5,0
2019-05-24 10:00:00+00:00,0,0.0,10,4,5,0
2019-05-24 11:00:00+00:00,0,0.0,11,4,5,0
2019-05-24 12:00:00+00:00,0,0.0,12,4,5,0
2019-05-24 13:00:00+00:00,2,22.385,13,4,5,0
2019-05-24 14:00:00+00:00,1,20.895,14,4,5,0
2019-05-24 15:00:00+00:00,8,78.947,15,4,5,0
2019-05-24 16:00:00+00:00,8,74.599,16,4,5,0
2019-05-24 17:00:00+00:00,1,14.042,17,4,5,0
2019-05-24 18:00:00+00:00,1,2.197,18,4,5,0
2019-05-24 19:00:00+00:00,5,19.76,19,4,5,0
2019-05-24 20:00:00+00:00,2,6.702,20,4,5,0
2019-05-24 21:00:00+00:00,0,0.0,21,4,5,0
2019-05-24 22:00:00+00:00,0,0.0,22,4,5,0
2019-05-24 23:00:00+00:00,0,0.0,23,4,5,0
2019-05-25 00:00:00+00:00,0,0.0,0,5,5,1
2019-05-25 01:00:00+00:00,0,0.0,1,5,5,1
2019-05-25 02:00:00+00:00,0,0.0,2,5,5,1
2019-05-25 03:00:00+00:00,1,5.694,3,5,5,1
2019-05-25 04:00:00+00:00,0,0.0,4,5,5,1
2019-05-25 05:00:00+00:00,0,0.0,5,5,5,1
2019-05-25 06:00:00+00:00,1,11.504,6,5,5,1
2019-05-25 07:00:00+00:00,0,0.0,7,5,5,1
2019-05-25 08:00:00+00:00,0,0.0,8,5,5,1
2019-05-25 09:00:00+00:00,0,0.0,9,5,5,1
2019-05-25 10:00:00+00:00,0,0.0,10,5,5,1
2019-05-25 11:00:00+00:00,0,0.0,11,5,5,1
2019-05-25 12:00:00+00:00,0,0.0,12,5,5,1
2019-05-25 13:00:00+00:00,0,0.0,13,5,5,1
2019-05-25 14:00:00+00:00,0,0.0,14,5,5,1
2019-05-25 15:00:00+00:00,0,0.0,15,5,5,1
2019-05-25 16:00:00+00:00,1,4.56,16,5,5,1
2019-05-25 17:00:00+00:00,1,2.011,17,5,5,1
2019-05-25 18:00:00+00:00,1,14.194,18,5,5,1
2019-05-25 19:00:00+00:00,2,10.38,19,5,5,1
2019-05-25 20:00:00+00:00,0,0.0,20,5,5,1
2019-05-25 21:00:00+00:00,0,0.0,21,5,5,1
2019-05-25 22:00:00+00:00,1,3.065,22,5,5,1
2019-05-25 23:00:00+00:00,1,50.229,23,5,5,1
2019-05-26 00:00:00+00:00,1,0.624,0,6,5,1
2019-05-26 01:00:00+00:00,0,0.0,1,6,5,1
2019-05-26 02:00:00+00:00,0,0.0,2,6,5,1
2019-05-26 03:00:00+00:00,0,0.0,3,6,5,1
2019-05-26 04:00:00+00:00,0,0.0,4,6,5,1
2019-05-26 05:00:00+00:00,1,15.368,5,6,5,1
2019-05-26 06:00:00+00:00,0,0.0,6,6,5,1
2019-05-26 07:00:00+00:00,0,0.0,7,6,5,1
2019-05-26 08:00:00+00:00,0,0.0,8,6,5,1
2019-05-26 09:00:00+00:00,0,0.0,9,6,5,1
2019-05-26 10:00:00+00:00,0,0.0,10,6,5,1
2019-05-26 11:00:00+00:00,1,26.0,11,6,5,1
2019-05-26 12:00:00+00:00,0,0.0,12,6,5,1
2019-05-26 13:00:00+00:00,0,0.0,13,6,5,1
2019-05-26 14:00:00+00:00,1,4.244,14,6,5,1
2019-05-26 15:00:00+00:00,0,0.0,15,6,5,1
2019-05-26 16:00:00+00:00,1,10.667,16,6,5,1
2019-05-26 17:00:00+00:00,0,0.0,17,6,5,1
2019-05-26 18:00:00+00:00,0,0.0,18,6,5,1
2019-05-26 19:00:00+00:00,0,0.0,19,6,5,1
2019-05-26 20:00:00+00:00,0,0.0,20,6,5,1
2019-05-26 21:00:00+00:00,2,46.885,21,6,5,1
2019-05-26 22:00:00+00:00,1,3.242,22,6,5,1
2019-05-26 23:00:00+00:00,1,4.403,23,6,5,1
2019-05-27 00:00:00+00:00,1,0.911,0,0,5,0
2019-05-27 01:00:00+00:00,0,0.0,1,0,5,0
2019-05-27 02:00:00+00:00,0,0.0,2,0,5,0
2019-05-27 03:00:00+00:00,0,0.0,3,0,5,0
2019-05-27 04:00:00+00:00,1,52.366,4,0,5,0
2019-05-27 05:00:00+00:00,0,0.0,5,0,5,0
2019-05-27 06:00:00+00:00,1,0.863,6,0,5,0
2019-05-27 07:00:00+00:00,0,0.0,7,0,5,0
2019-05-27 08:00:00+00:00,0,0.0,8,0,5,0
2019-05-27 09:00:00+00:00,0,0.0,9,0,5,0
2019-05-27 10:00:00+00:00,0,0.0,10,0,5,0
2019-05-27 11:00:00+00:00,0,0.0,11,0,5,0
2019-05-27 12:00:00+00:00,0,0.0,12,0,5,0
2019-05-27 13:00:00+00:00,0,0.0,13,0,5,0
2019-05-27 14:00:00+00:00,1,4.552,14,0,5,0
2019-05-27 15:00:00+00:00,1,6.602,15,0,5,0
2019-05-27 16:00:00+00:00,2,22.016,16,0,5,0
2019-05-27 17:00:00+00:00,1,25.899,17,0,5,0
2019-05-27 18:00:00+00:00,1,9.674,18,0,5,0
2019-05-27 19:00:00+00:00,1,2.651,19,0,5,0
2019-05-27 20:00:00+00:00,0,0.0,20,0,5,0
2019-05-27 21:00:00+00:00,0,0.0,21,0,5,0
2019-05-27 22:00:00+00:00,1,4.858,22,0,5,0
2019-05-27 23:00:00+00:00,1,5.878,23,0,5,0
2019-05-28 00:00:00+00:00,0,0.0,0,1,5,0
2019-05-28 01:00:00+00:00,2,13.989,1,1,5,0
2019-05-28 02:00:00+00:00,0,0.0,2,1,5,0
2019-05-28 03:00:00+00:00,0,0.0,3,1,5,0
2019-05-28 04:00:00+00:00,0,0.0,4,1,5,0
2019-05-28 05:00:00+00:00,0,0.0,5,1,5,0
2019-05-28 06:00:00+00:00,0,0.0,6,1,5,0
2019-05-28 07:00:00+00:00,0,0.0,7,1,5,0
2019-05-28 08:00:00+00:00,0,0.0,8,1,5,0
2019-05-28 09:00:00+00:00,0,0.0,9,1,5,0
2019-05-28 10:00:00+00:00,0,0.0,10,1,5,0
2019-05-28 11:00:00+00:00,0,0.0,11,1,5,0
2019-05-28 12:00:00+00:00,0,0.0,12,1,5,0
2019-05-28 13:00:00+00:00,2,22.26,13,1,5,0
2019-05-28 14:00:00+00:00,1,0.863,14,1,5,0
2019-05-28 15:00:00+00:00,7,67.437,15,1,5,0
2019-05-28 16:00:00+00:00,12,67.464,16,1,5,0
2019-05-28 17:00:00+00:00,7,90.533,17,1,5,0
2019-05-28 18:00:00+00:00,1,17.757,18,1,5,0
2019-05-28 19:00:00+00:00,0,0.0,19,1,5,0
2019-05-28 20:00:00+00:00,4,7.618,20,1,5,0
2019-05-28 21:00:00+00:00,0,0.0,21,1,5,0
2019-05-28 22:00:00+00:00,0,0.0,22,1,5,0
2019-05-28 23:00:00+00:00,0,0.0,23,1,5,0
2019-05-29 00:00:00+00:00,2,16.637999999999998,0,2,5,0
2019-05-29 01:00:00+00:00,0,0.0,1,2,5,0
2019-05-29 02:00:00+00:00,1,10.891,2,2,5,0
2019-05-29 03:00:00+00:00,1,7.428,3,2,5,0
2019-05-29 04:00:00+00:00,0,0.0,4,2,5,0
2019-05-29 05:00:00+00:00,0,0.0,5,2,5,0
2019-05-29 06:00:00+00:00,0,0.0,6,2,5,0
2019-05-29 07:00:00+00:00,0,0.0,7,2,5,0
2019-05-29 08:00:00+00:00,0,0.0,8,2,5,0
2019-05-29 09:00:00+00:00,0,0.0,9,2,5,0
2019-05-29 10:00:00+00:00,0,0.0,10,2,5,0
2019-05-29 11:00:00+00:00,0,0.0,11,2,5,0
2019-05-29 12:00:00+00:00,0,0.0,12,2,5,0
2019-05-29 13:00:00+00:00,2,22.667,13,2,5,0
2019-05-29 14:00:00+00:00,2,16.286,14,2,5,0
2019-05-29 15:00:00+00:00,14,108.314,15,2,5,0
2019-05-29 16:00:00+00:00,6,41.915,16,2,5,0
2019-05-29 17:00:00+00:00,3,29.568,17,2,5,0
2019-05-29 18:00:00+00:00,1,2.077,18,2,5,0
2019-05-29 19:00:00+00:00,1,1.64,19,2,5,0
2019-05-29 20:00:00+00:00,1,1.036,20,2,5,0
2019-05-29 21:00:00+00:00,0,0.0,21,2,5,0
2019-05-29 22:00:00+00:00,1,4.204,22,2,5,0
2019-05-29 23:00:00+00:00,2,5.974,23,2,5,0
2019-05-30 00:00:00+00:00,0,0.0,0,3,5,0
2019-05-30 01:00:00+00:00,3,15.222,1,3,5,0
2019-05-30 02:00:00+00:00,0,0.0,2,3,5,0
2019-05-30 03:00:00+00:00,0,0.0,3,3,5,0
2019-05-30 04:00:00+00:00,2,17.485,4,3,5,0
2019-05-30 05:00:00+00:00,0,0.0,5,3,5,0
2019-05-30 06:00:00+00:00,0,0.0,6,3,5,0
2019-05-30 07:00:00+00:00,0,0.0,7,3,5,0
2019-05-30 08:00:00+00:00,0,0.0,8,3,5,0
2019-05-30 09:00:00+00:00,0,0.0,9,3,5,0
2019-05-30 10:00:00+00:00,0,0.0,10,3,5,0
2019-05-30 11:00:00+00:00,0,0.0,11,3,5,0
2019-05-30 12:00:00+00:00,0,0.0,12,3,5,0
2019-05-30 13:00:00+00:00,2,22.456000000000003,13,3,5,0
2019-05-30 14:00:00+00:00,1,17.883,14,3,5,0
2019-05-30 15:00:00+00:00,7,55.437,15,3,5,0
2019-05-30 16:00:00+00:00,9,100.588,16,3,5,0
2019-05-30 17:00:00+00:00,5,79.05000000000001,17,3,5,0
2019-05-30 18:00:00+00:00,0,0.0,18,3,5,0
2019-05-30 19:00:00+00:00,1,6.581,19,3,5,0
2019-05-30 20:00:00+00:00,4,29.939,20,3,5,0
2019-05-30 21:00:00+00:00,0,0.0,21,3,5,0
2019-05-30 22:00:00+00:00,1,0.842,22,3,5,0
2019-05-30 23:00:00+00:00,0,0.0,23,3,5,0
2019-05-31 00:00:00+00:00,2,5.125,0,4,5,0
2019-05-31 01:00:00+00:00,0,0.0,1,4,5,0
2019-05-31 02:00:00+00:00,0,0.0,2,4,5,0
2019-05-31 03:00:00+00:00,0,0.0,3,4,5,0
2019-05-31 04:00:00+00:00,0,0.0,4,4,5,0
2019-05-31 05:00:00+00:00,0,0.0,5,4,5,0
2019-05-31 06:00:00+00:00,0,0.0,6,4,5,0
2019-05-31 07:00:00+00:00,0,0.0,7,4,5,0
2019-05-31 08:00:00+00:00,0,0.0,8,4,5,0
2019-05-31 09:00:00+00:00,0,0.0,9,4,5,0
2019-05-31 10:00:00+00:00,0,0.0,10,4,5,0
2019-05-31 11:00:00+00:00,0,0.0,11,4,5,0
2019-05-31 12:00:00+00:00,0,0.0,12,4,5,0
2019-05-31 13:00:00+00:00,1,18.984,13,4,5,0
2019-05-31 14:00:00+00:00,3,26.179,14,4,5,0
2019-05-31 15:00:00+00:00,7,79.844,15,4,5,0
2019-05-31 16:00:00+00:00,4,32.433,16,4,5,0
2019-05-31 17:00:00+00:00,7,54.192,17,4,5,0
2019-05-31 18:00:00+00:00,4,14.646999999999998,18,4,5,0
2019-05-31 19:00:00+00:00,5,57.942,19,4,5,0
2019-05-31 20:00:00+00:00,1,1.863,20,4,5,0
2019-05-31 21:00:00+00:00,1,0.9096419444444444,21,4,5,0
2019-05-31 22:00:00+00:00,3,14.878,22,4,5,0
2019-05-31 23:00:00+00:00,0,0.0,23,4,5,0
2019-06-01 00:00:00+00:00,0,0.0,0,5,6,1
2019-06-01 01:00:00+00:00,1,10.541,1,5,6,1
2019-06-01 02:00:00+00:00,0,0.0,2,5,6,1
2019-06-01 03:00:00+00:00,0,0.0,3,5,6,1
2019-06-01 04:00:00+00:00,1,11.865,4,5,6,1
2019-06-01 05:00:00+00:00,0,0.0,5,5,6,1
2019-06-01 06:00:00+00:00,0,0.0,6,5,6,1
2019-06-01 07:00:00+00:00,0,0.0,7,5,6,1
2019-06-01 08:00:00+00:00,0,0.0,8,5,6,1
2019-06-01 09:00:00+00:00,0,0.0,9,5,6,1
2019-06-01 10:00:00+00:00,0,0.0,10,5,6,1
2019-06-01 11:00:00+00:00,0,0.0,11,5,6,1
2019-06-01 12:00:00+00:00,0,0.0,12,5,6,1
2019-06-01 13:00:00+00:00,0,0.0,13,5,6,1
2019-06-01 14:00:00+00:00,1,8.082,14,5,6,1
2019-06-01 15:00:00+00:00,0,0.0,15,5,6,1
2019-06-01 16:00:00+00:00,2,6.838,16,5,6,1
2019-06-01 17:00:00+00:00,3,4.252,17,5,6,1
2019-06-01 18:00:00+00:00,2,2.696,18,5,6,1
2019-06-01 19:00:00+00:00,0,0.0,19,5,6,1
2019-06-01 20:00:00+00:00,0,0.0,20,5,6,1
2019-06-01 21:00:00+00:00,2,16.692999999999998,21,5,6,1
2019-06-01 22:00:00+00:00,2,46.565999999999995,22,5,6,1
2019-06-01 23:00:00+00:00,0,0.0,23,5,6,1
2019-06-02 00:00:00+00:00,1,37.264,0,6,6,1
2019-06-02 01:00:00+00:00,0,0.0,1,6,6,1
2019-06-02 02:00:00+00:00,0,0.0,2,6,6,1
2019-06-02 03:00:00+00:00,0,0.0,3,6,6,1
2019-06-02 04:00:00+00:00,0,0.0,4,6,6,1
2019-06-02 05:00:00+00:00,0,0.0,5,6,6,1
2019-06-02 06:00:00+00:00,0,0.0,6,6,6,1
2019-06-02 07:00:00+00:00,0,0.0,7,6,6,1
2019-06-02 08:00:00+00:00,0,0.0,8,6,6,1
2019-06-02 09:00:00+00:00,0,0.0,9,6,6,1
2019-06-02 10:00:00+00:00,0,0.0,10,6,6,1
2019-06-02 11:00:00+00:00,0,0.0,11,6,6,1
2019-06-02 12:00:00+00:00,0,0.0,12,6,6,1
2019-06-02 13:00:00+00:00,0,0.0,13,6,6,1
2019-06-02 14:00:00+00:00,0,0.0,14,6,6,1
2019-06-02 15:00:00+00:00,0,0.0,15,6,6,1
2019-06-02 16:00:00+00:00,2,4.458,16,6,6,1
2019-06-02 17:00:00+00:00,2,24.173,17,6,6,1
2019-06-02 18:00:00+00:00,0,0.0,18,6,6,1
2019-06-02 19:00:00+00:00,1,22.366,19,6,6,1
2019-06-02 20:00:00+00:00,0,0.0,20,6,6,1
2019-06-02 21:00:00+00:00,1,43.275,21,6,6,1
2019-06-02 22:00:00+00:00,0,0.0,22,6,6,1
2019-06-02 23:00:00+00:00,0,0.0,23,6,6,1
2019-06-03 00:00:00+00:00,0,0.0,0,0,6,0
2019-06-03 01:00:00+00:00,0,0.0,1,0,6,0
2019-06-03 02:00:00+00:00,0,0.0,2,0,6,0
2019-06-03 03:00:00+00:00,0,0.0,3,0,6,0
2019-06-03 04:00:00+00:00,1,1.971,4,0,6,0
2019-06-03 05:00:00+00:00,0,0.0,5,0,6,0
2019-06-03 06:00:00+00:00,1,16.0,6,0,6,0
2019-06-03 07:00:00+00:00,0,0.0,7,0,6,0
2019-06-03 08:00:00+00:00,0,0.0,8,0,6,0
2019-06-03 09:00:00+00:00,0,0.0,9,0,6,0
2019-06-03 10:00:00+00:00,0,0.0,10,0,6,0
2019-06-03 11:00:00+00:00,0,0.0,11,0,6,0
2019-06-03 12:00:00+00:00,0,0.0,12,0,6,0
2019-06-03 13:00:00+00:00,2,22.534,13,0,6,0
2019-06-03 14:00:00+00:00,2,49.242,14,0,6,0
2019-06-03 15:00:00+00:00,9,96.294,15,0,6,0
2019-06-03 16:00:00+00:00,8,48.067,16,0,6,0
2019-06-03 17:00:00+00:00,3,39.028,17,0,6,0
2019-06-03 18:00:00+00:00,3,20.785,18,0,6,0
2019-06-03 19:00:00+00:00,3,20.247,19,0,6,0
2019-06-03 20:00:00+00:00,1,1.462,20,0,6,0
2019-06-03 21:00:00+00:00,2,6.897,21,0,6,0
2019-06-03 22:00:00+00:00,1,7.653,22,0,6,0
2019-06-03 23:00:00+00:00,3,12.909,23,0,6,0
2019-06-04 00:00:00+00:00,2,9.589,0,1,6,0
2019-06-04 01:00:00+00:00,1,7.165,1,1,6,0
2019-06-04 02:00:00+00:00,1,14.882,2,1,6,0
2019-06-04 03:00:00+00:00,1,54.837,3,1,6,0
2019-06-04 04:00:00+00:00,1,11.741,4,1,6,0
2019-06-04 05:00:00+00:00,0,0.0,5,1,6,0
2019-06-04 06:00:00+00:00,0,0.0,6,1,6,0
2019-06-04 07:00:00+00:00,0,0.0,7,1,6,0
2019-06-04 08:00:00+00:00,0,0.0,8,1,6,0
2019-06-04 09:00:00+00:00,0,0.0,9,1,6,0
2019-06-04 10:00:00+00:00,0,0.0,10,1,6,0
2019-06-04 11:00:00+00:00,0,0.0,11,1,6,0
2019-06-04 12:00:00+00:00,0,0.0,12,1,6,0
2019-06-04 13:00:00+00:00,2,34.587,13,1,6,0
2019-06-04 14:00:00+00:00,3,31.732,14,1,6,0
2019-06-04 15:00:00+00:00,8,73.109,15,1,6,0
2019-06-04 16:00:00+00:00,7,25.357,16,1,6,0
2019-06-04 17:00:00+00:00,4,23.799999999999997,17,1,6,0
2019-06-04 18:00:00+00:00,1,17.476,18,1,6,0
2019-06-04 19:00:00+00:00,4,27.963,19,1,6,0
2019-06-04 20:00:00+00:00,2,7.212,20,1,6,0
2019-06-04 21:00:00+00:00,1,7.196,21,1,6,0
2019-06-04 22:00:00+00:00,0,0.0,22,1,6,0
2019-06-04 23:00:00+00:00,2,5.227,23,1,6,0
2019-06-05 00:00:00+00:00,1,11.01,0,2,6,0
2019-06-05 01:00:00+00:00,0,0.0,1,2,6,0
2019-06-05 02:00:00+00:00,1,12.676,2,2,6,0
2019-06-05 03:00:00+00:00,1,7.27,3,2,6,0
2019-06-05 04:00:00+00:00,0,0.0,4,2,6,0
2019-06-05 05:00:00+00:00,0,0.0,5,2,6,0
2019-06-05 06:00:00+00:00,0,0.0,6,2,6,0
2019-06-05 07:00:00+00:00,0,0.0,7,2,6,0
2019-06-05 08:00:00+00:00,0,0.0,8,2,6,0
2019-06-05 09:00:00+00:00,0,0.0,9,2,6,0
2019-06-05 10:00:00+00:00,0,0.0,10,2,6,0
2019-06-05 11:00:00+00:00,0,0.0,11,2,6,0
2019-06-05 12:00:00+00:00,0,0.0,12,2,6,0
2019-06-05 13:00:00+00:00,1,17.987,13,2,6,0
2019-06-05 14:00:00+00:00,1,9.157,14,2,6,0
2019-06-05 15:00:00+00:00,7,51.747,15,2,6,0
2019-06-05 16:00:00+00:00,11,110.472,16,2,6,0
2019-06-05 17:00:00+00:00,3,16.401,17,2,6,0
2019-06-05 18:00:00+00:00,2,1.858,18,2,6,0
2019-06-05 19:00:00+00:00,2,5.034,19,2,6,0
2019-06-05 20:00:00+00:00,3,4.532,20,2,6,0
2019-06-05 21:00:00+00:00,2,19.151999999999997,21,2,6,0
2019-06-05 22:00:00+00:00,0,0.0,22,2,6,0
2019-06-05 23:00:00+00:00,1,4.855,23,2,6,0
2019-06-06 00:00:00+00:00,1,6.277,0,3,6,0
2019-06-06 01:00:00+00:00,1,9.449,1,3,6,0
2019-06-06 02:00:00+00:00,0,0.0,2,3,6,0
2019-06-06 03:00:00+00:00,0,0.0,3,3,6,0
2019-06-06 04:00:00+00:00,1,14.869,4,3,6,0
2019-06-06 05:00:00+00:00,0,0.0,5,3,6,0
2019-06-06 06:00:00+00:00,0,0.0,6,3,6,0
2019-06-06 07:00:00+00:00,0,0.0,7,3,6,0
2019-06-06 08:00:00+00:00,0,0.0,8,3,6,0
2019-06-06 09:00:00+00:00,0,0.0,9,3,6,0
2019-06-06 10:00:00+00:00,0,0.0,10,3,6,0
2019-06-06 11:00:00+00:00,0,0.0,11,3,6,0
2019-06-06 12:00:00+00:00,0,0.0,12,3,6,0
2019-06-06 13:00:00+00:00,1,18.731,13,3,6,0
2019-06-06 14:00:00+00:00,1,5.575,14,3,6,0
2019-06-06 15:00:00+00:00,11,78.708,15,3,6,0
2019-06-06 16:00:00+00:00,4,17.992,16,3,6,0
2019-06-06 17:00:00+00:00,5,35.318,17,3,6,0
2019-06-06 18:00:00+00:00,3,30.072000000000003,18,3,6,0
2019-06-06 19:00:00+00:00,1,2.286,19,3,6,0
2019-06-06 20:00:00+00:00,2,2.310976105137085,20,3,6,0
2019-06-06 21:00:00+00:00,3,10.951999999999998,21,3,6,0
2019-06-06 22:00:00+00:00,0,0.0,22,3,6,0
2019-06-06 23:00:00+00:00,2,27.749,23,3,6,0
2019-06-07 00:00:00+00:00,1,7.884,0,4,6,0
2019-06-07 01:00:00+00:00,0,0.0,1,4,6,0
2019-06-07 02:00:00+00:00,0,0.0,2,4,6,0
2019-06-07 03:00:00+00:00,1,7.557,3,4,6,0
2019-06-07 04:00:00+00:00,0,0.0,4,4,6,0
2019-06-07 05:00:00+00:00,0,0.0,5,4,6,0
2019-06-07 06:00:00+00:00,0,0.0,6,4,6,0
2019-06-07 07:00:00+00:00,0,0.0,7,4,6,0
2019-06-07 08:00:00+00:00,0,0.0,8,4,6,0
2019-06-07 09:00:00+00:00,0,0.0,9,4,6,0
2019-06-07 10:00:00+00:00,0,0.0,10,4,6,0
2019-06-07 11:00:00+00:00,0,0.0,11,4,6,0
2019-06-07 12:00:00+00:00,0,0.0,12,4,6,0
2019-06-07 13:00:00+00:00,2,24.062,13,4,6,0
2019-06-07 14:00:00+00:00,1,7.185,14,4,6,0
2019-06-07 15:00:00+00:00,5,63.657,15,4,6,0
2019-06-07 16:00:00+00:00,7,75.36500000000001,16,4,6,0
2019-06-07 17:00:00+00:00,5,52.054,17,4,6,0
2019-06-07 18:00:00+00:00,3,34.642,18,4,6,0
2019-06-07 19:00:00+00:00,2,4.021,19,4,6,0
2019-06-07 20:00:00+00:00,4,22.71,20,4,6,0
2019-06-07 21:00:00+00:00,1,2.813,21,4,6,0
2019-06-07 22:00:00+00:00,2,15.843,22,4,6,0
2019-06-07 23:00:00+00:00,0,0.0,23,4,6,0
2019-06-08 00:00:00+00:00,1,0.881,0,5,6,1
2019-06-08 01:00:00+00:00,1,0.946,1,5,6,1
2019-06-08 02:00:00+00:00,0,0.0,2,5,6,1
2019-06-08 03:00:00+00:00,1,0.869,3,5,6,1
2019-06-08 04:00:00+00:00,1,3.521,4,5,6,1
2019-06-08 05:00:00+00:00,0,0.0,5,5,6,1
2019-06-08 06:00:00+00:00,0,0.0,6,5,6,1
2019-06-08 07:00:00+00:00,0,0.0,7,5,6,1
2019-06-08 08:00:00+00:00,0,0.0,8,5,6,1
2019-06-08 09:00:00+00:00,0,0.0,9,5,6,1
2019-06-08 10:00:00+00:00,0,0.0,10,5,6,1
2019-06-08 11:00:00+00:00,0,0.0,11,5,6,1
2019-06-08 12:00:00+00:00,0,0.0,12,5,6,1
2019-06-08 13:00:00+00:00,0,0.0,13,5,6,1
2019-06-08 14:00:00+00:00,1,9.869,14,5,6,1
2019-06-08 15:00:00+00:00,1,3.718,15,5,6,1
2019-06-08 16:00:00+00:00,0,0.0,16,5,6,1
2019-06-08 17:00:00+00:00,1,5.531,17,5,6,1
2019-06-08 18:00:00+00:00,2,20.707,18,5,6,1
2019-06-08 19:00:00+00:00,0,0.0,19,5,6,1
2019-06-08 20:00:00+00:00,1,12.596,20,5,6,1
2019-06-08 21:00:00+00:00,0,0.0,21,5,6,1
2019-06-08 22:00:00+00:00,0,0.0,22,5,6,1
2019-06-08 23:00:00+00:00,3,15.817,23,5,6,1
2019-06-09 00:00:00+00:00,1,2.527,0,6,6,1
2019-06-09 01:00:00+00:00,0,0.0,1,6,6,1
2019-06-09 02:00:00+00:00,0,0.0,2,6,6,1
2019-06-09 03:00:00+00:00,0,0.0,3,6,6,1
2019-06-09 04:00:00+00:00,0,0.0,4,6,6,1
2019-06-09 05:00:00+00:00,0,0.0,5,6,6,1
2019-06-09 06:00:00+00:00,0,0.0,6,6,6,1
2019-06-09 07:00:00+00:00,0,0.0,7,6,6,1
2019-06-09 08:00:00+00:00,0,0.0,8,6,6,1
2019-06-09 09:00:00+00:00,0,0.0,9,6,6,1
2019-06-09 10:00:00+00:00,0,0.0,10,6,6,1
2019-06-09 11:00:00+00:00,0,0.0,11,6,6,1
2019-06-09 12:00:00+00:00,0,0.0,12,6,6,1
2019-06-09 13:00:00+00:00,0,0.0,13,6,6,1
2019-06-09 14:00:00+00:00,0,0.0,14,6,6,1
2019-06-09 15:00:00+00:00,1,13.409,15,6,6,1
2019-06-09 16:00:00+00:00,1,4.279,16,6,6,1
2019-06-09 17:00:00+00:00,0,0.0,17,6,6,1
2019-06-09 18:00:00+00:00,1,0.957,18,6,6,1
2019-06-09 19:00:00+00:00,0,0.0,19,6,6,1
2019-06-09 20:00:00+00:00,1,22.257,20,6,6,1
2019-06-09 21:00:00+00:00,0,0.0,21,6,6,1
2019-06-09 22:00:00+00:00,2,14.709,22,6,6,1
2019-06-09 23:00:00+00:00,0,0.0,23,6,6,1
2019-06-10 00:00:00+00:00,1,4.406,0,0,6,0
2019-06-10 01:00:00+00:00,1,11.9,1,0,6,0
2019-06-10 02:00:00+00:00,1,15.525,2,0,6,0
2019-06-10 03:00:00+00:00,0,0.0,3,0,6,0
2019-06-10 04:00:00+00:00,1,60.401,4,0,6,0
2019-06-10 05:00:00+00:00,0,0.0,5,0,6,0
2019-06-10 06:00:00+00:00,0,0.0,6,0,6,0
2019-06-10 07:00:00+00:00,0,0.0,7,0,6,0
2019-06-10 08:00:00+00:00,0,0.0,8,0,6,0
2019-06-10 09:00:00+00:00,0,0.0,9,0,6,0
2019-06-10 10:00:00+00:00,0,0.0,10,0,6,0
2019-06-10 11:00:00+00:00,0,0.0,11,0,6,0
2019-06-10 12:00:00+00:00,0,0.0,12,0,6,0
2019-06-10 13:00:00+00:00,2,22.496,13,0,6,0
2019-06-10 14:00:00+00:00,2,21.55,14,0,6,0
2019-06-10 15:00:00+00:00,6,75.289,15,0,6,0
2019-06-10 16:00:00+00:00,5,20.802,16,0,6,0
2019-06-10 17:00:00+00:00,15,136.952,17,0,6,0
2019-06-10 18:00:00+00:00,2,24.266,18,0,6,0
2019-06-10 19:00:00+00:00,2,9.781,19,0,6,0
2019-06-10 20:00:00+00:00,1,2.628,20,0,6,0
2019-06-10 21:00:00+00:00,0,0.0,21,0,6,0
2019-06-10 22:00:00+00:00,2,12.496,22,0,6,0
2019-06-10 23:00:00+00:00,2,9.196,23,0,6,0
2019-06-11 00:00:00+00:00,0,0.0,0,1,6,0
2019-06-11 01:00:00+00:00,0,0.0,1,1,6,0
2019-06-11 02:00:00+00:00,0,0.0,2,1,6,0
2019-06-11 03:00:00+00:00,0,0.0,3,1,6,0
2019-06-11 04:00:00+00:00,0,0.0,4,1,6,0
2019-06-11 05:00:00+00:00,0,0.0,5,1,6,0
2019-06-11 06:00:00+00:00,0,0.0,6,1,6,0
2019-06-11 07:00:00+00:00,0,0.0,7,1,6,0
2019-06-11 08:00:00+00:00,0,0.0,8,1,6,0
2019-06-11 09:00:00+00:00,0,0.0,9,1,6,0
2019-06-11 10:00:00+00:00,0,0.0,10,1,6,0
2019-06-11 11:00:00+00:00,0,0.0,11,1,6,0
2019-06-11 12:00:00+00:00,0,0.0,12,1,6,0
2019-06-11 13:00:00+00:00,1,18.072,13,1,6,0
2019-06-11 14:00:00+00:00,0,0.0,14,1,6,0
2019-06-11 15:00:00+00:00,5,57.129000000000005,15,1,6,0
2019-06-11 16:00:00+00:00,11,64.281,16,1,6,0
2019-06-11 17:00:00+00:00,5,38.837,17,1,6,0
2019-06-11 18:00:00+00:00,5,20.885,18,1,6,0
2019-06-11 19:00:00+00:00,6,94.5,19,1,6,0
2019-06-11 20:00:00+00:00,4,28.42,20,1,6,0
2019-06-11 21:00:00+00:00,0,0.0,21,1,6,0
2019-06-11 22:00:00+00:00,2,5.7,22,1,6,0
2019-06-11 23:00:00+00:00,1,5.775,23,1,6,0
2019-06-12 00:00:00+00:00,1,1.329,0,2,6,0
2019-06-12 01:00:00+00:00,1,7.869,1,2,6,0
2019-06-12 02:00:00+00:00,1,10.571,2,2,6,0
2019-06-12 03:00:00+00:00,1,8.098,3,2,6,0
2019-06-12 04:00:00+00:00,1,2.329,4,2,6,0
2019-06-12 05:00:00+00:00,1,14.416,5,2,6,0
2019-06-12 06:00:00+00:00,0,0.0,6,2,6,0
2019-06-12 07:00:00+00:00,0,0.0,7,2,6,0
2019-06-12 08:00:00+00:00,0,0.0,8,2,6,0
2019-06-12 09:00:00+00:00,0,0.0,9,2,6,0
2019-06-12 10:00:00+00:00,0,0.0,10,2,6,0
2019-06-12 11:00:00+00:00,1,7.314,11,2,6,0
2019-06-12 12:00:00+00:00,0,0.0,12,2,6,0
2019-06-12 13:00:00+00:00,1,18.009,13,2,6,0
2019-06-12 14:00:00+00:00,1,4.189,14,2,6,0
2019-06-12 15:00:00+00:00,9,68.661,15,2,6,0
2019-06-12 16:00:00+00:00,8,59.297,16,2,6,0
2019-06-12 17:00:00+00:00,9,125.009,17,2,6,0
2019-06-12 18:00:00+00:00,0,0.0,18,2,6,0
2019-06-12 19:00:00+00:00,8,58.435,19,2,6,0
2019-06-12 20:00:00+00:00,4,23.545,20,2,6,0
2019-06-12 21:00:00+00:00,1,2.988,21,2,6,0
2019-06-12 22:00:00+00:00,0,0.0,22,2,6,0
2019-06-12 23:00:00+00:00,1,0.572,23,2,6,0
2019-06-13 00:00:00+00:00,0,0.0,0,3,6,0
2019-06-13 01:00:00+00:00,1,2.934,1,3,6,0
2019-06-13 02:00:00+00:00,0,0.0,2,3,6,0
2019-06-13 03:00:00+00:00,0,0.0,3,3,6,0
2019-06-13 04:00:00+00:00,1,0.644,4,3,6,0
2019-06-13 05:00:00+00:00,1,18.832,5,3,6,0
2019-06-13 06:00:00+00:00,0,0.0,6,3,6,0
2019-06-13 07:00:00+00:00,0,0.0,7,3,6,0
2019-06-13 08:00:00+00:00,0,0.0,8,3,6,0
2019-06-13 09:00:00+00:00,0,0.0,9,3,6,0
2019-06-13 10:00:00+00:00,0,0.0,10,3,6,0
2019-06-13 11:00:00+00:00,0,0.0,11,3,6,0
2019-06-13 12:00:00+00:00,0,0.0,12,3,6,0
2019-06-13 13:00:00+00:00,1,17.505,13,3,6,0
2019-06-13 14:00:00+00:00,0,0.0,14,3,6,0
2019-06-13 15:00:00+00:00,7,34.856,15,3,6,0
2019-06-13 16:00:00+00:00,9,29.113,16,3,6,0
2019-06-13 17:00:00+00:00,5,71.171,17,3,6,0
2019-06-13 18:00:00+00:00,1,0.782,18,3,6,0
2019-06-13 19:00:00+00:00,3,19.852,19,3,6,0
2019-06-13 20:00:00+00:00,3,21.128,20,3,6,0
2019-06-13 21:00:00+00:00,0,0.0,21,3,6,0
2019-06-13 22:00:00+00:00,3,16.773,22,3,6,0
2019-06-13 23:00:00+00:00,2,17.037,23,3,6,0
2019-06-14 00:00:00+00:00,2,17.869,0,4,6,0
2019-06-14 01:00:00+00:00,1,52.81,1,4,6,0
2019-06-14 02:00:00+00:00,0,0.0,2,4,6,0
2019-06-14 03:00:00+00:00,1,8.742,3,4,6,0
2019-06-14 04:00:00+00:00,1,0.761,4,4,6,0
2019-06-14 05:00:00+00:00,0,0.0,5,4,6,0
2019-06-14 06:00:00+00:00,0,0.0,6,4,6,0
2019-06-14 07:00:00+00:00,0,0.0,7,4,6,0
2019-06-14 08:00:00+00:00,0,0.0,8,4,6,0
2019-06-14 09:00:00+00:00,0,0.0,9,4,6,0
2019-06-14 10:00:00+00:00,0,0.0,10,4,6,0
2019-06-14 11:00:00+00:00,0,0.0,11,4,6,0
2019-06-14 12:00:00+00:00,1,9.912,12,4,6,0
2019-06-14 13:00:00+00:00,1,18.44,13,4,6,0
2019-06-14 14:00:00+00:00,0,0.0,14,4,6,0
2019-06-14 15:00:00+00:00,11,107.956,15,4,6,0
2019-06-14 16:00:00+00:00,10,104.952,16,4,6,0
2019-06-14 17:00:00+00:00,13,74.992,17,4,6,0
2019-06-14 18:00:00+00:00,1,6.462,18,4,6,0
2019-06-14 19:00:00+00:00,2,8.01,19,4,6,0
2019-06-14 20:00:00+00:00,5,26.244999999999997,20,4,6,0
2019-06-14 21:00:00+00:00,1,7.693,21,4,6,0
2019-06-14 22:00:00+00:00,1,6.529,22,4,6,0
2019-06-14 23:00:00+00:00,1,1.935,23,4,6,0
2019-06-15 00:00:00+00:00,0,0.0,0,5,6,1
2019-06-15 01:00:00+00:00,1,49.881,1,5,6,1
2019-06-15 02:00:00+00:00,0,0.0,2,5,6,1
2019-06-15 03:00:00+00:00,0,0.0,3,5,6,1
2019-06-15 04:00:00+00:00,1,11.593,4,5,6,1
2019-06-15 05:00:00+00:00,0,0.0,5,5,6,1
2019-06-15 06:00:00+00:00,0,0.0,6,5,6,1
2019-06-15 07:00:00+00:00,0,0.0,7,5,6,1
2019-06-15 08:00:00+00:00,0,0.0,8,5,6,1
2019-06-15 09:00:00+00:00,1,30.224,9,5,6,1
2019-06-15 10:00:00+00:00,0,0.0,10,5,6,1
2019-06-15 11:00:00+00:00,0,0.0,11,5,6,1
2019-06-15 12:00:00+00:00,0,0.0,12,5,6,1
2019-06-15 13:00:00+00:00,0,0.0,13,5,6,1
2019-06-15 14:00:00+00:00,1,26.071,14,5,6,1
2019-06-15 15:00:00+00:00,1,1.99,15,5,6,1
2019-06-15 16:00:00+00:00,3,35.078,16,5,6,1
2019-06-15 17:00:00+00:00,1,7.892,17,5,6,1
2019-06-15 18:00:00+00:00,0,0.0,18,5,6,1
2019-06-15 19:00:00+00:00,1,4.393,19,5,6,1
2019-06-15 20:00:00+00:00,0,0.0,20,5,6,1
2019-06-15 21:00:00+00:00,1,9.668,21,5,6,1
2019-06-15 22:00:00+00:00,3,58.607,22,5,6,1
2019-06-15 23:00:00+00:00,1,10.536,23,5,6,1
2019-06-16 00:00:00+00:00,0,0.0,0,6,6,1
2019-06-16 01:00:00+00:00,0,0.0,1,6,6,1
2019-06-16 02:00:00+00:00,0,0.0,2,6,6,1
2019-06-16 03:00:00+00:00,0,0.0,3,6,6,1
2019-06-16 04:00:00+00:00,0,0.0,4,6,6,1
2019-06-16 05:00:00+00:00,2,46.742999999999995,5,6,6,1
2019-06-16 06:00:00+00:00,0,0.0,6,6,6,1
2019-06-16 07:00:00+00:00,0,0.0,7,6,6,1
2019-06-16 08:00:00+00:00,0,0.0,8,6,6,1
2019-06-16 09:00:00+00:00,0,0.0,9,6,6,1
2019-06-16 10:00:00+00:00,0,0.0,10,6,6,1
2019-06-16 11:00:00+00:00,0,0.0,11,6,6,1
2019-06-16 12:00:00+00:00,0,0.0,12,6,6,1
2019-06-16 13:00:00+00:00,1,4.44,13,6,6,1
2019-06-16 14:00:00+00:00,0,0.0,14,6,6,1
2019-06-16 15:00:00+00:00,1,8.863,15,6,6,1
2019-06-16 16:00:00+00:00,0,0.0,16,6,6,1
2019-06-16 17:00:00+00:00,0,0.0,17,6,6,1
2019-06-16 18:00:00+00:00,1,1.795,18,6,6,1
2019-06-16 19:00:00+00:00,1,14.741,19,6,6,1
2019-06-16 20:00:00+00:00,0,0.0,20,6,6,1
2019-06-16 21:00:00+00:00,1,11.512,21,6,6,1
2019-06-16 22:00:00+00:00,0,0.0,22,6,6,1
2019-06-16 23:00:00+00:00,0,0.0,23,6,6,1
2019-06-17 00:00:00+00:00,0,0.0,0,0,6,0
2019-06-17 01:00:00+00:00,0,0.0,1,0,6,0
2019-06-17 02:00:00+00:00,0,0.0,2,0,6,0
2019-06-17 03:00:00+00:00,0,0.0,3,0,6,0
2019-06-17 04:00:00+00:00,0,0.0,4,0,6,0
2019-06-17 05:00:00+00:00,0,0.0,5,0,6,0
2019-06-17 06:00:00+00:00,0,0.0,6,0,6,0
2019-06-17 07:00:00+00:00,0,0.0,7,0,6,0
2019-06-17 08:00:00+00:00,0,0.0,8,0,6,0
2019-06-17 09:00:00+00:00,0,0.0,9,0,6,0
2019-06-17 10:00:00+00:00,0,0.0,10,0,6,0
2019-06-17 11:00:00+00:00,0,0.0,11,0,6,0
2019-06-17 12:00:00+00:00,0,0.0,12,0,6,0
2019-06-17 13:00:00+00:00,1,18.795,13,0,6,0
2019-06-17 14:00:00+00:00,1,7.102,14,0,6,0
2019-06-17 15:00:00+00:00,3,12.018999999999998,15,0,6,0
2019-06-17 16:00:00+00:00,8,54.505,16,0,6,0
2019-06-17 17:00:00+00:00,7,87.912,17,0,6,0
2019-06-17 18:00:00+00:00,3,18.541,18,0,6,0
2019-06-17 19:00:00+00:00,3,10.089,19,0,6,0
2019-06-17 20:00:00+00:00,4,22.348,20,0,6,0
2019-06-17 21:00:00+00:00,3,14.621000000000002,21,0,6,0
2019-06-17 22:00:00+00:00,2,13.015,22,0,6,0
2019-06-17 23:00:00+00:00,0,0.0,23,0,6,0
2019-06-18 00:00:00+00:00,0,0.0,0,1,6,0
2019-06-18 01:00:00+00:00,1,7.864,1,1,6,0
2019-06-18 02:00:00+00:00,0,0.0,2,1,6,0
2019-06-18 03:00:00+00:00,0,0.0,3,1,6,0
2019-06-18 04:00:00+00:00,1,2.157,4,1,6,0
2019-06-18 05:00:00+00:00,1,8.871,5,1,6,0
2019-06-18 06:00:00+00:00,0,0.0,6,1,6,0
2019-06-18 07:00:00+00:00,0,0.0,7,1,6,0
2019-06-18 08:00:00+00:00,0,0.0,8,1,6,0
2019-06-18 09:00:00+00:00,0,0.0,9,1,6,0
2019-06-18 10:00:00+00:00,0,0.0,10,1,6,0
2019-06-18 11:00:00+00:00,0,0.0,11,1,6,0
2019-06-18 12:00:00+00:00,0,0.0,12,1,6,0
2019-06-18 13:00:00+00:00,2,22.573,13,1,6,0
2019-06-18 14:00:00+00:00,1,4.698,14,1,6,0
2019-06-18 15:00:00+00:00,1,8.308,15,1,6,0
2019-06-18 16:00:00+00:00,15,117.33,16,1,6,0
2019-06-18 17:00:00+00:00,4,38.283,17,1,6,0
2019-06-18 18:00:00+00:00,5,35.882,18,1,6,0
2019-06-18 19:00:00+00:00,4,11.642,19,1,6,0
2019-06-18 20:00:00+00:00,1,0.957,20,1,6,0
2019-06-18 21:00:00+00:00,0,0.0,21,1,6,0
2019-06-18 22:00:00+00:00,0,0.0,22,1,6,0
2019-06-18 23:00:00+00:00,1,5.381,23,1,6,0
2019-06-19 00:00:00+00:00,2,10.047,0,2,6,0
2019-06-19 01:00:00+00:00,3,25.925,1,2,6,0
2019-06-19 02:00:00+00:00,0,0.0,2,2,6,0
2019-06-19 03:00:00+00:00,0,0.0,3,2,6,0
2019-06-19 04:00:00+00:00,0,0.0,4,2,6,0
2019-06-19 05:00:00+00:00,0,0.0,5,2,6,0
2019-06-19 06:00:00+00:00,0,0.0,6,2,6,0
2019-06-19 07:00:00+00:00,0,0.0,7,2,6,0
2019-06-19 08:00:00+00:00,0,0.0,8,2,6,0
2019-06-19 09:00:00+00:00,0,0.0,9,2,6,0
2019-06-19 10:00:00+00:00,0,0.0,10,2,6,0
2019-06-19 11:00:00+00:00,0,0.0,11,2,6,0
2019-06-19 12:00:00+00:00,1,3.857,12,2,6,0
2019-06-19 13:00:00+00:00,1,18.984,13,2,6,0
2019-06-19 14:00:00+00:00,2,16.830000000000002,14,2,6,0
2019-06-19 15:00:00+00:00,10,72.67,15,2,6,0
2019-06-19 16:00:00+00:00,10,94.282,16,2,6,0
2019-06-19 17:00:00+00:00,8,65.175,17,2,6,0
2019-06-19 18:00:00+00:00,3,6.431,18,2,6,0
2019-06-19 19:00:00+00:00,1,2.426,19,2,6,0
2019-06-19 20:00:00+00:00,2,3.964,20,2,6,0
2019-06-19 21:00:00+00:00,2,15.781,21,2,6,0
2019-06-19 22:00:00+00:00,0,0.0,22,2,6,0
2019-06-19 23:00:00+00:00,0,0.0,23,2,6,0
2019-06-20 00:00:00+00:00,0,0.0,0,3,6,0
2019-06-20 01:00:00+00:00,2,8.824,1,3,6,0
2019-06-20 02:00:00+00:00,1,9.177,2,3,6,0
2019-06-20 03:00:00+00:00,0,0.0,3,3,6,0
2019-06-20 04:00:00+00:00,1,11.782,4,3,6,0
2019-06-20 05:00:00+00:00,0,0.0,5,3,6,0
2019-06-20 06:00:00+00:00,0,0.0,6,3,6,0
2019-06-20 07:00:00+00:00,0,0.0,7,3,6,0
2019-06-20 08:00:00+00:00,0,0.0,8,3,6,0
2019-06-20 09:00:00+00:00,0,0.0,9,3,6,0
2019-06-20 10:00:00+00:00,0,0.0,10,3,6,0
2019-06-20 11:00:00+00:00,0,0.0,11,3,6,0
2019-06-20 12:00:00+00:00,0,0.0,12,3,6,0
2019-06-20 13:00:00+00:00,1,3.908,13,3,6,0
2019-06-20 14:00:00+00:00,1,9.897,14,3,6,0
2019-06-20 15:00:00+00:00,6,47.579,15,3,6,0
2019-06-20 16:00:00+00:00,5,39.741,16,3,6,0
2019-06-20 17:00:00+00:00,4,30.405,17,3,6,0
2019-06-20 18:00:00+00:00,2,17.304000000000002,18,3,6,0
2019-06-20 19:00:00+00:00,4,27.864000000000004,19,3,6,0
2019-06-20 20:00:00+00:00,3,15.071,20,3,6,0
2019-06-20 21:00:00+00:00,1,5.97,21,3,6,0
2019-06-20 22:00:00+00:00,0,0.0,22,3,6,0
2019-06-20 23:00:00+00:00,0,0.0,23,3,6,0
2019-06-21 00:00:00+00:00,3,15.962,0,4,6,0
2019-06-21 01:00:00+00:00,1,13.715,1,4,6,0
2019-06-21 02:00:00+00:00,0,0.0,2,4,6,0
2019-06-21 03:00:00+00:00,0,0.0,3,4,6,0
2019-06-21 04:00:00+00:00,1,10.204,4,4,6,0
2019-06-21 05:00:00+00:00,0,0.0,5,4,6,0
2019-06-21 06:00:00+00:00,0,0.0,6,4,6,0
2019-06-21 07:00:00+00:00,0,0.0,7,4,6,0
2019-06-21 08:00:00+00:00,0,0.0,8,4,6,0
2019-06-21 09:00:00+00:00,0,0.0,9,4,6,0
2019-06-21 10:00:00+00:00,0,0.0,10,4,6,0
2019-06-21 11:00:00+00:00,0,0.0,11,4,6,0
2019-06-21 12:00:00+00:00,0,0.0,12,4,6,0
2019-06-21 13:00:00+00:00,1,3.868,13,4,6,0
2019-06-21 14:00:00+00:00,1,5.22,14,4,6,0
2019-06-21 15:00:00+00:00,8,81.276,15,4,6,0
2019-06-21 16:00:00+00:00,9,79.592,16,4,6,0
2019-06-21 17:00:00+00:00,4,33.768,17,4,6,0
2019-06-21 18:00:00+00:00,2,21.554,18,4,6,0
2019-06-21 19:00:00+00:00,2,3.363,19,4,6,0
2019-06-21 20:00:00+00:00,4,3.27,20,4,6,0
2019-06-21 21:00:00+00:00,0,0.0,21,4,6,0
2019-06-21 22:00:00+00:00,0,0.0,22,4,6,0
2019-06-21 23:00:00+00:00,1,2.139,23,4,6,0
2019-06-22 00:00:00+00:00,3,35.982,0,5,6,1
2019-06-22 01:00:00+00:00,2,54.539,1,5,6,1
2019-06-22 02:00:00+00:00,0,0.0,2,5,6,1
2019-06-22 03:00:00+00:00,0,0.0,3,5,6,1
2019-06-22 04:00:00+00:00,0,0.0,4,5,6,1
2019-06-22 05:00:00+00:00,0,0.0,5,5,6,1
2019-06-22 06:00:00+00:00,0,0.0,6,5,6,1
2019-06-22 07:00:00+00:00,0,0.0,7,5,6,1
2019-06-22 08:00:00+00:00,0,0.0,8,5,6,1
2019-06-22 09:00:00+00:00,0,0.0,9,5,6,1
2019-06-22 10:00:00+00:00,0,0.0,10,5,6,1
2019-06-22 11:00:00+00:00,0,0.0,11,5,6,1
2019-06-22 12:00:00+00:00,0,0.0,12,5,6,1
2019-06-22 13:00:00+00:00,0,0.0,13,5,6,1
2019-06-22 14:00:00+00:00,0,0.0,14,5,6,1
2019-06-22 15:00:00+00:00,0,0.0,15,5,6,1
2019-06-22 16:00:00+00:00,0,0.0,16,5,6,1
2019-06-22 17:00:00+00:00,1,7.869,17,5,6,1
2019-06-22 18:00:00+00:00,0,0.0,18,5,6,1
2019-06-22 19:00:00+00:00,1,15.271,19,5,6,1
2019-06-22 20:00:00+00:00,1,0.974,20,5,6,1
2019-06-22 21:00:00+00:00,2,9.43,21,5,6,1
2019-06-22 22:00:00+00:00,1,2.089,22,5,6,1
2019-06-22 23:00:00+00:00,2,10.39,23,5,6,1
2019-06-23 00:00:00+00:00,0,0.0,0,6,6,1
2019-06-23 01:00:00+00:00,0,0.0,1,6,6,1
2019-06-23 02:00:00+00:00,1,51.864,2,6,6,1
2019-06-23 03:00:00+00:00,0,0.0,3,6,6,1
2019-06-23 04:00:00+00:00,1,4.531,4,6,6,1
2019-06-23 05:00:00+00:00,0,0.0,5,6,6,1
2019-06-23 06:00:00+00:00,0,0.0,6,6,6,1
2019-06-23 07:00:00+00:00,0,0.0,7,6,6,1
2019-06-23 08:00:00+00:00,0,0.0,8,6,6,1
2019-06-23 09:00:00+00:00,0,0.0,9,6,6,1
2019-06-23 10:00:00+00:00,0,0.0,10,6,6,1
2019-06-23 11:00:00+00:00,0,0.0,11,6,6,1
2019-06-23 12:00:00+00:00,0,0.0,12,6,6,1
2019-06-23 13:00:00+00:00,0,0.0,13,6,6,1
2019-06-23 14:00:00+00:00,0,0.0,14,6,6,1
2019-06-23 15:00:00+00:00,2,29.138,15,6,6,1
2019-06-23 16:00:00+00:00,0,0.0,16,6,6,1
2019-06-23 17:00:00+00:00,1,15.246,17,6,6,1
2019-06-23 18:00:00+00:00,1,4.357,18,6,6,1
2019-06-23 19:00:00+00:00,0,0.0,19,6,6,1
2019-06-23 20:00:00+00:00,0,0.0,20,6,6,1
2019-06-23 21:00:00+00:00,0,0.0,21,6,6,1
2019-06-23 22:00:00+00:00,0,0.0,22,6,6,1
2019-06-23 23:00:00+00:00,2,6.3950000000000005,23,6,6,1
2019-06-24 00:00:00+00:00,0,0.0,0,0,6,0
2019-06-24 01:00:00+00:00,1,10.875,1,0,6,0
2019-06-24 02:00:00+00:00,1,0.841,2,0,6,0
2019-06-24 03:00:00+00:00,0,0.0,3,0,6,0
2019-06-24 04:00:00+00:00,0,0.0,4,0,6,0
2019-06-24 05:00:00+00:00,0,0.0,5,0,6,0
2019-06-24 06:00:00+00:00,1,0.872,6,0,6,0
2019-06-24 07:00:00+00:00,0,0.0,7,0,6,0
2019-06-24 08:00:00+00:00,0,0.0,8,0,6,0
2019-06-24 09:00:00+00:00,0,0.0,9,0,6,0
2019-06-24 10:00:00+00:00,0,0.0,10,0,6,0
2019-06-24 11:00:00+00:00,0,0.0,11,0,6,0
2019-06-24 12:00:00+00:00,0,0.0,12,0,6,0
2019-06-24 13:00:00+00:00,2,22.602000000000004,13,0,6,0
2019-06-24 14:00:00+00:00,1,2.511,14,0,6,0
2019-06-24 15:00:00+00:00,4,50.116,15,0,6,0
2019-06-24 16:00:00+00:00,12,119.173,16,0,6,0
2019-06-24 17:00:00+00:00,5,26.677,17,0,6,0
2019-06-24 18:00:00+00:00,0,0.0,18,0,6,0
2019-06-24 19:00:00+00:00,3,12.373,19,0,6,0
2019-06-24 20:00:00+00:00,3,5.45,20,0,6,0
2019-06-24 21:00:00+00:00,2,15.34,21,0,6,0
2019-06-24 22:00:00+00:00,1,11.312,22,0,6,0
2019-06-24 23:00:00+00:00,2,8.995000000000001,23,0,6,0
2019-06-25 00:00:00+00:00,1,0.885,0,1,6,0
2019-06-25 01:00:00+00:00,3,13.549,1,1,6,0
2019-06-25 02:00:00+00:00,0,0.0,2,1,6,0
2019-06-25 03:00:00+00:00,1,0.917,3,1,6,0
2019-06-25 04:00:00+00:00,1,12.413,4,1,6,0
2019-06-25 05:00:00+00:00,0,0.0,5,1,6,0
2019-06-25 06:00:00+00:00,0,0.0,6,1,6,0
2019-06-25 07:00:00+00:00,0,0.0,7,1,6,0
2019-06-25 08:00:00+00:00,0,0.0,8,1,6,0
2019-06-25 09:00:00+00:00,0,0.0,9,1,6,0
2019-06-25 10:00:00+00:00,0,0.0,10,1,6,0
2019-06-25 11:00:00+00:00,0,0.0,11,1,6,0
2019-06-25 12:00:00+00:00,0,0.0,12,1,6,0
2019-06-25 13:00:00+00:00,1,18.397,13,1,6,0
2019-06-25 14:00:00+00:00,0,0.0,14,1,6,0
2019-06-25 15:00:00+00:00,5,74.05,15,1,6,0
2019-06-25 16:00:00+00:00,14,70.52,16,1,6,0
2019-06-25 17:00:00+00:00,5,40.359,17,1,6,0
2019-06-25 18:00:00+00:00,1,0.794,18,1,6,0
2019-06-25 19:00:00+00:00,1,3.298,19,1,6,0
2019-06-25 20:00:00+00:00,1,4.711,20,1,6,0
2019-06-25 21:00:00+00:00,0,0.0,21,1,6,0
2019-06-25 22:00:00+00:00,0,0.0,22,1,6,0
2019-06-25 23:00:00+00:00,2,4.654,23,1,6,0
2019-06-26 00:00:00+00:00,2,17.732,0,2,6,0
2019-06-26 01:00:00+00:00,2,8.238,1,2,6,0
2019-06-26 02:00:00+00:00,1,0.874,2,2,6,0
2019-06-26 03:00:00+00:00,1,0.905,3,2,6,0
2019-06-26 04:00:00+00:00,0,0.0,4,2,6,0
2019-06-26 05:00:00+00:00,0,0.0,5,2,6,0
2019-06-26 06:00:00+00:00,0,0.0,6,2,6,0
2019-06-26 07:00:00+00:00,0,0.0,7,2,6,0
2019-06-26 08:00:00+00:00,0,0.0,8,2,6,0
2019-06-26 09:00:00+00:00,0,0.0,9,2,6,0
2019-06-26 10:00:00+00:00,0,0.0,10,2,6,0
2019-06-26 11:00:00+00:00,0,0.0,11,2,6,0
2019-06-26 12:00:00+00:00,0,0.0,12,2,6,0
2019-06-26 13:00:00+00:00,2,21.958,13,2,6,0
2019-06-26 14:00:00+00:00,0,0.0,14,2,6,0
2019-06-26 15:00:00+00:00,8,87.094,15,2,6,0
2019-06-26 16:00:00+00:00,11,67.511,16,2,6,0
2019-06-26 17:00:00+00:00,3,43.716,17,2,6,0
2019-06-26 18:00:00+00:00,5,44.947,18,2,6,0
2019-06-26 19:00:00+00:00,1,2.811,19,2,6,0
2019-06-26 20:00:00+00:00,1,4.183,20,2,6,0
2019-06-26 21:00:00+00:00,2,3.603,21,2,6,0
2019-06-26 22:00:00+00:00,0,0.0,22,2,6,0
2019-06-26 23:00:00+00:00,2,6.824,23,2,6,0
2019-06-27 00:00:00+00:00,0,0.0,0,3,6,0
2019-06-27 01:00:00+00:00,2,21.837,1,3,6,0
2019-06-27 02:00:00+00:00,1,0.654,2,3,6,0
2019-06-27 03:00:00+00:00,0,0.0,3,3,6,0
2019-06-27 04:00:00+00:00,1,4.247,4,3,6,0
2019-06-27 05:00:00+00:00,0,0.0,5,3,6,0
2019-06-27 06:00:00+00:00,0,0.0,6,3,6,0
2019-06-27 07:00:00+00:00,0,0.0,7,3,6,0
2019-06-27 08:00:00+00:00,0,0.0,8,3,6,0
2019-06-27 09:00:00+00:00,0,0.0,9,3,6,0
2019-06-27 10:00:00+00:00,0,0.0,10,3,6,0
2019-06-27 11:00:00+00:00,0,0.0,11,3,6,0
2019-06-27 12:00:00+00:00,0,0.0,12,3,6,0
2019-06-27 13:00:00+00:00,1,18.354,13,3,6,0
2019-06-27 14:00:00+00:00,1,10.555,14,3,6,0
2019-06-27 15:00:00+00:00,7,45.574,15,3,6,0
2019-06-27 16:00:00+00:00,12,90.359,16,3,6,0
2019-06-27 17:00:00+00:00,4,36.405,17,3,6,0
2019-06-27 18:00:00+00:00,1,3.01,18,3,6,0
2019-06-27 19:00:00+00:00,5,21.449,19,3,6,0
2019-06-27 20:00:00+00:00,3,6.79,20,3,6,0
2019-06-27 21:00:00+00:00,4,19.51,21,3,6,0
2019-06-27 22:00:00+00:00,0,0.0,22,3,6,0
2019-06-27 23:00:00+00:00,0,0.0,23,3,6,0
2019-06-28 00:00:00+00:00,1,18.308,0,4,6,0
2019-06-28 01:00:00+00:00,2,14.445,1,4,6,0
2019-06-28 02:00:00+00:00,0,0.0,2,4,6,0
2019-06-28 03:00:00+00:00,1,8.432,3,4,6,0
2019-06-28 04:00:00+00:00,1,5.949,4,4,6,0
2019-06-28 05:00:00+00:00,0,0.0,5,4,6,0
2019-06-28 06:00:00+00:00,0,0.0,6,4,6,0
2019-06-28 07:00:00+00:00,0,0.0,7,4,6,0
2019-06-28 08:00:00+00:00,0,0.0,8,4,6,0
2019-06-28 09:00:00+00:00,0,0.0,9,4,6,0
2019-06-28 10:00:00+00:00,0,0.0,10,4,6,0
2019-06-28 11:00:00+00:00,0,0.0,11,4,6,0
2019-06-28 12:00:00+00:00,1,0.912,12,4,6,0
2019-06-28 13:00:00+00:00,1,17.992,13,4,6,0
2019-06-28 14:00:00+00:00,0,0.0,14,4,6,0
2019-06-28 15:00:00+00:00,5,40.858999999999995,15,4,6,0
2019-06-28 16:00:00+00:00,8,37.328,16,4,6,0
2019-06-28 17:00:00+00:00,4,33.41,17,4,6,0
2019-06-28 18:00:00+00:00,3,14.308,18,4,6,0
2019-06-28 19:00:00+00:00,1,7.142,19,4,6,0
2019-06-28 20:00:00+00:00,3,11.706,20,4,6,0
2019-06-28 21:00:00+00:00,1,4.819,21,4,6,0
2019-06-28 22:00:00+00:00,0,0.0,22,4,6,0
2019-06-28 23:00:00+00:00,2,8.721,23,4,6,0
2019-06-29 00:00:00+00:00,0,0.0,0,5,6,1
2019-06-29 01:00:00+00:00,0,0.0,1,5,6,1
2019-06-29 02:00:00+00:00,0,0.0,2,5,6,1
2019-06-29 03:00:00+00:00,0,0.0,3,5,6,1
2019-06-29 04:00:00+00:00,1,46.72,4,5,6,1
2019-06-29 05:00:00+00:00,0,0.0,5,5,6,1
2019-06-29 06:00:00+00:00,1,0.741,6,5,6,1
2019-06-29 07:00:00+00:00,0,0.0,7,5,6,1
2019-06-29 08:00:00+00:00,0,0.0,8,5,6,1
2019-06-29 09:00:00+00:00,0,0.0,9,5,6,1
2019-06-29 10:00:00+00:00,0,0.0,10,5,6,1
2019-06-29 11:00:00+00:00,0,0.0,11,5,6,1
2019-06-29 12:00:00+00:00,0,0.0,12,5,6,1
2019-06-29 13:00:00+00:00,0,0.0,13,5,6,1
2019-06-29 14:00:00+00:00,1,4.038,14,5,6,1
2019-06-29 15:00:00+00:00,1,1.919,15,5,6,1
2019-06-29 16:00:00+00:00,0,0.0,16,5,6,1
2019-06-29 17:00:00+00:00,0,0.0,17,5,6,1
2019-06-29 18:00:00+00:00,0,0.0,18,5,6,1
2019-06-29 19:00:00+00:00,0,0.0,19,5,6,1
2019-06-29 20:00:00+00:00,1,0.863,20,5,6,1
2019-06-29 21:00:00+00:00,0,0.0,21,5,6,1
2019-06-29 22:00:00+00:00,0,0.0,22,5,6,1
2019-06-29 23:00:00+00:00,2,10.144,23,5,6,1
2019-06-30 00:00:00+00:00,0,0.0,0,6,6,1
2019-06-30 01:00:00+00:00,0,0.0,1,6,6,1
2019-06-30 02:00:00+00:00,1,3.982,2,6,6,1
2019-06-30 03:00:00+00:00,1,5.413,3,6,6,1
2019-06-30 04:00:00+00:00,0,0.0,4,6,6,1
2019-06-30 05:00:00+00:00,1,0.957,5,6,6,1
2019-06-30 06:00:00+00:00,0,0.0,6,6,6,1
2019-06-30 07:00:00+00:00,0,0.0,7,6,6,1
2019-06-30 08:00:00+00:00,0,0.0,8,6,6,1
2019-06-30 09:00:00+00:00,1,11.96,9,6,6,1
2019-06-30 10:00:00+00:00,0,0.0,10,6,6,1
2019-06-30 11:00:00+00:00,0,0.0,11,6,6,1
2019-06-30 12:00:00+00:00,0,0.0,12,6,6,1
2019-06-30 13:00:00+00:00,0,0.0,13,6,6,1
2019-06-30 14:00:00+00:00,0,0.0,14,6,6,1
2019-06-30 15:00:00+00:00,1,3.901,15,6,6,1
2019-06-30 16:00:00+00:00,1,3.622,16,6,6,1
2019-06-30 17:00:00+00:00,0,0.0,17,6,6,1
2019-06-30 18:00:00+00:00,0,0.0,18,6,6,1
2019-06-30 19:00:00+00:00,1,7.323,19,6,6,1
2019-06-30 20:00:00+00:00,1,0.881,20,6,6,1
2019-06-30 21:00:00+00:00,0,0.0,21,6,6,1
2019-06-30 22:00:00+00:00,1,3.527,22,6,6,1
2019-06-30 23:00:00+00:00,2,9.72,23,6,6,1
2019-07-01 00:00:00+00:00,0,0.0,0,0,7,0
2019-07-01 01:00:00+00:00,0,0.0,1,0,7,0
2019-07-01 02:00:00+00:00,0,0.0,2,0,7,0
2019-07-01 03:00:00+00:00,1,15.658,3,0,7,0
2019-07-01 04:00:00+00:00,0,0.0,4,0,7,0
2019-07-01 05:00:00+00:00,0,0.0,5,0,7,0
2019-07-01 06:00:00+00:00,0,0.0,6,0,7,0
2019-07-01 07:00:00+00:00,0,0.0,7,0,7,0
2019-07-01 08:00:00+00:00,0,0.0,8,0,7,0
2019-07-01 09:00:00+00:00,0,0.0,9,0,7,0
2019-07-01 10:00:00+00:00,0,0.0,10,0,7,0
2019-07-01 11:00:00+00:00,0,0.0,11,0,7,0
2019-07-01 12:00:00+00:00,0,0.0,12,0,7,0
2019-07-01 13:00:00+00:00,3,23.801,13,0,7,0
2019-07-01 14:00:00+00:00,0,0.0,14,0,7,0
2019-07-01 15:00:00+00:00,6,64.401,15,0,7,0
2019-07-01 16:00:00+00:00,8,38.61,16,0,7,0
2019-07-01 17:00:00+00:00,3,47.802,17,0,7,0
2019-07-01 18:00:00+00:00,3,23.165,18,0,7,0
2019-07-01 19:00:00+00:00,1,0.896,19,0,7,0
2019-07-01 20:00:00+00:00,1,9.824,20,0,7,0
2019-07-01 21:00:00+00:00,0,0.0,21,0,7,0
2019-07-01 22:00:00+00:00,1,4.199,22,0,7,0
2019-07-01 23:00:00+00:00,0,0.0,23,0,7,0
2019-07-02 00:00:00+00:00,0,0.0,0,1,7,0
2019-07-02 01:00:00+00:00,2,8.819,1,1,7,0
2019-07-02 02:00:00+00:00,0,0.0,2,1,7,0
2019-07-02 03:00:00+00:00,0,0.0,3,1,7,0
2019-07-02 04:00:00+00:00,1,11.929,4,1,7,0
2019-07-02 05:00:00+00:00,1,0.839,5,1,7,0
2019-07-02 06:00:00+00:00,0,0.0,6,1,7,0
2019-07-02 07:00:00+00:00,0,0.0,7,1,7,0
2019-07-02 08:00:00+00:00,0,0.0,8,1,7,0
2019-07-02 09:00:00+00:00,0,0.0,9,1,7,0
2019-07-02 10:00:00+00:00,0,0.0,10,1,7,0
2019-07-02 11:00:00+00:00,0,0.0,11,1,7,0
2019-07-02 12:00:00+00:00,0,0.0,12,1,7,0
2019-07-02 13:00:00+00:00,3,25.371,13,1,7,0
2019-07-02 14:00:00+00:00,1,16.844,14,1,7,0
2019-07-02 15:00:00+00:00,6,35.955999999999996,15,1,7,0
2019-07-02 16:00:00+00:00,10,50.168,16,1,7,0
2019-07-02 17:00:00+00:00,4,68.557,17,1,7,0
2019-07-02 18:00:00+00:00,1,0.839,18,1,7,0
2019-07-02 19:00:00+00:00,1,2.18,19,1,7,0
2019-07-02 20:00:00+00:00,1,2.219,20,1,7,0
2019-07-02 21:00:00+00:00,0,0.0,21,1,7,0
2019-07-02 22:00:00+00:00,1,11.867,22,1,7,0
2019-07-02 23:00:00+00:00,2,28.424,23,1,7,0
2019-07-03 00:00:00+00:00,1,2.469,0,2,7,0
2019-07-03 01:00:00+00:00,0,0.0,1,2,7,0
2019-07-03 02:00:00+00:00,0,0.0,2,2,7,0
2019-07-03 03:00:00+00:00,0,0.0,3,2,7,0
2019-07-03 04:00:00+00:00,0,0.0,4,2,7,0
2019-07-03 05:00:00+00:00,0,0.0,5,2,7,0
2019-07-03 06:00:00+00:00,0,0.0,6,2,7,0
2019-07-03 07:00:00+00:00,0,0.0,7,2,7,0
2019-07-03 08:00:00+00:00,0,0.0,8,2,7,0
2019-07-03 09:00:00+00:00,0,0.0,9,2,7,0
2019-07-03 10:00:00+00:00,0,0.0,10,2,7,0
2019-07-03 11:00:00+00:00,0,0.0,11,2,7,0
2019-07-03 12:00:00+00:00,0,0.0,12,2,7,0
2019-07-03 13:00:00+00:00,1,4.314,13,2,7,0
2019-07-03 14:00:00+00:00,1,10.337,14,2,7,0
2019-07-03 15:00:00+00:00,7,27.208,15,2,7,0
2019-07-03 16:00:00+00:00,10,84.895,16,2,7,0
2019-07-03 17:00:00+00:00,3,44.221,17,2,7,0
2019-07-03 18:00:00+00:00,1,2.146,18,2,7,0
2019-07-03 19:00:00+00:00,2,18.687,19,2,7,0
2019-07-03 20:00:00+00:00,1,0.95,20,2,7,0
2019-07-03 21:00:00+00:00,2,1.846,21,2,7,0
2019-07-03 22:00:00+00:00,2,16.91,22,2,7,0
2019-07-03 23:00:00+00:00,1,0.972,23,2,7,0
2019-07-04 00:00:00+00:00,1,2.469,0,3,7,0
2019-07-04 01:00:00+00:00,3,22.846,1,3,7,0
2019-07-04 02:00:00+00:00,1,12.314,2,3,7,0
2019-07-04 03:00:00+00:00,0,0.0,3,3,7,0
2019-07-04 04:00:00+00:00,0,0.0,4,3,7,0
2019-07-04 05:00:00+00:00,0,0.0,5,3,7,0
2019-07-04 06:00:00+00:00,0,0.0,6,3,7,0
2019-07-04 07:00:00+00:00,0,0.0,7,3,7,0
2019-07-04 08:00:00+00:00,0,0.0,8,3,7,0
2019-07-04 09:00:00+00:00,0,0.0,9,3,7,0
2019-07-04 10:00:00+00:00,1,14.305,10,3,7,0
2019-07-04 11:00:00+00:00,0,0.0,11,3,7,0
2019-07-04 12:00:00+00:00,1,12.61,12,3,7,0
2019-07-04 13:00:00+00:00,0,0.0,13,3,7,0
2019-07-04 14:00:00+00:00,0,0.0,14,3,7,0
2019-07-04 15:00:00+00:00,0,0.0,15,3,7,0
2019-07-04 16:00:00+00:00,1,4.17,16,3,7,0
2019-07-04 17:00:00+00:00,0,0.0,17,3,7,0
2019-07-04 18:00:00+00:00,0,0.0,18,3,7,0
2019-07-04 19:00:00+00:00,2,8.863,19,3,7,0
2019-07-04 20:00:00+00:00,0,0.0,20,3,7,0
2019-07-04 21:00:00+00:00,0,0.0,21,3,7,0
2019-07-04 22:00:00+00:00,1,0.705,22,3,7,0
2019-07-04 23:00:00+00:00,0,0.0,23,3,7,0
2019-07-05 00:00:00+00:00,0,0.0,0,4,7,0
2019-07-05 01:00:00+00:00,0,0.0,1,4,7,0
2019-07-05 02:00:00+00:00,0,0.0,2,4,7,0
2019-07-05 03:00:00+00:00,0,0.0,3,4,7,0
2019-07-05 04:00:00+00:00,0,0.0,4,4,7,0
2019-07-05 05:00:00+00:00,0,0.0,5,4,7,0
2019-07-05 06:00:00+00:00,0,0.0,6,4,7,0
2019-07-05 07:00:00+00:00,0,0.0,7,4,7,0
2019-07-05 08:00:00+00:00,0,0.0,8,4,7,0
2019-07-05 09:00:00+00:00,0,0.0,9,4,7,0
2019-07-05 10:00:00+00:00,0,0.0,10,4,7,0
2019-07-05 11:00:00+00:00,0,0.0,11,4,7,0
2019-07-05 12:00:00+00:00,0,0.0,12,4,7,0
2019-07-05 13:00:00+00:00,0,0.0,13,4,7,0
2019-07-05 14:00:00+00:00,0,0.0,14,4,7,0
2019-07-05 15:00:00+00:00,2,25.626,15,4,7,0
2019-07-05 16:00:00+00:00,1,0.859,16,4,7,0
2019-07-05 17:00:00+00:00,3,23.61,17,4,7,0
2019-07-05 18:00:00+00:00,0,0.0,18,4,7,0
2019-07-05 19:00:00+00:00,0,0.0,19,4,7,0
2019-07-05 20:00:00+00:00,0,0.0,20,4,7,0
2019-07-05 21:00:00+00:00,1,2.368,21,4,7,0
2019-07-05 22:00:00+00:00,1,7.388,22,4,7,0
2019-07-05 23:00:00+00:00,1,1.6,23,4,7,0
2019-07-06 00:00:00+00:00,0,0.0,0,5,7,1
2019-07-06 01:00:00+00:00,0,0.0,1,5,7,1
2019-07-06 02:00:00+00:00,0,0.0,2,5,7,1
2019-07-06 03:00:00+00:00,1,33.91,3,5,7,1
2019-07-06 04:00:00+00:00,0,0.0,4,5,7,1
2019-07-06 05:00:00+00:00,1,0.967,5,5,7,1
2019-07-06 06:00:00+00:00,0,0.0,6,5,7,1
2019-07-06 07:00:00+00:00,0,0.0,7,5,7,1
2019-07-06 08:00:00+00:00,0,0.0,8,5,7,1
2019-07-06 09:00:00+00:00,0,0.0,9,5,7,1
2019-07-06 10:00:00+00:00,0,0.0,10,5,7,1
2019-07-06 11:00:00+00:00,0,0.0,11,5,7,1
2019-07-06 12:00:00+00:00,0,0.0,12,5,7,1
2019-07-06 13:00:00+00:00,0,0.0,13,5,7,1
2019-07-06 14:00:00+00:00,1,0.859,14,5,7,1
2019-07-06 15:00:00+00:00,1,3.268,15,5,7,1
2019-07-06 16:00:00+00:00,0,0.0,16,5,7,1
2019-07-06 17:00:00+00:00,1,7.874,17,5,7,1
2019-07-06 18:00:00+00:00,0,0.0,18,5,7,1
2019-07-06 19:00:00+00:00,0,0.0,19,5,7,1
2019-07-06 20:00:00+00:00,0,0.0,20,5,7,1
2019-07-06 21:00:00+00:00,0,0.0,21,5,7,1
2019-07-06 22:00:00+00:00,0,0.0,22,5,7,1
2019-07-06 23:00:00+00:00,1,49.006,23,5,7,1
2019-07-07 00:00:00+00:00,1,7.382,0,6,7,1
2019-07-07 01:00:00+00:00,0,0.0,1,6,7,1
2019-07-07 02:00:00+00:00,1,10.934,2,6,7,1
2019-07-07 03:00:00+00:00,0,0.0,3,6,7,1
2019-07-07 04:00:00+00:00,0,0.0,4,6,7,1
2019-07-07 05:00:00+00:00,0,0.0,5,6,7,1
2019-07-07 06:00:00+00:00,0,0.0,6,6,7,1
2019-07-07 07:00:00+00:00,1,37.382,7,6,7,1
2019-07-07 08:00:00+00:00,0,0.0,8,6,7,1
2019-07-07 09:00:00+00:00,0,0.0,9,6,7,1
2019-07-07 10:00:00+00:00,0,0.0,10,6,7,1
2019-07-07 11:00:00+00:00,0,0.0,11,6,7,1
2019-07-07 12:00:00+00:00,0,0.0,12,6,7,1
2019-07-07 13:00:00+00:00,0,0.0,13,6,7,1
2019-07-07 14:00:00+00:00,0,0.0,14,6,7,1
2019-07-07 15:00:00+00:00,0,0.0,15,6,7,1
2019-07-07 16:00:00+00:00,0,0.0,16,6,7,1
2019-07-07 17:00:00+00:00,1,20.631,17,6,7,1
2019-07-07 18:00:00+00:00,1,1.767,18,6,7,1
2019-07-07 19:00:00+00:00,0,0.0,19,6,7,1
2019-07-07 20:00:00+00:00,0,0.0,20,6,7,1
2019-07-07 21:00:00+00:00,1,2.115,21,6,7,1
2019-07-07 22:00:00+00:00,1,6.435,22,6,7,1
2019-07-07 23:00:00+00:00,2,1.834,23,6,7,1
2019-07-08 00:00:00+00:00,1,12.17,0,0,7,0
2019-07-08 01:00:00+00:00,1,10.739,1,0,7,0
2019-07-08 02:00:00+00:00,0,0.0,2,0,7,0
2019-07-08 03:00:00+00:00,0,0.0,3,0,7,0
2019-07-08 04:00:00+00:00,0,0.0,4,0,7,0
2019-07-08 05:00:00+00:00,0,0.0,5,0,7,0
2019-07-08 06:00:00+00:00,0,0.0,6,0,7,0
2019-07-08 07:00:00+00:00,0,0.0,7,0,7,0
2019-07-08 08:00:00+00:00,0,0.0,8,0,7,0
2019-07-08 09:00:00+00:00,0,0.0,9,0,7,0
2019-07-08 10:00:00+00:00,0,0.0,10,0,7,0
2019-07-08 11:00:00+00:00,0,0.0,11,0,7,0
2019-07-08 12:00:00+00:00,0,0.0,12,0,7,0
2019-07-08 13:00:00+00:00,1,5.143,13,0,7,0
2019-07-08 14:00:00+00:00,0,0.0,14,0,7,0
2019-07-08 15:00:00+00:00,6,92.751,15,0,7,0
2019-07-08 16:00:00+00:00,10,57.486,16,0,7,0
2019-07-08 17:00:00+00:00,2,25.518,17,0,7,0
2019-07-08 18:00:00+00:00,0,0.0,18,0,7,0
2019-07-08 19:00:00+00:00,1,15.536,19,0,7,0
2019-07-08 20:00:00+00:00,1,5.953,20,0,7,0
2019-07-08 21:00:00+00:00,3,26.111000000000004,21,0,7,0
2019-07-08 22:00:00+00:00,2,5.794,22,0,7,0
2019-07-08 23:00:00+00:00,2,14.279,23,0,7,0
2019-07-09 00:00:00+00:00,3,48.424,0,1,7,0
2019-07-09 01:00:00+00:00,3,17.204,1,1,7,0
2019-07-09 02:00:00+00:00,1,5.469,2,1,7,0
2019-07-09 03:00:00+00:00,0,0.0,3,1,7,0
2019-07-09 04:00:00+00:00,0,0.0,4,1,7,0
2019-07-09 05:00:00+00:00,0,0.0,5,1,7,0
2019-07-09 06:00:00+00:00,0,0.0,6,1,7,0
2019-07-09 07:00:00+00:00,0,0.0,7,1,7,0
2019-07-09 08:00:00+00:00,0,0.0,8,1,7,0
2019-07-09 09:00:00+00:00,0,0.0,9,1,7,0
2019-07-09 10:00:00+00:00,0,0.0,10,1,7,0
2019-07-09 11:00:00+00:00,0,0.0,11,1,7,0
2019-07-09 12:00:00+00:00,0,0.0,12,1,7,0
2019-07-09 13:00:00+00:00,2,28.662999999999997,13,1,7,0
2019-07-09 14:00:00+00:00,0,0.0,14,1,7,0
2019-07-09 15:00:00+00:00,4,36.471,15,1,7,0
2019-07-09 16:00:00+00:00,12,59.449,16,1,7,0
2019-07-09 17:00:00+00:00,6,34.369,17,1,7,0
2019-07-09 18:00:00+00:00,0,0.0,18,1,7,0
2019-07-09 19:00:00+00:00,1,2.062,19,1,7,0
2019-07-09 20:00:00+00:00,1,2.031,20,1,7,0
2019-07-09 21:00:00+00:00,0,0.0,21,1,7,0
2019-07-09 22:00:00+00:00,0,0.0,22,1,7,0
2019-07-09 23:00:00+00:00,0,0.0,23,1,7,0
2019-07-10 00:00:00+00:00,1,1.897,0,2,7,0
2019-07-10 01:00:00+00:00,1,4.91,1,2,7,0
2019-07-10 02:00:00+00:00,0,0.0,2,2,7,0
2019-07-10 03:00:00+00:00,0,0.0,3,2,7,0
2019-07-10 04:00:00+00:00,0,0.0,4,2,7,0
2019-07-10 05:00:00+00:00,0,0.0,5,2,7,0
2019-07-10 06:00:00+00:00,0,0.0,6,2,7,0
2019-07-10 07:00:00+00:00,0,0.0,7,2,7,0
2019-07-10 08:00:00+00:00,0,0.0,8,2,7,0
2019-07-10 09:00:00+00:00,0,0.0,9,2,7,0
2019-07-10 10:00:00+00:00,0,0.0,10,2,7,0
2019-07-10 11:00:00+00:00,0,0.0,11,2,7,0
2019-07-10 12:00:00+00:00,0,0.0,12,2,7,0
2019-07-10 13:00:00+00:00,1,17.745,13,2,7,0
2019-07-10 14:00:00+00:00,0,0.0,14,2,7,0
2019-07-10 15:00:00+00:00,5,46.284,15,2,7,0
2019-07-10 16:00:00+00:00,6,42.886,16,2,7,0
2019-07-10 17:00:00+00:00,5,41.467,17,2,7,0
2019-07-10 18:00:00+00:00,2,11.502,18,2,7,0
2019-07-10 19:00:00+00:00,1,3.139,19,2,7,0
2019-07-10 20:00:00+00:00,1,2.064,20,2,7,0
2019-07-10 21:00:00+00:00,1,6.617,21,2,7,0
2019-07-10 22:00:00+00:00,0,0.0,22,2,7,0
2019-07-10 23:00:00+00:00,2,12.794,23,2,7,0
2019-07-11 00:00:00+00:00,0,0.0,0,3,7,0
2019-07-11 01:00:00+00:00,3,20.706,1,3,7,0
2019-07-11 02:00:00+00:00,0,0.0,2,3,7,0
2019-07-11 03:00:00+00:00,1,16.877,3,3,7,0
2019-07-11 04:00:00+00:00,0,0.0,4,3,7,0
2019-07-11 05:00:00+00:00,0,0.0,5,3,7,0
2019-07-11 06:00:00+00:00,0,0.0,6,3,7,0
2019-07-11 07:00:00+00:00,0,0.0,7,3,7,0
2019-07-11 08:00:00+00:00,0,0.0,8,3,7,0
2019-07-11 09:00:00+00:00,0,0.0,9,3,7,0
2019-07-11 10:00:00+00:00,0,0.0,10,3,7,0
2019-07-11 11:00:00+00:00,0,0.0,11,3,7,0
2019-07-11 12:00:00+00:00,0,0.0,12,3,7,0
2019-07-11 13:00:00+00:00,1,17.966,13,3,7,0
2019-07-11 14:00:00+00:00,0,0.0,14,3,7,0
2019-07-11 15:00:00+00:00,3,25.786,15,3,7,0
2019-07-11 16:00:00+00:00,10,84.78999999999999,16,3,7,0
2019-07-11 17:00:00+00:00,6,73.28800000000001,17,3,7,0
2019-07-11 18:00:00+00:00,1,0.795,18,3,7,0
2019-07-11 19:00:00+00:00,2,27.272,19,3,7,0
2019-07-11 20:00:00+00:00,2,2.63,20,3,7,0
2019-07-11 21:00:00+00:00,2,4.353,21,3,7,0
2019-07-11 22:00:00+00:00,3,7.082,22,3,7,0
2019-07-11 23:00:00+00:00,0,0.0,23,3,7,0
2019-07-12 00:00:00+00:00,0,0.0,0,4,7,0
2019-07-12 01:00:00+00:00,0,0.0,1,4,7,0
2019-07-12 02:00:00+00:00,0,0.0,2,4,7,0
2019-07-12 03:00:00+00:00,0,0.0,3,4,7,0
2019-07-12 04:00:00+00:00,0,0.0,4,4,7,0
2019-07-12 05:00:00+00:00,0,0.0,5,4,7,0
2019-07-12 06:00:00+00:00,0,0.0,6,4,7,0
2019-07-12 07:00:00+00:00,0,0.0,7,4,7,0
2019-07-12 08:00:00+00:00,0,0.0,8,4,7,0
2019-07-12 09:00:00+00:00,0,0.0,9,4,7,0
2019-07-12 10:00:00+00:00,0,0.0,10,4,7,0
2019-07-12 11:00:00+00:00,0,0.0,11,4,7,0
2019-07-12 12:00:00+00:00,0,0.0,12,4,7,0
2019-07-12 13:00:00+00:00,2,20.998,13,4,7,0
2019-07-12 14:00:00+00:00,0,0.0,14,4,7,0
2019-07-12 15:00:00+00:00,7,53.093,15,4,7,0
2019-07-12 16:00:00+00:00,3,15.416,16,4,7,0
2019-07-12 17:00:00+00:00,7,45.288,17,4,7,0
2019-07-12 18:00:00+00:00,2,3.6,18,4,7,0
2019-07-12 19:00:00+00:00,3,24.236403611111108,19,4,7,0
2019-07-12 20:00:00+00:00,4,13.38,20,4,7,0
2019-07-12 21:00:00+00:00,3,10.815885833333336,21,4,7,0
2019-07-12 22:00:00+00:00,1,17.356,22,4,7,0
2019-07-12 23:00:00+00:00,3,14.771999999999998,23,4,7,0
2019-07-13 00:00:00+00:00,0,0.0,0,5,7,1
2019-07-13 01:00:00+00:00,2,3.461,1,5,7,1
2019-07-13 02:00:00+00:00,0,0.0,2,5,7,1
2019-07-13 03:00:00+00:00,0,0.0,3,5,7,1
2019-07-13 04:00:00+00:00,1,15.407,4,5,7,1
2019-07-13 05:00:00+00:00,0,0.0,5,5,7,1
2019-07-13 06:00:00+00:00,0,0.0,6,5,7,1
2019-07-13 07:00:00+00:00,0,0.0,7,5,7,1
2019-07-13 08:00:00+00:00,0,0.0,8,5,7,1
2019-07-13 09:00:00+00:00,0,0.0,9,5,7,1
2019-07-13 10:00:00+00:00,0,0.0,10,5,7,1
2019-07-13 11:00:00+00:00,0,0.0,11,5,7,1
2019-07-13 12:00:00+00:00,0,0.0,12,5,7,1
2019-07-13 13:00:00+00:00,0,0.0,13,5,7,1
2019-07-13 14:00:00+00:00,0,0.0,14,5,7,1
2019-07-13 15:00:00+00:00,2,5.632,15,5,7,1
2019-07-13 16:00:00+00:00,1,24.33,16,5,7,1
2019-07-13 17:00:00+00:00,1,7.87,17,5,7,1
2019-07-13 18:00:00+00:00,0,0.0,18,5,7,1
2019-07-13 19:00:00+00:00,0,0.0,19,5,7,1
2019-07-13 20:00:00+00:00,0,0.0,20,5,7,1
2019-07-13 21:00:00+00:00,0,0.0,21,5,7,1
2019-07-13 22:00:00+00:00,1,4.612,22,5,7,1
2019-07-13 23:00:00+00:00,1,5.72,23,5,7,1
2019-07-14 00:00:00+00:00,1,44.775,0,6,7,1
2019-07-14 01:00:00+00:00,0,0.0,1,6,7,1
2019-07-14 02:00:00+00:00,0,0.0,2,6,7,1
2019-07-14 03:00:00+00:00,0,0.0,3,6,7,1
2019-07-14 04:00:00+00:00,2,61.428,4,6,7,1
2019-07-14 05:00:00+00:00,0,0.0,5,6,7,1
2019-07-14 06:00:00+00:00,0,0.0,6,6,7,1
2019-07-14 07:00:00+00:00,0,0.0,7,6,7,1
2019-07-14 08:00:00+00:00,0,0.0,8,6,7,1
2019-07-14 09:00:00+00:00,0,0.0,9,6,7,1
2019-07-14 10:00:00+00:00,0,0.0,10,6,7,1
2019-07-14 11:00:00+00:00,0,0.0,11,6,7,1
2019-07-14 12:00:00+00:00,0,0.0,12,6,7,1
2019-07-14 13:00:00+00:00,0,0.0,13,6,7,1
2019-07-14 14:00:00+00:00,0,0.0,14,6,7,1
2019-07-14 15:00:00+00:00,1,4.121,15,6,7,1
2019-07-14 16:00:00+00:00,0,0.0,16,6,7,1
2019-07-14 17:00:00+00:00,0,0.0,17,6,7,1
2019-07-14 18:00:00+00:00,1,5.747,18,6,7,1
2019-07-14 19:00:00+00:00,1,11.884,19,6,7,1
2019-07-14 20:00:00+00:00,2,12.369,20,6,7,1
2019-07-14 21:00:00+00:00,1,14.024,21,6,7,1
2019-07-14 22:00:00+00:00,0,0.0,22,6,7,1
2019-07-14 23:00:00+00:00,0,0.0,23,6,7,1
2019-07-15 00:00:00+00:00,2,21.415999999999997,0,0,7,0
2019-07-15 01:00:00+00:00,0,0.0,1,0,7,0
2019-07-15 02:00:00+00:00,1,15.835,2,0,7,0
2019-07-15 03:00:00+00:00,0,0.0,3,0,7,0
2019-07-15 04:00:00+00:00,0,0.0,4,0,7,0
2019-07-15 05:00:00+00:00,0,0.0,5,0,7,0
2019-07-15 06:00:00+00:00,0,0.0,6,0,7,0
2019-07-15 07:00:00+00:00,0,0.0,7,0,7,0
2019-07-15 08:00:00+00:00,0,0.0,8,0,7,0
2019-07-15 09:00:00+00:00,0,0.0,9,0,7,0
2019-07-15 10:00:00+00:00,0,0.0,10,0,7,0
2019-07-15 11:00:00+00:00,0,0.0,11,0,7,0
2019-07-15 12:00:00+00:00,0,0.0,12,0,7,0
2019-07-15 13:00:00+00:00,2,9.985,13,0,7,0
2019-07-15 14:00:00+00:00,0,0.0,14,0,7,0
2019-07-15 15:00:00+00:00,7,75.797,15,0,7,0
2019-07-15 16:00:00+00:00,10,51.737,16,0,7,0
2019-07-15 17:00:00+00:00,6,59.323,17,0,7,0
2019-07-15 18:00:00+00:00,5,21.401248888888887,18,0,7,0
2019-07-15 19:00:00+00:00,4,68.875,19,0,7,0
2019-07-15 20:00:00+00:00,2,9.143,20,0,7,0
2019-07-15 21:00:00+00:00,0,0.0,21,0,7,0
2019-07-15 22:00:00+00:00,0,0.0,22,0,7,0
2019-07-15 23:00:00+00:00,0,0.0,23,0,7,0
2019-07-16 00:00:00+00:00,0,0.0,0,1,7,0
2019-07-16 01:00:00+00:00,4,32.416,1,1,7,0
2019-07-16 02:00:00+00:00,1,13.065,2,1,7,0
2019-07-16 03:00:00+00:00,1,11.876,3,1,7,0
2019-07-16 04:00:00+00:00,1,15.011,4,1,7,0
2019-07-16 05:00:00+00:00,0,0.0,5,1,7,0
2019-07-16 06:00:00+00:00,0,0.0,6,1,7,0
2019-07-16 07:00:00+00:00,0,0.0,7,1,7,0
2019-07-16 08:00:00+00:00,0,0.0,8,1,7,0
2019-07-16 09:00:00+00:00,0,0.0,9,1,7,0
2019-07-16 10:00:00+00:00,0,0.0,10,1,7,0
2019-07-16 11:00:00+00:00,0,0.0,11,1,7,0
2019-07-16 12:00:00+00:00,0,0.0,12,1,7,0
2019-07-16 13:00:00+00:00,1,3.667,13,1,7,0
2019-07-16 14:00:00+00:00,1,2.769,14,1,7,0
2019-07-16 15:00:00+00:00,4,21.04,15,1,7,0
2019-07-16 16:00:00+00:00,12,54.574,16,1,7,0
2019-07-16 17:00:00+00:00,6,46.268,17,1,7,0
2019-07-16 18:00:00+00:00,4,55.46,18,1,7,0
2019-07-16 19:00:00+00:00,2,8.052,19,1,7,0
2019-07-16 20:00:00+00:00,1,1.987,20,1,7,0
2019-07-16 21:00:00+00:00,1,8.227,21,1,7,0
2019-07-16 22:00:00+00:00,0,0.0,22,1,7,0
2019-07-16 23:00:00+00:00,1,6.005,23,1,7,0
2019-07-17 00:00:00+00:00,2,17.972,0,2,7,0
2019-07-17 01:00:00+00:00,1,8.413,1,2,7,0
2019-07-17 02:00:00+00:00,1,50.49,2,2,7,0
2019-07-17 03:00:00+00:00,0,0.0,3,2,7,0
2019-07-17 04:00:00+00:00,1,5.487,4,2,7,0
2019-07-17 05:00:00+00:00,0,0.0,5,2,7,0
2019-07-17 06:00:00+00:00,0,0.0,6,2,7,0
2019-07-17 07:00:00+00:00,0,0.0,7,2,7,0
2019-07-17 08:00:00+00:00,0,0.0,8,2,7,0
2019-07-17 09:00:00+00:00,0,0.0,9,2,7,0
2019-07-17 10:00:00+00:00,0,0.0,10,2,7,0
2019-07-17 11:00:00+00:00,0,0.0,11,2,7,0
2019-07-17 12:00:00+00:00,0,0.0,12,2,7,0
2019-07-17 13:00:00+00:00,0,0.0,13,2,7,0
2019-07-17 14:00:00+00:00,0,0.0,14,2,7,0
2019-07-17 15:00:00+00:00,5,45.184,15,2,7,0
2019-07-17 16:00:00+00:00,9,64.407,16,2,7,0
2019-07-17 17:00:00+00:00,8,76.043,17,2,7,0
2019-07-17 18:00:00+00:00,2,32.214999999999996,18,2,7,0
2019-07-17 19:00:00+00:00,3,9.094,19,2,7,0
2019-07-17 20:00:00+00:00,4,17.316000000000003,20,2,7,0
2019-07-17 21:00:00+00:00,0,0.0,21,2,7,0
2019-07-17 22:00:00+00:00,0,0.0,22,2,7,0
2019-07-17 23:00:00+00:00,3,10.037,23,2,7,0
2019-07-18 00:00:00+00:00,1,7.87,0,3,7,0
2019-07-18 01:00:00+00:00,2,11.32,1,3,7,0
2019-07-18 02:00:00+00:00,0,0.0,2,3,7,0
2019-07-18 03:00:00+00:00,0,0.0,3,3,7,0
2019-07-18 04:00:00+00:00,2,11.288,4,3,7,0
2019-07-18 05:00:00+00:00,1,11.889,5,3,7,0
2019-07-18 06:00:00+00:00,0,0.0,6,3,7,0
2019-07-18 07:00:00+00:00,0,0.0,7,3,7,0
2019-07-18 08:00:00+00:00,0,0.0,8,3,7,0
2019-07-18 09:00:00+00:00,0,0.0,9,3,7,0
2019-07-18 10:00:00+00:00,0,0.0,10,3,7,0
2019-07-18 11:00:00+00:00,0,0.0,11,3,7,0
2019-07-18 12:00:00+00:00,0,0.0,12,3,7,0
2019-07-18 13:00:00+00:00,0,0.0,13,3,7,0
2019-07-18 14:00:00+00:00,1,13.238,14,3,7,0
2019-07-18 15:00:00+00:00,6,44.17523589008199,15,3,7,0
2019-07-18 16:00:00+00:00,11,186.9142921146967,16,3,7,0
2019-07-18 17:00:00+00:00,2,12.036,17,3,7,0
2019-07-18 18:00:00+00:00,4,39.651670833333334,18,3,7,0
2019-07-18 19:00:00+00:00,0,0.0,19,3,7,0
2019-07-18 20:00:00+00:00,5,23.9918325,20,3,7,0
2019-07-18 21:00:00+00:00,1,7.31,21,3,7,0
2019-07-18 22:00:00+00:00,0,0.0,22,3,7,0
2019-07-18 23:00:00+00:00,1,1.774,23,3,7,0
2019-07-19 00:00:00+00:00,2,9.148,0,4,7,0
2019-07-19 01:00:00+00:00,3,14.78188,1,4,7,0
2019-07-19 02:00:00+00:00,1,2.35,2,4,7,0
2019-07-19 03:00:00+00:00,1,15.762,3,4,7,0
2019-07-19 04:00:00+00:00,0,0.0,4,4,7,0
2019-07-19 05:00:00+00:00,0,0.0,5,4,7,0
2019-07-19 06:00:00+00:00,0,0.0,6,4,7,0
2019-07-19 07:00:00+00:00,0,0.0,7,4,7,0
2019-07-19 08:00:00+00:00,0,0.0,8,4,7,0
2019-07-19 09:00:00+00:00,0,0.0,9,4,7,0
2019-07-19 10:00:00+00:00,0,0.0,10,4,7,0
2019-07-19 11:00:00+00:00,0,0.0,11,4,7,0
2019-07-19 12:00:00+00:00,0,0.0,12,4,7,0
2019-07-19 13:00:00+00:00,1,4.066,13,4,7,0
2019-07-19 14:00:00+00:00,0,0.0,14,4,7,0
2019-07-19 15:00:00+00:00,5,32.602,15,4,7,0
2019-07-19 16:00:00+00:00,4,34.928,16,4,7,0
2019-07-19 17:00:00+00:00,7,61.164,17,4,7,0
2019-07-19 18:00:00+00:00,5,42.105,18,4,7,0
2019-07-19 19:00:00+00:00,2,33.427,19,4,7,0
2019-07-19 20:00:00+00:00,2,5.507,20,4,7,0
2019-07-19 21:00:00+00:00,1,3.24,21,4,7,0
2019-07-19 22:00:00+00:00,0,0.0,22,4,7,0
2019-07-19 23:00:00+00:00,1,2.231,23,4,7,0
2019-07-20 00:00:00+00:00,1,1.949,0,5,7,1
2019-07-20 01:00:00+00:00,0,0.0,1,5,7,1
2019-07-20 02:00:00+00:00,1,5.703,2,5,7,1
2019-07-20 03:00:00+00:00,0,0.0,3,5,7,1
2019-07-20 04:00:00+00:00,0,0.0,4,5,7,1
2019-07-20 05:00:00+00:00,0,0.0,5,5,7,1
2019-07-20 06:00:00+00:00,0,0.0,6,5,7,1
2019-07-20 07:00:00+00:00,0,0.0,7,5,7,1
2019-07-20 08:00:00+00:00,0,0.0,8,5,7,1
2019-07-20 09:00:00+00:00,0,0.0,9,5,7,1
2019-07-20 10:00:00+00:00,0,0.0,10,5,7,1
2019-07-20 11:00:00+00:00,0,0.0,11,5,7,1
2019-07-20 12:00:00+00:00,0,0.0,12,5,7,1
2019-07-20 13:00:00+00:00,0,0.0,13,5,7,1
2019-07-20 14:00:00+00:00,1,5.636,14,5,7,1
2019-07-20 15:00:00+00:00,0,0.0,15,5,7,1
2019-07-20 16:00:00+00:00,2,35.251,16,5,7,1
2019-07-20 17:00:00+00:00,1,4.023,17,5,7,1
2019-07-20 18:00:00+00:00,0,0.0,18,5,7,1
2019-07-20 19:00:00+00:00,0,0.0,19,5,7,1
2019-07-20 20:00:00+00:00,0,0.0,20,5,7,1
2019-07-20 21:00:00+00:00,0,0.0,21,5,7,1
2019-07-20 22:00:00+00:00,0,0.0,22,5,7,1
2019-07-20 23:00:00+00:00,1,3.731,23,5,7,1
2019-07-21 00:00:00+00:00,0,0.0,0,6,7,1
2019-07-21 01:00:00+00:00,0,0.0,1,6,7,1
2019-07-21 02:00:00+00:00,0,0.0,2,6,7,1
2019-07-21 03:00:00+00:00,1,8.91,3,6,7,1
2019-07-21 04:00:00+00:00,0,0.0,4,6,7,1
2019-07-21 05:00:00+00:00,0,0.0,5,6,7,1
2019-07-21 06:00:00+00:00,0,0.0,6,6,7,1
2019-07-21 07:00:00+00:00,0,0.0,7,6,7,1
2019-07-21 08:00:00+00:00,0,0.0,8,6,7,1
2019-07-21 09:00:00+00:00,0,0.0,9,6,7,1
2019-07-21 10:00:00+00:00,0,0.0,10,6,7,1
2019-07-21 11:00:00+00:00,0,0.0,11,6,7,1
2019-07-21 12:00:00+00:00,0,0.0,12,6,7,1
2019-07-21 13:00:00+00:00,1,0.878,13,6,7,1
2019-07-21 14:00:00+00:00,0,0.0,14,6,7,1
2019-07-21 15:00:00+00:00,0,0.0,15,6,7,1
2019-07-21 16:00:00+00:00,0,0.0,16,6,7,1
2019-07-21 17:00:00+00:00,0,0.0,17,6,7,1
2019-07-21 18:00:00+00:00,1,3.564,18,6,7,1
2019-07-21 19:00:00+00:00,0,0.0,19,6,7,1
2019-07-21 20:00:00+00:00,1,0.735,20,6,7,1
2019-07-21 21:00:00+00:00,0,0.0,21,6,7,1
2019-07-21 22:00:00+00:00,3,8.296,22,6,7,1
2019-07-21 23:00:00+00:00,1,6.139,23,6,7,1
2019-07-22 00:00:00+00:00,0,0.0,0,0,7,0
2019-07-22 01:00:00+00:00,2,3.376,1,0,7,0
2019-07-22 02:00:00+00:00,0,0.0,2,0,7,0
2019-07-22 03:00:00+00:00,0,0.0,3,0,7,0
2019-07-22 04:00:00+00:00,1,6.031,4,0,7,0
2019-07-22 05:00:00+00:00,0,0.0,5,0,7,0
2019-07-22 06:00:00+00:00,1,51.281,6,0,7,0
2019-07-22 07:00:00+00:00,0,0.0,7,0,7,0
2019-07-22 08:00:00+00:00,0,0.0,8,0,7,0
2019-07-22 09:00:00+00:00,0,0.0,9,0,7,0
2019-07-22 10:00:00+00:00,0,0.0,10,0,7,0
2019-07-22 11:00:00+00:00,0,0.0,11,0,7,0
2019-07-22 12:00:00+00:00,0,0.0,12,0,7,0
2019-07-22 13:00:00+00:00,0,0.0,13,0,7,0
2019-07-22 14:00:00+00:00,2,6.051,14,0,7,0
2019-07-22 15:00:00+00:00,3,29.328000000000003,15,0,7,0
2019-07-22 16:00:00+00:00,10,68.65899999999999,16,0,7,0
2019-07-22 17:00:00+00:00,6,37.916,17,0,7,0
2019-07-22 18:00:00+00:00,3,50.776,18,0,7,0
2019-07-22 19:00:00+00:00,2,13.033,19,0,7,0
2019-07-22 20:00:00+00:00,3,19.09,20,0,7,0
2019-07-22 21:00:00+00:00,2,10.295,21,0,7,0
2019-07-22 22:00:00+00:00,1,4.782,22,0,7,0
2019-07-22 23:00:00+00:00,3,25.887,23,0,7,0
2019-07-23 00:00:00+00:00,1,0.912,0,1,7,0
2019-07-23 01:00:00+00:00,1,7.884,1,1,7,0
2019-07-23 02:00:00+00:00,0,0.0,2,1,7,0
2019-07-23 03:00:00+00:00,0,0.0,3,1,7,0
2019-07-23 04:00:00+00:00,0,0.0,4,1,7,0
2019-07-23 05:00:00+00:00,0,0.0,5,1,7,0
2019-07-23 06:00:00+00:00,0,0.0,6,1,7,0
2019-07-23 07:00:00+00:00,0,0.0,7,1,7,0
2019-07-23 08:00:00+00:00,0,0.0,8,1,7,0
2019-07-23 09:00:00+00:00,0,0.0,9,1,7,0
2019-07-23 10:00:00+00:00,0,0.0,10,1,7,0
2019-07-23 11:00:00+00:00,0,0.0,11,1,7,0
2019-07-23 12:00:00+00:00,0,0.0,12,1,7,0
2019-07-23 13:00:00+00:00,0,0.0,13,1,7,0
2019-07-23 14:00:00+00:00,2,17.888,14,1,7,0
2019-07-23 15:00:00+00:00,5,18.000999999999998,15,1,7,0
2019-07-23 16:00:00+00:00,8,60.016,16,1,7,0
2019-07-23 17:00:00+00:00,4,26.200000000000003,17,1,7,0
2019-07-23 18:00:00+00:00,3,29.017000000000003,18,1,7,0
2019-07-23 19:00:00+00:00,1,5.309,19,1,7,0
2019-07-23 20:00:00+00:00,4,30.438,20,1,7,0
2019-07-23 21:00:00+00:00,2,1.592,21,1,7,0
2019-07-23 22:00:00+00:00,1,13.354,22,1,7,0
2019-07-23 23:00:00+00:00,0,0.0,23,1,7,0
2019-07-24 00:00:00+00:00,2,52.61,0,2,7,0
2019-07-24 01:00:00+00:00,1,10.162,1,2,7,0
2019-07-24 02:00:00+00:00,1,5.287,2,2,7,0
2019-07-24 03:00:00+00:00,0,0.0,3,2,7,0
2019-07-24 04:00:00+00:00,0,0.0,4,2,7,0
2019-07-24 05:00:00+00:00,0,0.0,5,2,7,0
2019-07-24 06:00:00+00:00,0,0.0,6,2,7,0
2019-07-24 07:00:00+00:00,0,0.0,7,2,7,0
2019-07-24 08:00:00+00:00,0,0.0,8,2,7,0
2019-07-24 09:00:00+00:00,0,0.0,9,2,7,0
2019-07-24 10:00:00+00:00,0,0.0,10,2,7,0
2019-07-24 11:00:00+00:00,0,0.0,11,2,7,0
2019-07-24 12:00:00+00:00,0,0.0,12,2,7,0
2019-07-24 13:00:00+00:00,0,0.0,13,2,7,0
2019-07-24 14:00:00+00:00,0,0.0,14,2,7,0
2019-07-24 15:00:00+00:00,4,29.804,15,2,7,0
2019-07-24 16:00:00+00:00,12,93.789,16,2,7,0
2019-07-24 17:00:00+00:00,8,128.321,17,2,7,0
2019-07-24 18:00:00+00:00,3,29.32,18,2,7,0
2019-07-24 19:00:00+00:00,4,27.863,19,2,7,0
2019-07-24 20:00:00+00:00,2,2.963,20,2,7,0
2019-07-24 21:00:00+00:00,1,4.55,21,2,7,0
2019-07-24 22:00:00+00:00,0,0.0,22,2,7,0
2019-07-24 23:00:00+00:00,2,3.969,23,2,7,0
2019-07-25 00:00:00+00:00,0,0.0,0,3,7,0
2019-07-25 01:00:00+00:00,2,8.719,1,3,7,0
2019-07-25 02:00:00+00:00,2,6.658,2,3,7,0
2019-07-25 03:00:00+00:00,0,0.0,3,3,7,0
2019-07-25 04:00:00+00:00,1,15.999,4,3,7,0
2019-07-25 05:00:00+00:00,0,0.0,5,3,7,0
2019-07-25 06:00:00+00:00,0,0.0,6,3,7,0
2019-07-25 07:00:00+00:00,0,0.0,7,3,7,0
2019-07-25 08:00:00+00:00,0,0.0,8,3,7,0
2019-07-25 09:00:00+00:00,0,0.0,9,3,7,0
2019-07-25 10:00:00+00:00,0,0.0,10,3,7,0
2019-07-25 11:00:00+00:00,0,0.0,11,3,7,0
2019-07-25 12:00:00+00:00,0,0.0,12,3,7,0
2019-07-25 13:00:00+00:00,0,0.0,13,3,7,0
2019-07-25 14:00:00+00:00,1,9.067,14,3,7,0
2019-07-25 15:00:00+00:00,5,19.592,15,3,7,0
2019-07-25 16:00:00+00:00,12,123.274,16,3,7,0
2019-07-25 17:00:00+00:00,5,50.169,17,3,7,0
2019-07-25 18:00:00+00:00,3,18.828,18,3,7,0
2019-07-25 19:00:00+00:00,2,9.089,19,3,7,0
2019-07-25 20:00:00+00:00,3,21.879,20,3,7,0
2019-07-25 21:00:00+00:00,1,5.54,21,3,7,0
2019-07-25 22:00:00+00:00,1,11.792,22,3,7,0
2019-07-25 23:00:00+00:00,2,10.95220611111111,23,3,7,0
2019-07-26 00:00:00+00:00,2,5.555999999999999,0,4,7,0
2019-07-26 01:00:00+00:00,1,11.035,1,4,7,0
2019-07-26 02:00:00+00:00,1,10.755,2,4,7,0
2019-07-26 03:00:00+00:00,1,16.051,3,4,7,0
2019-07-26 04:00:00+00:00,2,12.791,4,4,7,0
2019-07-26 05:00:00+00:00,0,0.0,5,4,7,0
2019-07-26 06:00:00+00:00,0,0.0,6,4,7,0
2019-07-26 07:00:00+00:00,0,0.0,7,4,7,0
2019-07-26 08:00:00+00:00,0,0.0,8,4,7,0
2019-07-26 09:00:00+00:00,0,0.0,9,4,7,0
2019-07-26 10:00:00+00:00,0,0.0,10,4,7,0
2019-07-26 11:00:00+00:00,0,0.0,11,4,7,0
2019-07-26 12:00:00+00:00,0,0.0,12,4,7,0
2019-07-26 13:00:00+00:00,0,0.0,13,4,7,0
2019-07-26 14:00:00+00:00,1,13.855,14,4,7,0
2019-07-26 15:00:00+00:00,6,45.83,15,4,7,0
2019-07-26 16:00:00+00:00,11,84.984,16,4,7,0
2019-07-26 17:00:00+00:00,2,10.271999999999998,17,4,7,0
2019-07-26 18:00:00+00:00,3,11.494,18,4,7,0
2019-07-26 19:00:00+00:00,3,6.416,19,4,7,0
2019-07-26 20:00:00+00:00,0,0.0,20,4,7,0
2019-07-26 21:00:00+00:00,1,3.85,21,4,7,0
2019-07-26 22:00:00+00:00,0,0.0,22,4,7,0
2019-07-26 23:00:00+00:00,0,0.0,23,4,7,0
2019-07-27 00:00:00+00:00,1,3.614,0,5,7,1
2019-07-27 01:00:00+00:00,0,0.0,1,5,7,1
2019-07-27 02:00:00+00:00,2,12.311,2,5,7,1
2019-07-27 03:00:00+00:00,0,0.0,3,5,7,1
2019-07-27 04:00:00+00:00,1,24.198,4,5,7,1
2019-07-27 05:00:00+00:00,0,0.0,5,5,7,1
2019-07-27 06:00:00+00:00,0,0.0,6,5,7,1
2019-07-27 07:00:00+00:00,0,0.0,7,5,7,1
2019-07-27 08:00:00+00:00,0,0.0,8,5,7,1
2019-07-27 09:00:00+00:00,0,0.0,9,5,7,1
2019-07-27 10:00:00+00:00,0,0.0,10,5,7,1
2019-07-27 11:00:00+00:00,0,0.0,11,5,7,1
2019-07-27 12:00:00+00:00,0,0.0,12,5,7,1
2019-07-27 13:00:00+00:00,1,14.53,13,5,7,1
2019-07-27 14:00:00+00:00,0,0.0,14,5,7,1
2019-07-27 15:00:00+00:00,0,0.0,15,5,7,1
2019-07-27 16:00:00+00:00,0,0.0,16,5,7,1
2019-07-27 17:00:00+00:00,3,21.614,17,5,7,1
2019-07-27 18:00:00+00:00,1,2.46,18,5,7,1
2019-07-27 19:00:00+00:00,0,0.0,19,5,7,1
2019-07-27 20:00:00+00:00,0,0.0,20,5,7,1
2019-07-27 21:00:00+00:00,0,0.0,21,5,7,1
2019-07-27 22:00:00+00:00,1,2.093,22,5,7,1
2019-07-27 23:00:00+00:00,0,0.0,23,5,7,1
2019-07-28 00:00:00+00:00,2,95.859,0,6,7,1
2019-07-28 01:00:00+00:00,0,0.0,1,6,7,1
2019-07-28 02:00:00+00:00,0,0.0,2,6,7,1
2019-07-28 03:00:00+00:00,2,20.844,3,6,7,1
2019-07-28 04:00:00+00:00,0,0.0,4,6,7,1
2019-07-28 05:00:00+00:00,0,0.0,5,6,7,1
2019-07-28 06:00:00+00:00,0,0.0,6,6,7,1
2019-07-28 07:00:00+00:00,0,0.0,7,6,7,1
2019-07-28 08:00:00+00:00,0,0.0,8,6,7,1
2019-07-28 09:00:00+00:00,0,0.0,9,6,7,1
2019-07-28 10:00:00+00:00,0,0.0,10,6,7,1
2019-07-28 11:00:00+00:00,0,0.0,11,6,7,1
2019-07-28 12:00:00+00:00,0,0.0,12,6,7,1
2019-07-28 13:00:00+00:00,0,0.0,13,6,7,1
2019-07-28 14:00:00+00:00,0,0.0,14,6,7,1
2019-07-28 15:00:00+00:00,2,54.161,15,6,7,1
2019-07-28 16:00:00+00:00,0,0.0,16,6,7,1
2019-07-28 17:00:00+00:00,1,6.132,17,6,7,1
2019-07-28 18:00:00+00:00,0,0.0,18,6,7,1
2019-07-28 19:00:00+00:00,1,11.92,19,6,7,1
2019-07-28 20:00:00+00:00,0,0.0,20,6,7,1
2019-07-28 21:00:00+00:00,1,0.513,21,6,7,1
2019-07-28 22:00:00+00:00,1,5.365,22,6,7,1
2019-07-28 23:00:00+00:00,0,0.0,23,6,7,1
2019-07-29 00:00:00+00:00,1,15.159,0,0,7,0
2019-07-29 01:00:00+00:00,0,0.0,1,0,7,0
2019-07-29 02:00:00+00:00,0,0.0,2,0,7,0
2019-07-29 03:00:00+00:00,2,34.663000000000004,3,0,7,0
2019-07-29 04:00:00+00:00,1,3.142,4,0,7,0
2019-07-29 05:00:00+00:00,0,0.0,5,0,7,0
2019-07-29 06:00:00+00:00,0,0.0,6,0,7,0
2019-07-29 07:00:00+00:00,0,0.0,7,0,7,0
2019-07-29 08:00:00+00:00,0,0.0,8,0,7,0
2019-07-29 09:00:00+00:00,0,0.0,9,0,7,0
2019-07-29 10:00:00+00:00,0,0.0,10,0,7,0
2019-07-29 11:00:00+00:00,0,0.0,11,0,7,0
2019-07-29 12:00:00+00:00,0,0.0,12,0,7,0
2019-07-29 13:00:00+00:00,0,0.0,13,0,7,0
2019-07-29 14:00:00+00:00,1,25.898,14,0,7,0
2019-07-29 15:00:00+00:00,3,15.782,15,0,7,0
2019-07-29 16:00:00+00:00,11,104.045,16,0,7,0
2019-07-29 17:00:00+00:00,1,16.625,17,0,7,0
2019-07-29 18:00:00+00:00,1,2.215,18,0,7,0
2019-07-29 19:00:00+00:00,1,12.766,19,0,7,0
2019-07-29 20:00:00+00:00,2,15.424,20,0,7,0
2019-07-29 21:00:00+00:00,4,26.269,21,0,7,0
2019-07-29 22:00:00+00:00,0,0.0,22,0,7,0
2019-07-29 23:00:00+00:00,0,0.0,23,0,7,0
2019-07-30 00:00:00+00:00,1,1.282,0,1,7,0
2019-07-30 01:00:00+00:00,3,24.05,1,1,7,0
2019-07-30 02:00:00+00:00,0,0.0,2,1,7,0
2019-07-30 03:00:00+00:00,0,0.0,3,1,7,0
2019-07-30 04:00:00+00:00,3,26.097,4,1,7,0
2019-07-30 05:00:00+00:00,0,0.0,5,1,7,0
2019-07-30 06:00:00+00:00,0,0.0,6,1,7,0
2019-07-30 07:00:00+00:00,0,0.0,7,1,7,0
2019-07-30 08:00:00+00:00,0,0.0,8,1,7,0
2019-07-30 09:00:00+00:00,0,0.0,9,1,7,0
2019-07-30 10:00:00+00:00,0,0.0,10,1,7,0
2019-07-30 11:00:00+00:00,0,0.0,11,1,7,0
2019-07-30 12:00:00+00:00,0,0.0,12,1,7,0
2019-07-30 13:00:00+00:00,1,17.383,13,1,7,0
2019-07-30 14:00:00+00:00,1,5.776,14,1,7,0
2019-07-30 15:00:00+00:00,7,49.169,15,1,7,0
2019-07-30 16:00:00+00:00,5,36.597,16,1,7,0
2019-07-30 17:00:00+00:00,7,42.285,17,1,7,0
2019-07-30 18:00:00+00:00,2,5.445,18,1,7,0
2019-07-30 19:00:00+00:00,3,3.965,19,1,7,0
2019-07-30 20:00:00+00:00,1,1.323,20,1,7,0
2019-07-30 21:00:00+00:00,0,0.0,21,1,7,0
2019-07-30 22:00:00+00:00,0,0.0,22,1,7,0
2019-07-30 23:00:00+00:00,2,7.032,23,1,7,0
2019-07-31 00:00:00+00:00,3,27.126,0,2,7,0
2019-07-31 01:00:00+00:00,1,11.397,1,2,7,0
2019-07-31 02:00:00+00:00,1,2.381,2,2,7,0
2019-07-31 03:00:00+00:00,0,0.0,3,2,7,0
2019-07-31 04:00:00+00:00,0,0.0,4,2,7,0
2019-07-31 05:00:00+00:00,0,0.0,5,2,7,0
2019-07-31 06:00:00+00:00,0,0.0,6,2,7,0
2019-07-31 07:00:00+00:00,0,0.0,7,2,7,0
2019-07-31 08:00:00+00:00,0,0.0,8,2,7,0
2019-07-31 09:00:00+00:00,0,0.0,9,2,7,0
2019-07-31 10:00:00+00:00,0,0.0,10,2,7,0
2019-07-31 11:00:00+00:00,0,0.0,11,2,7,0
2019-07-31 12:00:00+00:00,0,0.0,12,2,7,0
2019-07-31 13:00:00+00:00,2,21.856,13,2,7,0
2019-07-31 14:00:00+00:00,1,6.829,14,2,7,0
2019-07-31 15:00:00+00:00,5,39.933,15,2,7,0
2019-07-31 16:00:00+00:00,6,38.304,16,2,7,0
2019-07-31 17:00:00+00:00,5,23.863,17,2,7,0
2019-07-31 18:00:00+00:00,2,18.13,18,2,7,0
2019-07-31 19:00:00+00:00,5,27.799,19,2,7,0
2019-07-31 20:00:00+00:00,2,2.619,20,2,7,0
2019-07-31 21:00:00+00:00,3,4.515,21,2,7,0
2019-07-31 22:00:00+00:00,2,12.906,22,2,7,0
2019-07-31 23:00:00+00:00,1,16.028,23,2,7,0
2019-08-01 00:00:00+00:00,1,2.292,0,3,8,0
2019-08-01 01:00:00+00:00,2,8.831,1,3,8,0
2019-08-01 02:00:00+00:00,0,0.0,2,3,8,0
2019-08-01 03:00:00+00:00,0,0.0,3,3,8,0
2019-08-01 04:00:00+00:00,1,1.422,4,3,8,0
2019-08-01 05:00:00+00:00,0,0.0,5,3,8,0
2019-08-01 06:00:00+00:00,0,0.0,6,3,8,0
2019-08-01 07:00:00+00:00,0,0.0,7,3,8,0
2019-08-01 08:00:00+00:00,0,0.0,8,3,8,0
2019-08-01 09:00:00+00:00,0,0.0,9,3,8,0
2019-08-01 10:00:00+00:00,0,0.0,10,3,8,0
2019-08-01 11:00:00+00:00,0,0.0,11,3,8,0
2019-08-01 12:00:00+00:00,1,4.909,12,3,8,0
2019-08-01 13:00:00+00:00,1,17.386,13,3,8,0
2019-08-01 14:00:00+00:00,0,0.0,14,3,8,0
2019-08-01 15:00:00+00:00,7,37.196,15,3,8,0
2019-08-01 16:00:00+00:00,8,49.529999999999994,16,3,8,0
2019-08-01 17:00:00+00:00,0,0.0,17,3,8,0
2019-08-01 18:00:00+00:00,7,49.83921146953358,18,3,8,0
2019-08-01 19:00:00+00:00,2,6.696999999999999,19,3,8,0
2019-08-01 20:00:00+00:00,2,9.992,20,3,8,0
2019-08-01 21:00:00+00:00,0,0.0,21,3,8,0
2019-08-01 22:00:00+00:00,2,49.104,22,3,8,0
2019-08-01 23:00:00+00:00,0,0.0,23,3,8,0
2019-08-02 00:00:00+00:00,1,9.028,0,4,8,0
2019-08-02 01:00:00+00:00,2,22.623,1,4,8,0
2019-08-02 02:00:00+00:00,0,0.0,2,4,8,0
2019-08-02 03:00:00+00:00,0,0.0,3,4,8,0
2019-08-02 04:00:00+00:00,0,0.0,4,4,8,0
2019-08-02 05:00:00+00:00,0,0.0,5,4,8,0
2019-08-02 06:00:00+00:00,0,0.0,6,4,8,0
2019-08-02 07:00:00+00:00,1,19.386,7,4,8,0
2019-08-02 08:00:00+00:00,0,0.0,8,4,8,0
2019-08-02 09:00:00+00:00,0,0.0,9,4,8,0
2019-08-02 10:00:00+00:00,0,0.0,10,4,8,0
2019-08-02 11:00:00+00:00,0,0.0,11,4,8,0
2019-08-02 12:00:00+00:00,1,9.513,12,4,8,0
2019-08-02 13:00:00+00:00,1,18.296,13,4,8,0
2019-08-02 14:00:00+00:00,1,47.649,14,4,8,0
2019-08-02 15:00:00+00:00,6,37.614,15,4,8,0
2019-08-02 16:00:00+00:00,5,20.64,16,4,8,0
2019-08-02 17:00:00+00:00,2,12.144,17,4,8,0
2019-08-02 18:00:00+00:00,4,50.552,18,4,8,0
2019-08-02 19:00:00+00:00,3,10.087,19,4,8,0
2019-08-02 20:00:00+00:00,5,27.542,20,4,8,0
2019-08-02 21:00:00+00:00,2,3.077,21,4,8,0
2019-08-02 22:00:00+00:00,0,0.0,22,4,8,0
2019-08-02 23:00:00+00:00,0,0.0,23,4,8,0
2019-08-03 00:00:00+00:00,0,0.0,0,5,8,1
2019-08-03 01:00:00+00:00,0,0.0,1,5,8,1
2019-08-03 02:00:00+00:00,1,3.662,2,5,8,1
2019-08-03 03:00:00+00:00,0,0.0,3,5,8,1
2019-08-03 04:00:00+00:00,1,11.837,4,5,8,1
2019-08-03 05:00:00+00:00,0,0.0,5,5,8,1
2019-08-03 06:00:00+00:00,0,0.0,6,5,8,1
2019-08-03 07:00:00+00:00,0,0.0,7,5,8,1
2019-08-03 08:00:00+00:00,0,0.0,8,5,8,1
2019-08-03 09:00:00+00:00,0,0.0,9,5,8,1
2019-08-03 10:00:00+00:00,0,0.0,10,5,8,1
2019-08-03 11:00:00+00:00,0,0.0,11,5,8,1
2019-08-03 12:00:00+00:00,0,0.0,12,5,8,1
2019-08-03 13:00:00+00:00,0,0.0,13,5,8,1
2019-08-03 14:00:00+00:00,0,0.0,14,5,8,1
2019-08-03 15:00:00+00:00,1,4.211,15,5,8,1
2019-08-03 16:00:00+00:00,0,0.0,16,5,8,1
2019-08-03 17:00:00+00:00,1,0.833,17,5,8,1
2019-08-03 18:00:00+00:00,1,52.465,18,5,8,1
2019-08-03 19:00:00+00:00,3,44.08,19,5,8,1
2019-08-03 20:00:00+00:00,0,0.0,20,5,8,1
2019-08-03 21:00:00+00:00,0,0.0,21,5,8,1
2019-08-03 22:00:00+00:00,2,4.8149999999999995,22,5,8,1
2019-08-03 23:00:00+00:00,0,0.0,23,5,8,1
2019-08-04 00:00:00+00:00,0,0.0,0,6,8,1
2019-08-04 01:00:00+00:00,0,0.0,1,6,8,1
2019-08-04 02:00:00+00:00,1,3.072,2,6,8,1
2019-08-04 03:00:00+00:00,0,0.0,3,6,8,1
2019-08-04 04:00:00+00:00,0,0.0,4,6,8,1
2019-08-04 05:00:00+00:00,0,0.0,5,6,8,1
2019-08-04 06:00:00+00:00,0,0.0,6,6,8,1
2019-08-04 07:00:00+00:00,0,0.0,7,6,8,1
2019-08-04 08:00:00+00:00,0,0.0,8,6,8,1
2019-08-04 09:00:00+00:00,0,0.0,9,6,8,1
2019-08-04 10:00:00+00:00,0,0.0,10,6,8,1
2019-08-04 11:00:00+00:00,0,0.0,11,6,8,1
2019-08-04 12:00:00+00:00,0,0.0,12,6,8,1
2019-08-04 13:00:00+00:00,0,0.0,13,6,8,1
2019-08-04 14:00:00+00:00,0,0.0,14,6,8,1
2019-08-04 15:00:00+00:00,1,3.83,15,6,8,1
2019-08-04 16:00:00+00:00,0,0.0,16,6,8,1
2019-08-04 17:00:00+00:00,1,3.554,17,6,8,1
2019-08-04 18:00:00+00:00,2,8.741999999999999,18,6,8,1
2019-08-04 19:00:00+00:00,1,5.058,19,6,8,1
2019-08-04 20:00:00+00:00,0,0.0,20,6,8,1
2019-08-04 21:00:00+00:00,0,0.0,21,6,8,1
2019-08-04 22:00:00+00:00,1,5.326,22,6,8,1
2019-08-04 23:00:00+00:00,0,0.0,23,6,8,1
2019-08-05 00:00:00+00:00,0,0.0,0,0,8,0
2019-08-05 01:00:00+00:00,0,0.0,1,0,8,0
2019-08-05 02:00:00+00:00,0,0.0,2,0,8,0
2019-08-05 03:00:00+00:00,0,0.0,3,0,8,0
2019-08-05 04:00:00+00:00,1,11.151,4,0,8,0
2019-08-05 05:00:00+00:00,0,0.0,5,0,8,0
2019-08-05 06:00:00+00:00,0,0.0,6,0,8,0
2019-08-05 07:00:00+00:00,0,0.0,7,0,8,0
2019-08-05 08:00:00+00:00,0,0.0,8,0,8,0
2019-08-05 09:00:00+00:00,0,0.0,9,0,8,0
2019-08-05 10:00:00+00:00,0,0.0,10,0,8,0
2019-08-05 11:00:00+00:00,0,0.0,11,0,8,0
2019-08-05 12:00:00+00:00,1,4.578,12,0,8,0
2019-08-05 13:00:00+00:00,3,25.731,13,0,8,0
2019-08-05 14:00:00+00:00,1,0.726,14,0,8,0
2019-08-05 15:00:00+00:00,6,58.626999999999995,15,0,8,0
2019-08-05 16:00:00+00:00,6,56.927,16,0,8,0
2019-08-05 17:00:00+00:00,4,72.799,17,0,8,0
2019-08-05 18:00:00+00:00,0,0.0,18,0,8,0
2019-08-05 19:00:00+00:00,2,21.182,19,0,8,0
2019-08-05 20:00:00+00:00,2,19.775,20,0,8,0
2019-08-05 21:00:00+00:00,1,1.024,21,0,8,0
2019-08-05 22:00:00+00:00,1,0.812,22,0,8,0
2019-08-05 23:00:00+00:00,2,19.325,23,0,8,0
2019-08-06 00:00:00+00:00,0,0.0,0,1,8,0
2019-08-06 01:00:00+00:00,0,0.0,1,1,8,0
2019-08-06 02:00:00+00:00,0,0.0,2,1,8,0
2019-08-06 03:00:00+00:00,1,0.764,3,1,8,0
2019-08-06 04:00:00+00:00,2,16.387999999999998,4,1,8,0
2019-08-06 05:00:00+00:00,1,17.336,5,1,8,0
2019-08-06 06:00:00+00:00,0,0.0,6,1,8,0
2019-08-06 07:00:00+00:00,0,0.0,7,1,8,0
2019-08-06 08:00:00+00:00,0,0.0,8,1,8,0
2019-08-06 09:00:00+00:00,0,0.0,9,1,8,0
2019-08-06 10:00:00+00:00,0,0.0,10,1,8,0
2019-08-06 11:00:00+00:00,0,0.0,11,1,8,0
2019-08-06 12:00:00+00:00,0,0.0,12,1,8,0
2019-08-06 13:00:00+00:00,0,0.0,13,1,8,0
2019-08-06 14:00:00+00:00,2,15.386,14,1,8,0
2019-08-06 15:00:00+00:00,1,4.478,15,1,8,0
2019-08-06 16:00:00+00:00,9,40.569,16,1,8,0
2019-08-06 17:00:00+00:00,2,15.983,17,1,8,0
2019-08-06 18:00:00+00:00,2,2.248,18,1,8,0
2019-08-06 19:00:00+00:00,3,31.474,19,1,8,0
2019-08-06 20:00:00+00:00,2,7.997,20,1,8,0
2019-08-06 21:00:00+00:00,4,52.362,21,1,8,0
2019-08-06 22:00:00+00:00,2,1.74,22,1,8,0
2019-08-06 23:00:00+00:00,1,16.188,23,1,8,0
2019-08-07 00:00:00+00:00,1,4.375,0,2,8,0
2019-08-07 01:00:00+00:00,3,23.269,1,2,8,0
2019-08-07 02:00:00+00:00,3,18.085,2,2,8,0
2019-08-07 03:00:00+00:00,0,0.0,3,2,8,0
2019-08-07 04:00:00+00:00,0,0.0,4,2,8,0
2019-08-07 05:00:00+00:00,0,0.0,5,2,8,0
2019-08-07 06:00:00+00:00,0,0.0,6,2,8,0
2019-08-07 07:00:00+00:00,0,0.0,7,2,8,0
2019-08-07 08:00:00+00:00,0,0.0,8,2,8,0
2019-08-07 09:00:00+00:00,0,0.0,9,2,8,0
2019-08-07 10:00:00+00:00,0,0.0,10,2,8,0
2019-08-07 11:00:00+00:00,0,0.0,11,2,8,0
2019-08-07 12:00:00+00:00,0,0.0,12,2,8,0
2019-08-07 13:00:00+00:00,0,0.0,13,2,8,0
2019-08-07 14:00:00+00:00,0,0.0,14,2,8,0
2019-08-07 15:00:00+00:00,6,37.152,15,2,8,0
2019-08-07 16:00:00+00:00,13,107.239,16,2,8,0
2019-08-07 17:00:00+00:00,4,56.287000000000006,17,2,8,0
2019-08-07 18:00:00+00:00,3,25.182,18,2,8,0
2019-08-07 19:00:00+00:00,4,47.55330346475113,19,2,8,0
2019-08-07 20:00:00+00:00,0,0.0,20,2,8,0
2019-08-07 21:00:00+00:00,1,0.7882905555555554,21,2,8,0
2019-08-07 22:00:00+00:00,0,0.0,22,2,8,0
2019-08-07 23:00:00+00:00,0,0.0,23,2,8,0
2019-08-08 00:00:00+00:00,1,8.017,0,3,8,0
2019-08-08 01:00:00+00:00,2,5.82,1,3,8,0
2019-08-08 02:00:00+00:00,0,0.0,2,3,8,0
2019-08-08 03:00:00+00:00,0,0.0,3,3,8,0
2019-08-08 04:00:00+00:00,1,2.232,4,3,8,0
2019-08-08 05:00:00+00:00,0,0.0,5,3,8,0
2019-08-08 06:00:00+00:00,0,0.0,6,3,8,0
2019-08-08 07:00:00+00:00,0,0.0,7,3,8,0
2019-08-08 08:00:00+00:00,0,0.0,8,3,8,0
2019-08-08 09:00:00+00:00,0,0.0,9,3,8,0
2019-08-08 10:00:00+00:00,0,0.0,10,3,8,0
2019-08-08 11:00:00+00:00,0,0.0,11,3,8,0
2019-08-08 12:00:00+00:00,0,0.0,12,3,8,0
2019-08-08 13:00:00+00:00,1,3.945,13,3,8,0
2019-08-08 14:00:00+00:00,1,3.285,14,3,8,0
2019-08-08 15:00:00+00:00,9,135.056,15,3,8,0
2019-08-08 16:00:00+00:00,3,14.767,16,3,8,0
2019-08-08 17:00:00+00:00,6,45.341,17,3,8,0
2019-08-08 18:00:00+00:00,4,16.403,18,3,8,0
2019-08-08 19:00:00+00:00,3,3.828,19,3,8,0
2019-08-08 20:00:00+00:00,2,19.445,20,3,8,0
2019-08-08 21:00:00+00:00,3,17.338,21,3,8,0
2019-08-08 22:00:00+00:00,2,27.744,22,3,8,0
2019-08-08 23:00:00+00:00,0,0.0,23,3,8,0
2019-08-09 00:00:00+00:00,0,0.0,0,4,8,0
2019-08-09 01:00:00+00:00,0,0.0,1,4,8,0
2019-08-09 02:00:00+00:00,1,2.42,2,4,8,0
2019-08-09 03:00:00+00:00,0,0.0,3,4,8,0
2019-08-09 04:00:00+00:00,0,0.0,4,4,8,0
2019-08-09 05:00:00+00:00,1,21.52,5,4,8,0
2019-08-09 06:00:00+00:00,0,0.0,6,4,8,0
2019-08-09 07:00:00+00:00,0,0.0,7,4,8,0
2019-08-09 08:00:00+00:00,0,0.0,8,4,8,0
2019-08-09 09:00:00+00:00,0,0.0,9,4,8,0
2019-08-09 10:00:00+00:00,0,0.0,10,4,8,0
2019-08-09 11:00:00+00:00,0,0.0,11,4,8,0
2019-08-09 12:00:00+00:00,0,0.0,12,4,8,0
2019-08-09 13:00:00+00:00,1,3.732,13,4,8,0
2019-08-09 14:00:00+00:00,0,0.0,14,4,8,0
2019-08-09 15:00:00+00:00,7,57.884,15,4,8,0
2019-08-09 16:00:00+00:00,2,17.553,16,4,8,0
2019-08-09 17:00:00+00:00,6,51.75,17,4,8,0
2019-08-09 18:00:00+00:00,5,22.852,18,4,8,0
2019-08-09 19:00:00+00:00,2,9.181,19,4,8,0
2019-08-09 20:00:00+00:00,4,9.779,20,4,8,0
2019-08-09 21:00:00+00:00,1,0.878,21,4,8,0
2019-08-09 22:00:00+00:00,1,9.479,22,4,8,0
2019-08-09 23:00:00+00:00,0,0.0,23,4,8,0
2019-08-10 00:00:00+00:00,1,15.35,0,5,8,1
2019-08-10 01:00:00+00:00,1,2.537,1,5,8,1
2019-08-10 02:00:00+00:00,2,15.509,2,5,8,1
2019-08-10 03:00:00+00:00,0,0.0,3,5,8,1
2019-08-10 04:00:00+00:00,0,0.0,4,5,8,1
2019-08-10 05:00:00+00:00,0,0.0,5,5,8,1
2019-08-10 06:00:00+00:00,0,0.0,6,5,8,1
2019-08-10 07:00:00+00:00,0,0.0,7,5,8,1
2019-08-10 08:00:00+00:00,0,0.0,8,5,8,1
2019-08-10 09:00:00+00:00,0,0.0,9,5,8,1
2019-08-10 10:00:00+00:00,0,0.0,10,5,8,1
2019-08-10 11:00:00+00:00,0,0.0,11,5,8,1
2019-08-10 12:00:00+00:00,0,0.0,12,5,8,1
2019-08-10 13:00:00+00:00,0,0.0,13,5,8,1
2019-08-10 14:00:00+00:00,1,16.814,14,5,8,1
2019-08-10 15:00:00+00:00,3,32.193,15,5,8,1
2019-08-10 16:00:00+00:00,1,27.616,16,5,8,1
2019-08-10 17:00:00+00:00,6,57.758,17,5,8,1
2019-08-10 18:00:00+00:00,0,0.0,18,5,8,1
2019-08-10 19:00:00+00:00,3,3.047,19,5,8,1
2019-08-10 20:00:00+00:00,1,0.852,20,5,8,1
2019-08-10 21:00:00+00:00,2,10.141,21,5,8,1
2019-08-10 22:00:00+00:00,0,0.0,22,5,8,1
2019-08-10 23:00:00+00:00,0,0.0,23,5,8,1
2019-08-11 00:00:00+00:00,0,0.0,0,6,8,1
2019-08-11 01:00:00+00:00,0,0.0,1,6,8,1
2019-08-11 02:00:00+00:00,0,0.0,2,6,8,1
2019-08-11 03:00:00+00:00,0,0.0,3,6,8,1
2019-08-11 04:00:00+00:00,1,22.291,4,6,8,1
2019-08-11 05:00:00+00:00,0,0.0,5,6,8,1
2019-08-11 06:00:00+00:00,0,0.0,6,6,8,1
2019-08-11 07:00:00+00:00,0,0.0,7,6,8,1
2019-08-11 08:00:00+00:00,0,0.0,8,6,8,1
2019-08-11 09:00:00+00:00,0,0.0,9,6,8,1
2019-08-11 10:00:00+00:00,0,0.0,10,6,8,1
2019-08-11 11:00:00+00:00,0,0.0,11,6,8,1
2019-08-11 12:00:00+00:00,0,0.0,12,6,8,1
2019-08-11 13:00:00+00:00,0,0.0,13,6,8,1
2019-08-11 14:00:00+00:00,0,0.0,14,6,8,1
2019-08-11 15:00:00+00:00,1,2.749,15,6,8,1
2019-08-11 16:00:00+00:00,0,0.0,16,6,8,1
2019-08-11 17:00:00+00:00,0,0.0,17,6,8,1
2019-08-11 18:00:00+00:00,1,9.263,18,6,8,1
2019-08-11 19:00:00+00:00,0,0.0,19,6,8,1
2019-08-11 20:00:00+00:00,0,0.0,20,6,8,1
2019-08-11 21:00:00+00:00,1,27.869,21,6,8,1
2019-08-11 22:00:00+00:00,1,12.393,22,6,8,1
2019-08-11 23:00:00+00:00,0,0.0,23,6,8,1
2019-08-12 00:00:00+00:00,1,3.353,0,0,8,0
2019-08-12 01:00:00+00:00,0,0.0,1,0,8,0
2019-08-12 02:00:00+00:00,0,0.0,2,0,8,0
2019-08-12 03:00:00+00:00,0,0.0,3,0,8,0
2019-08-12 04:00:00+00:00,0,0.0,4,0,8,0
2019-08-12 05:00:00+00:00,0,0.0,5,0,8,0
2019-08-12 06:00:00+00:00,0,0.0,6,0,8,0
2019-08-12 07:00:00+00:00,0,0.0,7,0,8,0
2019-08-12 08:00:00+00:00,0,0.0,8,0,8,0
2019-08-12 09:00:00+00:00,0,0.0,9,0,8,0
2019-08-12 10:00:00+00:00,0,0.0,10,0,8,0
2019-08-12 11:00:00+00:00,0,0.0,11,0,8,0
2019-08-12 12:00:00+00:00,0,0.0,12,0,8,0
2019-08-12 13:00:00+00:00,1,2.839,13,0,8,0
2019-08-12 14:00:00+00:00,0,0.0,14,0,8,0
2019-08-12 15:00:00+00:00,7,72.696,15,0,8,0
2019-08-12 16:00:00+00:00,10,128.394,16,0,8,0
2019-08-12 17:00:00+00:00,4,63.012,17,0,8,0
2019-08-12 18:00:00+00:00,1,5.893,18,0,8,0
2019-08-12 19:00:00+00:00,1,4.59,19,0,8,0
2019-08-12 20:00:00+00:00,6,48.394,20,0,8,0
2019-08-12 21:00:00+00:00,1,16.906,21,0,8,0
2019-08-12 22:00:00+00:00,1,7.262,22,0,8,0
2019-08-12 23:00:00+00:00,1,15.758,23,0,8,0
2019-08-13 00:00:00+00:00,1,5.983,0,1,8,0
2019-08-13 01:00:00+00:00,2,10.261,1,1,8,0
2019-08-13 02:00:00+00:00,0,0.0,2,1,8,0
2019-08-13 03:00:00+00:00,0,0.0,3,1,8,0
2019-08-13 04:00:00+00:00,1,3.931,4,1,8,0
2019-08-13 05:00:00+00:00,0,0.0,5,1,8,0
2019-08-13 06:00:00+00:00,0,0.0,6,1,8,0
2019-08-13 07:00:00+00:00,0,0.0,7,1,8,0
2019-08-13 08:00:00+00:00,0,0.0,8,1,8,0
2019-08-13 09:00:00+00:00,0,0.0,9,1,8,0
2019-08-13 10:00:00+00:00,0,0.0,10,1,8,0
2019-08-13 11:00:00+00:00,0,0.0,11,1,8,0
2019-08-13 12:00:00+00:00,0,0.0,12,1,8,0
2019-08-13 13:00:00+00:00,1,2.754,13,1,8,0
2019-08-13 14:00:00+00:00,1,41.491,14,1,8,0
2019-08-13 15:00:00+00:00,5,32.674,15,1,8,0
2019-08-13 16:00:00+00:00,8,77.613,16,1,8,0
2019-08-13 17:00:00+00:00,8,86.359,17,1,8,0
2019-08-13 18:00:00+00:00,0,0.0,18,1,8,0
2019-08-13 19:00:00+00:00,2,18.843,19,1,8,0
2019-08-13 20:00:00+00:00,1,6.82,20,1,8,0
2019-08-13 21:00:00+00:00,1,3.768,21,1,8,0
2019-08-13 22:00:00+00:00,0,0.0,22,1,8,0
2019-08-13 23:00:00+00:00,1,16.08,23,1,8,0
2019-08-14 00:00:00+00:00,0,0.0,0,2,8,0
2019-08-14 01:00:00+00:00,0,0.0,1,2,8,0
2019-08-14 02:00:00+00:00,1,17.31,2,2,8,0
2019-08-14 03:00:00+00:00,2,13.007,3,2,8,0
2019-08-14 04:00:00+00:00,0,0.0,4,2,8,0
2019-08-14 05:00:00+00:00,1,26.348,5,2,8,0
2019-08-14 06:00:00+00:00,0,0.0,6,2,8,0
2019-08-14 07:00:00+00:00,0,0.0,7,2,8,0
2019-08-14 08:00:00+00:00,0,0.0,8,2,8,0
2019-08-14 09:00:00+00:00,0,0.0,9,2,8,0
2019-08-14 10:00:00+00:00,0,0.0,10,2,8,0
2019-08-14 11:00:00+00:00,0,0.0,11,2,8,0
2019-08-14 12:00:00+00:00,0,0.0,12,2,8,0
2019-08-14 13:00:00+00:00,1,1.66,13,2,8,0
2019-08-14 14:00:00+00:00,0,0.0,14,2,8,0
2019-08-14 15:00:00+00:00,9,66.463,15,2,8,0
2019-08-14 16:00:00+00:00,12,135.988,16,2,8,0
2019-08-14 17:00:00+00:00,8,69.214,17,2,8,0
2019-08-14 18:00:00+00:00,2,13.034,18,2,8,0
2019-08-14 19:00:00+00:00,3,17.001,19,2,8,0
2019-08-14 20:00:00+00:00,1,1.344,20,2,8,0
2019-08-14 21:00:00+00:00,0,0.0,21,2,8,0
2019-08-14 22:00:00+00:00,0,0.0,22,2,8,0
2019-08-14 23:00:00+00:00,2,14.404,23,2,8,0
2019-08-15 00:00:00+00:00,1,2.535,0,3,8,0
2019-08-15 01:00:00+00:00,1,7.434,1,3,8,0
2019-08-15 02:00:00+00:00,0,0.0,2,3,8,0
2019-08-15 03:00:00+00:00,0,0.0,3,3,8,0
2019-08-15 04:00:00+00:00,0,0.0,4,3,8,0
2019-08-15 05:00:00+00:00,0,0.0,5,3,8,0
2019-08-15 06:00:00+00:00,0,0.0,6,3,8,0
2019-08-15 07:00:00+00:00,1,40.612,7,3,8,0
2019-08-15 08:00:00+00:00,0,0.0,8,3,8,0
2019-08-15 09:00:00+00:00,0,0.0,9,3,8,0
2019-08-15 10:00:00+00:00,0,0.0,10,3,8,0
2019-08-15 11:00:00+00:00,0,0.0,11,3,8,0
2019-08-15 12:00:00+00:00,0,0.0,12,3,8,0
2019-08-15 13:00:00+00:00,1,11.095,13,3,8,0
2019-08-15 14:00:00+00:00,0,0.0,14,3,8,0
2019-08-15 15:00:00+00:00,6,43.825,15,3,8,0
2019-08-15 16:00:00+00:00,6,13.493,16,3,8,0
2019-08-15 17:00:00+00:00,4,44.639,17,3,8,0
2019-08-15 18:00:00+00:00,2,5.131,18,3,8,0
2019-08-15 19:00:00+00:00,1,6.686,19,3,8,0
2019-08-15 20:00:00+00:00,3,45.057,20,3,8,0
2019-08-15 21:00:00+00:00,2,3.4379999999999997,21,3,8,0
2019-08-15 22:00:00+00:00,0,0.0,22,3,8,0
2019-08-15 23:00:00+00:00,2,11.542,23,3,8,0
2019-08-16 00:00:00+00:00,1,0.877,0,4,8,0
2019-08-16 01:00:00+00:00,0,0.0,1,4,8,0
2019-08-16 02:00:00+00:00,0,0.0,2,4,8,0
2019-08-16 03:00:00+00:00,1,9.514,3,4,8,0
2019-08-16 04:00:00+00:00,1,6.837,4,4,8,0
2019-08-16 05:00:00+00:00,0,0.0,5,4,8,0
2019-08-16 06:00:00+00:00,0,0.0,6,4,8,0
2019-08-16 07:00:00+00:00,0,0.0,7,4,8,0
2019-08-16 08:00:00+00:00,0,0.0,8,4,8,0
2019-08-16 09:00:00+00:00,0,0.0,9,4,8,0
2019-08-16 10:00:00+00:00,0,0.0,10,4,8,0
2019-08-16 11:00:00+00:00,0,0.0,11,4,8,0
2019-08-16 12:00:00+00:00,0,0.0,12,4,8,0
2019-08-16 13:00:00+00:00,1,2.835,13,4,8,0
2019-08-16 14:00:00+00:00,0,0.0,14,4,8,0
2019-08-16 15:00:00+00:00,5,62.513,15,4,8,0
2019-08-16 16:00:00+00:00,14,103.203,16,4,8,0
2019-08-16 17:00:00+00:00,5,29.771,17,4,8,0
2019-08-16 18:00:00+00:00,2,4.344,18,4,8,0
2019-08-16 19:00:00+00:00,1,6.685,19,4,8,0
2019-08-16 20:00:00+00:00,3,17.614,20,4,8,0
2019-08-16 21:00:00+00:00,3,12.473,21,4,8,0
2019-08-16 22:00:00+00:00,0,0.0,22,4,8,0
2019-08-16 23:00:00+00:00,0,0.0,23,4,8,0
2019-08-17 00:00:00+00:00,0,0.0,0,5,8,1
2019-08-17 01:00:00+00:00,0,0.0,1,5,8,1
2019-08-17 02:00:00+00:00,1,2.34,2,5,8,1
2019-08-17 03:00:00+00:00,0,0.0,3,5,8,1
2019-08-17 04:00:00+00:00,0,0.0,4,5,8,1
2019-08-17 05:00:00+00:00,0,0.0,5,5,8,1
2019-08-17 06:00:00+00:00,0,0.0,6,5,8,1
2019-08-17 07:00:00+00:00,0,0.0,7,5,8,1
2019-08-17 08:00:00+00:00,0,0.0,8,5,8,1
2019-08-17 09:00:00+00:00,0,0.0,9,5,8,1
2019-08-17 10:00:00+00:00,0,0.0,10,5,8,1
2019-08-17 11:00:00+00:00,0,0.0,11,5,8,1
2019-08-17 12:00:00+00:00,0,0.0,12,5,8,1
2019-08-17 13:00:00+00:00,0,0.0,13,5,8,1
2019-08-17 14:00:00+00:00,0,0.0,14,5,8,1
2019-08-17 15:00:00+00:00,1,4.47,15,5,8,1
2019-08-17 16:00:00+00:00,0,0.0,16,5,8,1
2019-08-17 17:00:00+00:00,0,0.0,17,5,8,1
2019-08-17 18:00:00+00:00,1,0.839,18,5,8,1
2019-08-17 19:00:00+00:00,0,0.0,19,5,8,1
2019-08-17 20:00:00+00:00,0,0.0,20,5,8,1
2019-08-17 21:00:00+00:00,1,3.497,21,5,8,1
2019-08-17 22:00:00+00:00,2,5.832,22,5,8,1
2019-08-17 23:00:00+00:00,0,0.0,23,5,8,1
2019-08-18 00:00:00+00:00,0,0.0,0,6,8,1
2019-08-18 01:00:00+00:00,0,0.0,1,6,8,1
2019-08-18 02:00:00+00:00,0,0.0,2,6,8,1
2019-08-18 03:00:00+00:00,0,0.0,3,6,8,1
2019-08-18 04:00:00+00:00,1,2.038,4,6,8,1
2019-08-18 05:00:00+00:00,0,0.0,5,6,8,1
2019-08-18 06:00:00+00:00,0,0.0,6,6,8,1
2019-08-18 07:00:00+00:00,0,0.0,7,6,8,1
2019-08-18 08:00:00+00:00,0,0.0,8,6,8,1
2019-08-18 09:00:00+00:00,0,0.0,9,6,8,1
2019-08-18 10:00:00+00:00,0,0.0,10,6,8,1
2019-08-18 11:00:00+00:00,0,0.0,11,6,8,1
2019-08-18 12:00:00+00:00,0,0.0,12,6,8,1
2019-08-18 13:00:00+00:00,0,0.0,13,6,8,1
2019-08-18 14:00:00+00:00,0,0.0,14,6,8,1
2019-08-18 15:00:00+00:00,0,0.0,15,6,8,1
2019-08-18 16:00:00+00:00,1,44.892,16,6,8,1
2019-08-18 17:00:00+00:00,0,0.0,17,6,8,1
2019-08-18 18:00:00+00:00,0,0.0,18,6,8,1
2019-08-18 19:00:00+00:00,1,35.872,19,6,8,1
2019-08-18 20:00:00+00:00,1,1.889,20,6,8,1
2019-08-18 21:00:00+00:00,2,21.912999999999997,21,6,8,1
2019-08-18 22:00:00+00:00,0,0.0,22,6,8,1
2019-08-18 23:00:00+00:00,2,15.771999999999998,23,6,8,1
2019-08-19 00:00:00+00:00,0,0.0,0,0,8,0
2019-08-19 01:00:00+00:00,0,0.0,1,0,8,0
2019-08-19 02:00:00+00:00,0,0.0,2,0,8,0
2019-08-19 03:00:00+00:00,1,3.754,3,0,8,0
2019-08-19 04:00:00+00:00,0,0.0,4,0,8,0
2019-08-19 05:00:00+00:00,0,0.0,5,0,8,0
2019-08-19 06:00:00+00:00,0,0.0,6,0,8,0
2019-08-19 07:00:00+00:00,0,0.0,7,0,8,0
2019-08-19 08:00:00+00:00,0,0.0,8,0,8,0
2019-08-19 09:00:00+00:00,0,0.0,9,0,8,0
2019-08-19 10:00:00+00:00,0,0.0,10,0,8,0
2019-08-19 11:00:00+00:00,0,0.0,11,0,8,0
2019-08-19 12:00:00+00:00,0,0.0,12,0,8,0
2019-08-19 13:00:00+00:00,1,7.245,13,0,8,0
2019-08-19 14:00:00+00:00,1,6.389,14,0,8,0
2019-08-19 15:00:00+00:00,8,106.444,15,0,8,0
2019-08-19 16:00:00+00:00,8,51.866,16,0,8,0
2019-08-19 17:00:00+00:00,5,42.023,17,0,8,0
2019-08-19 18:00:00+00:00,2,8.763,18,0,8,0
2019-08-19 19:00:00+00:00,4,41.17217622460734,19,0,8,0
2019-08-19 20:00:00+00:00,3,24.525,20,0,8,0
2019-08-19 21:00:00+00:00,1,3.614,21,0,8,0
2019-08-19 22:00:00+00:00,0,0.0,22,0,8,0
2019-08-19 23:00:00+00:00,1,15.884,23,0,8,0
2019-08-20 00:00:00+00:00,1,16.378,0,1,8,0
2019-08-20 01:00:00+00:00,0,0.0,1,1,8,0
2019-08-20 02:00:00+00:00,1,2.28,2,1,8,0
2019-08-20 03:00:00+00:00,0,0.0,3,1,8,0
2019-08-20 04:00:00+00:00,0,0.0,4,1,8,0
2019-08-20 05:00:00+00:00,0,0.0,5,1,8,0
2019-08-20 06:00:00+00:00,0,0.0,6,1,8,0
2019-08-20 07:00:00+00:00,0,0.0,7,1,8,0
2019-08-20 08:00:00+00:00,0,0.0,8,1,8,0
2019-08-20 09:00:00+00:00,0,0.0,9,1,8,0
2019-08-20 10:00:00+00:00,0,0.0,10,1,8,0
2019-08-20 11:00:00+00:00,0,0.0,11,1,8,0
2019-08-20 12:00:00+00:00,0,0.0,12,1,8,0
2019-08-20 13:00:00+00:00,1,6.95,13,1,8,0
2019-08-20 14:00:00+00:00,2,25.098,14,1,8,0
2019-08-20 15:00:00+00:00,11,129.173,15,1,8,0
2019-08-20 16:00:00+00:00,8,42.816,16,1,8,0
2019-08-20 17:00:00+00:00,4,24.171,17,1,8,0
2019-08-20 18:00:00+00:00,0,0.0,18,1,8,0
2019-08-20 19:00:00+00:00,1,6.475,19,1,8,0
2019-08-20 20:00:00+00:00,3,5.941,20,1,8,0
2019-08-20 21:00:00+00:00,1,29.136,21,1,8,0
2019-08-20 22:00:00+00:00,1,11.487,22,1,8,0
2019-08-20 23:00:00+00:00,2,18.475,23,1,8,0
2019-08-21 00:00:00+00:00,3,46.164,0,2,8,0
2019-08-21 01:00:00+00:00,0,0.0,1,2,8,0
2019-08-21 02:00:00+00:00,0,0.0,2,2,8,0
2019-08-21 03:00:00+00:00,2,11.957,3,2,8,0
2019-08-21 04:00:00+00:00,0,0.0,4,2,8,0
2019-08-21 05:00:00+00:00,0,0.0,5,2,8,0
2019-08-21 06:00:00+00:00,0,0.0,6,2,8,0
2019-08-21 07:00:00+00:00,0,0.0,7,2,8,0
2019-08-21 08:00:00+00:00,0,0.0,8,2,8,0
2019-08-21 09:00:00+00:00,0,0.0,9,2,8,0
2019-08-21 10:00:00+00:00,0,0.0,10,2,8,0
2019-08-21 11:00:00+00:00,0,0.0,11,2,8,0
2019-08-21 12:00:00+00:00,0,0.0,12,2,8,0
2019-08-21 13:00:00+00:00,0,0.0,13,2,8,0
2019-08-21 14:00:00+00:00,0,0.0,14,2,8,0
2019-08-21 15:00:00+00:00,16,139.211,15,2,8,0
2019-08-21 16:00:00+00:00,8,56.475,16,2,8,0
2019-08-21 17:00:00+00:00,8,67.418,17,2,8,0
2019-08-21 18:00:00+00:00,1,0.932,18,2,8,0
2019-08-21 19:00:00+00:00,3,18.307,19,2,8,0
2019-08-21 20:00:00+00:00,1,0.601,20,2,8,0
2019-08-21 21:00:00+00:00,1,1.508,21,2,8,0
2019-08-21 22:00:00+00:00,1,9.271,22,2,8,0
2019-08-21 23:00:00+00:00,0,0.0,23,2,8,0
2019-08-22 00:00:00+00:00,0,0.0,0,3,8,0
2019-08-22 01:00:00+00:00,3,9.206,1,3,8,0
2019-08-22 02:00:00+00:00,2,20.785,2,3,8,0
2019-08-22 03:00:00+00:00,0,0.0,3,3,8,0
2019-08-22 04:00:00+00:00,0,0.0,4,3,8,0
2019-08-22 05:00:00+00:00,0,0.0,5,3,8,0
2019-08-22 06:00:00+00:00,0,0.0,6,3,8,0
2019-08-22 07:00:00+00:00,0,0.0,7,3,8,0
2019-08-22 08:00:00+00:00,0,0.0,8,3,8,0
2019-08-22 09:00:00+00:00,0,0.0,9,3,8,0
2019-08-22 10:00:00+00:00,0,0.0,10,3,8,0
2019-08-22 11:00:00+00:00,0,0.0,11,3,8,0
2019-08-22 12:00:00+00:00,0,0.0,12,3,8,0
2019-08-22 13:00:00+00:00,2,11.274,13,3,8,0
2019-08-22 14:00:00+00:00,0,0.0,14,3,8,0
2019-08-22 15:00:00+00:00,7,69.839,15,3,8,0
2019-08-22 16:00:00+00:00,11,62.423,16,3,8,0
2019-08-22 17:00:00+00:00,2,5.555,17,3,8,0
2019-08-22 18:00:00+00:00,3,27.734,18,3,8,0
2019-08-22 19:00:00+00:00,2,4.449,19,3,8,0
2019-08-22 20:00:00+00:00,1,6.692,20,3,8,0
2019-08-22 21:00:00+00:00,3,12.167,21,3,8,0
2019-08-22 22:00:00+00:00,0,0.0,22,3,8,0
2019-08-22 23:00:00+00:00,1,12.315,23,3,8,0
2019-08-23 00:00:00+00:00,2,6.752,0,4,8,0
2019-08-23 01:00:00+00:00,2,8.218,1,4,8,0
2019-08-23 02:00:00+00:00,0,0.0,2,4,8,0
2019-08-23 03:00:00+00:00,2,54.077000000000005,3,4,8,0
2019-08-23 04:00:00+00:00,1,2.633,4,4,8,0
2019-08-23 05:00:00+00:00,0,0.0,5,4,8,0
2019-08-23 06:00:00+00:00,0,0.0,6,4,8,0
2019-08-23 07:00:00+00:00,0,0.0,7,4,8,0
2019-08-23 08:00:00+00:00,0,0.0,8,4,8,0
2019-08-23 09:00:00+00:00,0,0.0,9,4,8,0
2019-08-23 10:00:00+00:00,0,0.0,10,4,8,0
2019-08-23 11:00:00+00:00,0,0.0,11,4,8,0
2019-08-23 12:00:00+00:00,0,0.0,12,4,8,0
2019-08-23 13:00:00+00:00,0,0.0,13,4,8,0
2019-08-23 14:00:00+00:00,0,0.0,14,4,8,0
2019-08-23 15:00:00+00:00,5,40.44,15,4,8,0
2019-08-23 16:00:00+00:00,6,27.652,16,4,8,0
2019-08-23 17:00:00+00:00,4,46.288,17,4,8,0
2019-08-23 18:00:00+00:00,1,23.756,18,4,8,0
2019-08-23 19:00:00+00:00,4,49.47,19,4,8,0
2019-08-23 20:00:00+00:00,2,6.572440561527721,20,4,8,0
2019-08-23 21:00:00+00:00,2,3.622,21,4,8,0
2019-08-23 22:00:00+00:00,0,0.0,22,4,8,0
2019-08-23 23:00:00+00:00,0,0.0,23,4,8,0
2019-08-24 00:00:00+00:00,1,19.199,0,5,8,1
2019-08-24 01:00:00+00:00,0,0.0,1,5,8,1
2019-08-24 02:00:00+00:00,1,2.31,2,5,8,1
2019-08-24 03:00:00+00:00,0,0.0,3,5,8,1
2019-08-24 04:00:00+00:00,2,6.846,4,5,8,1
2019-08-24 05:00:00+00:00,0,0.0,5,5,8,1
2019-08-24 06:00:00+00:00,0,0.0,6,5,8,1
2019-08-24 07:00:00+00:00,0,0.0,7,5,8,1
2019-08-24 08:00:00+00:00,0,0.0,8,5,8,1
2019-08-24 09:00:00+00:00,0,0.0,9,5,8,1
2019-08-24 10:00:00+00:00,0,0.0,10,5,8,1
2019-08-24 11:00:00+00:00,0,0.0,11,5,8,1
2019-08-24 12:00:00+00:00,0,0.0,12,5,8,1
2019-08-24 13:00:00+00:00,0,0.0,13,5,8,1
2019-08-24 14:00:00+00:00,0,0.0,14,5,8,1
2019-08-24 15:00:00+00:00,1,1.905,15,5,8,1
2019-08-24 16:00:00+00:00,2,15.926,16,5,8,1
2019-08-24 17:00:00+00:00,1,9.43,17,5,8,1
2019-08-24 18:00:00+00:00,1,3.925,18,5,8,1
2019-08-24 19:00:00+00:00,1,43.543,19,5,8,1
2019-08-24 20:00:00+00:00,0,0.0,20,5,8,1
2019-08-24 21:00:00+00:00,0,0.0,21,5,8,1
2019-08-24 22:00:00+00:00,1,0.854,22,5,8,1
2019-08-24 23:00:00+00:00,2,3.81,23,5,8,1
2019-08-25 00:00:00+00:00,1,6.889,0,6,8,1
2019-08-25 01:00:00+00:00,0,0.0,1,6,8,1
2019-08-25 02:00:00+00:00,0,0.0,2,6,8,1
2019-08-25 03:00:00+00:00,0,0.0,3,6,8,1
2019-08-25 04:00:00+00:00,0,0.0,4,6,8,1
2019-08-25 05:00:00+00:00,0,0.0,5,6,8,1
2019-08-25 06:00:00+00:00,0,0.0,6,6,8,1
2019-08-25 07:00:00+00:00,0,0.0,7,6,8,1
2019-08-25 08:00:00+00:00,0,0.0,8,6,8,1
2019-08-25 09:00:00+00:00,0,0.0,9,6,8,1
2019-08-25 10:00:00+00:00,0,0.0,10,6,8,1
2019-08-25 11:00:00+00:00,0,0.0,11,6,8,1
2019-08-25 12:00:00+00:00,0,0.0,12,6,8,1
2019-08-25 13:00:00+00:00,0,0.0,13,6,8,1
2019-08-25 14:00:00+00:00,0,0.0,14,6,8,1
2019-08-25 15:00:00+00:00,1,3.956,15,6,8,1
2019-08-25 16:00:00+00:00,1,7.565,16,6,8,1
2019-08-25 17:00:00+00:00,1,0.704,17,6,8,1
2019-08-25 18:00:00+00:00,1,24.876,18,6,8,1
2019-08-25 19:00:00+00:00,0,0.0,19,6,8,1
2019-08-25 20:00:00+00:00,1,9.739,20,6,8,1
2019-08-25 21:00:00+00:00,0,0.0,21,6,8,1
2019-08-25 22:00:00+00:00,0,0.0,22,6,8,1
2019-08-25 23:00:00+00:00,0,0.0,23,6,8,1
2019-08-26 00:00:00+00:00,2,14.95,0,0,8,0
2019-08-26 01:00:00+00:00,0,0.0,1,0,8,0
2019-08-26 02:00:00+00:00,0,0.0,2,0,8,0
2019-08-26 03:00:00+00:00,1,12.671,3,0,8,0
2019-08-26 04:00:00+00:00,0,0.0,4,0,8,0
2019-08-26 05:00:00+00:00,0,0.0,5,0,8,0
2019-08-26 06:00:00+00:00,0,0.0,6,0,8,0
2019-08-26 07:00:00+00:00,0,0.0,7,0,8,0
2019-08-26 08:00:00+00:00,0,0.0,8,0,8,0
2019-08-26 09:00:00+00:00,0,0.0,9,0,8,0
2019-08-26 10:00:00+00:00,0,0.0,10,0,8,0
2019-08-26 11:00:00+00:00,0,0.0,11,0,8,0
2019-08-26 12:00:00+00:00,0,0.0,12,0,8,0
2019-08-26 13:00:00+00:00,1,4.515,13,0,8,0
2019-08-26 14:00:00+00:00,1,7.709,14,0,8,0
2019-08-26 15:00:00+00:00,8,123.48,15,0,8,0
2019-08-26 16:00:00+00:00,6,25.943,16,0,8,0
2019-08-26 17:00:00+00:00,2,17.538,17,0,8,0
2019-08-26 18:00:00+00:00,0,0.0,18,0,8,0
2019-08-26 19:00:00+00:00,4,39.103,19,0,8,0
2019-08-26 20:00:00+00:00,1,0.803,20,0,8,0
2019-08-26 21:00:00+00:00,2,2.8680000000000003,21,0,8,0
2019-08-26 22:00:00+00:00,1,2.256,22,0,8,0
2019-08-26 23:00:00+00:00,1,15.784,23,0,8,0
2019-08-27 00:00:00+00:00,1,1.277,0,1,8,0
2019-08-27 01:00:00+00:00,1,6.339,1,1,8,0
2019-08-27 02:00:00+00:00,0,0.0,2,1,8,0
2019-08-27 03:00:00+00:00,1,12.989,3,1,8,0
2019-08-27 04:00:00+00:00,0,0.0,4,1,8,0
2019-08-27 05:00:00+00:00,0,0.0,5,1,8,0
2019-08-27 06:00:00+00:00,0,0.0,6,1,8,0
2019-08-27 07:00:00+00:00,0,0.0,7,1,8,0
2019-08-27 08:00:00+00:00,0,0.0,8,1,8,0
2019-08-27 09:00:00+00:00,0,0.0,9,1,8,0
2019-08-27 10:00:00+00:00,0,0.0,10,1,8,0
2019-08-27 11:00:00+00:00,1,25.316,11,1,8,0
2019-08-27 12:00:00+00:00,0,0.0,12,1,8,0
2019-08-27 13:00:00+00:00,0,0.0,13,1,8,0
2019-08-27 14:00:00+00:00,0,0.0,14,1,8,0
2019-08-27 15:00:00+00:00,5,52.827,15,1,8,0
2019-08-27 16:00:00+00:00,8,67.154,16,1,8,0
2019-08-27 17:00:00+00:00,8,86.86654360812362,17,1,8,0
2019-08-27 18:00:00+00:00,3,23.671999999999997,18,1,8,0
2019-08-27 19:00:00+00:00,1,27.873,19,1,8,0
2019-08-27 20:00:00+00:00,4,32.51,20,1,8,0
2019-08-27 21:00:00+00:00,2,8.283,21,1,8,0
2019-08-27 22:00:00+00:00,1,0.825,22,1,8,0
2019-08-27 23:00:00+00:00,1,16.338,23,1,8,0
2019-08-28 00:00:00+00:00,1,1.485,0,2,8,0
2019-08-28 01:00:00+00:00,0,0.0,1,2,8,0
2019-08-28 02:00:00+00:00,2,22.492,2,2,8,0
2019-08-28 03:00:00+00:00,0,0.0,3,2,8,0
2019-08-28 04:00:00+00:00,0,0.0,4,2,8,0
2019-08-28 05:00:00+00:00,0,0.0,5,2,8,0
2019-08-28 06:00:00+00:00,0,0.0,6,2,8,0
2019-08-28 07:00:00+00:00,0,0.0,7,2,8,0
2019-08-28 08:00:00+00:00,0,0.0,8,2,8,0
2019-08-28 09:00:00+00:00,0,0.0,9,2,8,0
2019-08-28 10:00:00+00:00,0,0.0,10,2,8,0
2019-08-28 11:00:00+00:00,0,0.0,11,2,8,0
2019-08-28 12:00:00+00:00,0,0.0,12,2,8,0
2019-08-28 13:00:00+00:00,0,0.0,13,2,8,0
2019-08-28 14:00:00+00:00,2,22.93,14,2,8,0
2019-08-28 15:00:00+00:00,12,121.721,15,2,8,0
2019-08-28 16:00:00+00:00,10,64.587,16,2,8,0
2019-08-28 17:00:00+00:00,5,27.201530764635365,17,2,8,0
2019-08-28 18:00:00+00:00,1,8.638,18,2,8,0
2019-08-28 19:00:00+00:00,3,16.07,19,2,8,0
2019-08-28 20:00:00+00:00,4,8.907,20,2,8,0
2019-08-28 21:00:00+00:00,1,29.358,21,2,8,0
2019-08-28 22:00:00+00:00,0,0.0,22,2,8,0
2019-08-28 23:00:00+00:00,1,10.607,23,2,8,0
2019-08-29 00:00:00+00:00,1,0.917,0,3,8,0
2019-08-29 01:00:00+00:00,3,16.750999999999998,1,3,8,0
2019-08-29 02:00:00+00:00,0,0.0,2,3,8,0
2019-08-29 03:00:00+00:00,0,0.0,3,3,8,0
2019-08-29 04:00:00+00:00,1,1.592,4,3,8,0
2019-08-29 05:00:00+00:00,0,0.0,5,3,8,0
2019-08-29 06:00:00+00:00,0,0.0,6,3,8,0
2019-08-29 07:00:00+00:00,0,0.0,7,3,8,0
2019-08-29 08:00:00+00:00,0,0.0,8,3,8,0
2019-08-29 09:00:00+00:00,0,0.0,9,3,8,0
2019-08-29 10:00:00+00:00,0,0.0,10,3,8,0
2019-08-29 11:00:00+00:00,0,0.0,11,3,8,0
2019-08-29 12:00:00+00:00,0,0.0,12,3,8,0
2019-08-29 13:00:00+00:00,0,0.0,13,3,8,0
2019-08-29 14:00:00+00:00,0,0.0,14,3,8,0
2019-08-29 15:00:00+00:00,11,111.53052305555556,15,3,8,0
2019-08-29 16:00:00+00:00,7,31.751,16,3,8,0
2019-08-29 17:00:00+00:00,9,85.51599999999999,17,3,8,0
2019-08-29 18:00:00+00:00,1,12.675,18,3,8,0
2019-08-29 19:00:00+00:00,1,10.396,19,3,8,0
2019-08-29 20:00:00+00:00,4,38.059,20,3,8,0
2019-08-29 21:00:00+00:00,2,31.839,21,3,8,0
2019-08-29 22:00:00+00:00,0,0.0,22,3,8,0
2019-08-29 23:00:00+00:00,0,0.0,23,3,8,0
2019-08-30 00:00:00+00:00,1,0.876,0,4,8,0
2019-08-30 01:00:00+00:00,2,4.92,1,4,8,0
2019-08-30 02:00:00+00:00,2,16.995,2,4,8,0
2019-08-30 03:00:00+00:00,0,0.0,3,4,8,0
2019-08-30 04:00:00+00:00,0,0.0,4,4,8,0
2019-08-30 05:00:00+00:00,0,0.0,5,4,8,0
2019-08-30 06:00:00+00:00,0,0.0,6,4,8,0
2019-08-30 07:00:00+00:00,0,0.0,7,4,8,0
2019-08-30 08:00:00+00:00,0,0.0,8,4,8,0
2019-08-30 09:00:00+00:00,0,0.0,9,4,8,0
2019-08-30 10:00:00+00:00,0,0.0,10,4,8,0
2019-08-30 11:00:00+00:00,0,0.0,11,4,8,0
2019-08-30 12:00:00+00:00,0,0.0,12,4,8,0
2019-08-30 13:00:00+00:00,0,0.0,13,4,8,0
2019-08-30 14:00:00+00:00,1,8.859,14,4,8,0
2019-08-30 15:00:00+00:00,8,28.956,15,4,8,0
2019-08-30 16:00:00+00:00,11,148.336,16,4,8,0
2019-08-30 17:00:00+00:00,4,38.53,17,4,8,0
2019-08-30 18:00:00+00:00,0,0.0,18,4,8,0
2019-08-30 19:00:00+00:00,1,6.679,19,4,8,0
2019-08-30 20:00:00+00:00,1,1.735,20,4,8,0
2019-08-30 21:00:00+00:00,1,0.911,21,4,8,0
2019-08-30 22:00:00+00:00,1,9.12,22,4,8,0
2019-08-30 23:00:00+00:00,1,3.694,23,4,8,0
2019-08-31 00:00:00+00:00,1,0.913,0,5,8,1
2019-08-31 01:00:00+00:00,0,0.0,1,5,8,1
2019-08-31 02:00:00+00:00,0,0.0,2,5,8,1
2019-08-31 03:00:00+00:00,0,0.0,3,5,8,1
2019-08-31 04:00:00+00:00,0,0.0,4,5,8,1
2019-08-31 05:00:00+00:00,0,0.0,5,5,8,1
2019-08-31 06:00:00+00:00,0,0.0,6,5,8,1
2019-08-31 07:00:00+00:00,0,0.0,7,5,8,1
2019-08-31 08:00:00+00:00,0,0.0,8,5,8,1
2019-08-31 09:00:00+00:00,1,40.426,9,5,8,1
2019-08-31 10:00:00+00:00,0,0.0,10,5,8,1
2019-08-31 11:00:00+00:00,0,0.0,11,5,8,1
2019-08-31 12:00:00+00:00,0,0.0,12,5,8,1
2019-08-31 13:00:00+00:00,0,0.0,13,5,8,1
2019-08-31 14:00:00+00:00,0,0.0,14,5,8,1
2019-08-31 15:00:00+00:00,1,3.812,15,5,8,1
2019-08-31 16:00:00+00:00,1,29.883,16,5,8,1
2019-08-31 17:00:00+00:00,1,3.132,17,5,8,1
2019-08-31 18:00:00+00:00,1,4.107,18,5,8,1
2019-08-31 19:00:00+00:00,1,0.56,19,5,8,1
2019-08-31 20:00:00+00:00,1,11.907,20,5,8,1
2019-08-31 21:00:00+00:00,0,0.0,21,5,8,1
2019-08-31 22:00:00+00:00,0,0.0,22,5,8,1
2019-08-31 23:00:00+00:00,1,1.066,23,5,8,1
2019-09-01 00:00:00+00:00,0,0.0,0,6,9,1
2019-09-01 01:00:00+00:00,0,0.0,1,6,9,1
2019-09-01 02:00:00+00:00,1,25.74,2,6,9,1
2019-09-01 03:00:00+00:00,0,0.0,3,6,9,1
2019-09-01 04:00:00+00:00,0,0.0,4,6,9,1
2019-09-01 05:00:00+00:00,0,0.0,5,6,9,1
2019-09-01 06:00:00+00:00,0,0.0,6,6,9,1
2019-09-01 07:00:00+00:00,0,0.0,7,6,9,1
2019-09-01 08:00:00+00:00,0,0.0,8,6,9,1
2019-09-01 09:00:00+00:00,0,0.0,9,6,9,1
2019-09-01 10:00:00+00:00,0,0.0,10,6,9,1
2019-09-01 11:00:00+00:00,0,0.0,11,6,9,1
2019-09-01 12:00:00+00:00,0,0.0,12,6,9,1
2019-09-01 13:00:00+00:00,0,0.0,13,6,9,1
2019-09-01 14:00:00+00:00,0,0.0,14,6,9,1
2019-09-01 15:00:00+00:00,0,0.0,15,6,9,1
2019-09-01 16:00:00+00:00,1,0.747,16,6,9,1
2019-09-01 17:00:00+00:00,2,2.737,17,6,9,1
2019-09-01 18:00:00+00:00,1,4.908,18,6,9,1
2019-09-01 19:00:00+00:00,0,0.0,19,6,9,1
2019-09-01 20:00:00+00:00,1,11.372,20,6,9,1
2019-09-01 21:00:00+00:00,0,0.0,21,6,9,1
2019-09-01 22:00:00+00:00,0,0.0,22,6,9,1
2019-09-01 23:00:00+00:00,1,6.703,23,6,9,1
2019-09-02 00:00:00+00:00,1,3.942,0,0,9,0
2019-09-02 01:00:00+00:00,1,19.303,1,0,9,0
2019-09-02 02:00:00+00:00,0,0.0,2,0,9,0
2019-09-02 03:00:00+00:00,0,0.0,3,0,9,0
2019-09-02 04:00:00+00:00,0,0.0,4,0,9,0
2019-09-02 05:00:00+00:00,0,0.0,5,0,9,0
2019-09-02 06:00:00+00:00,1,2.063,6,0,9,0
2019-09-02 07:00:00+00:00,0,0.0,7,0,9,0
2019-09-02 08:00:00+00:00,0,0.0,8,0,9,0
2019-09-02 09:00:00+00:00,0,0.0,9,0,9,0
2019-09-02 10:00:00+00:00,0,0.0,10,0,9,0
2019-09-02 11:00:00+00:00,0,0.0,11,0,9,0
2019-09-02 12:00:00+00:00,0,0.0,12,0,9,0
2019-09-02 13:00:00+00:00,0,0.0,13,0,9,0
2019-09-02 14:00:00+00:00,0,0.0,14,0,9,0
2019-09-02 15:00:00+00:00,0,0.0,15,0,9,0
2019-09-02 16:00:00+00:00,1,40.277,16,0,9,0
2019-09-02 17:00:00+00:00,0,0.0,17,0,9,0
2019-09-02 18:00:00+00:00,0,0.0,18,0,9,0
2019-09-02 19:00:00+00:00,3,38.877,19,0,9,0
2019-09-02 20:00:00+00:00,4,36.297,20,0,9,0
2019-09-02 21:00:00+00:00,0,0.0,21,0,9,0
2019-09-02 22:00:00+00:00,2,9.48,22,0,9,0
2019-09-02 23:00:00+00:00,1,1.222,23,0,9,0
2019-09-03 00:00:00+00:00,0,0.0,0,1,9,0
2019-09-03 01:00:00+00:00,1,4.316,1,1,9,0
2019-09-03 02:00:00+00:00,0,0.0,2,1,9,0
2019-09-03 03:00:00+00:00,0,0.0,3,1,9,0
2019-09-03 04:00:00+00:00,0,0.0,4,1,9,0
2019-09-03 05:00:00+00:00,1,37.265,5,1,9,0
2019-09-03 06:00:00+00:00,0,0.0,6,1,9,0
2019-09-03 07:00:00+00:00,0,0.0,7,1,9,0
2019-09-03 08:00:00+00:00,0,0.0,8,1,9,0
2019-09-03 09:00:00+00:00,0,0.0,9,1,9,0
2019-09-03 10:00:00+00:00,0,0.0,10,1,9,0
2019-09-03 11:00:00+00:00,0,0.0,11,1,9,0
2019-09-03 12:00:00+00:00,0,0.0,12,1,9,0
2019-09-03 13:00:00+00:00,0,0.0,13,1,9,0
2019-09-03 14:00:00+00:00,1,12.286,14,1,9,0
2019-09-03 15:00:00+00:00,5,79.615,15,1,9,0
2019-09-03 16:00:00+00:00,8,63.814,16,1,9,0
2019-09-03 17:00:00+00:00,8,45.745000000000005,17,1,9,0
2019-09-03 18:00:00+00:00,3,27.086,18,1,9,0
2019-09-03 19:00:00+00:00,2,6.896,19,1,9,0
2019-09-03 20:00:00+00:00,2,3.807,20,1,9,0
2019-09-03 21:00:00+00:00,1,4.383,21,1,9,0
2019-09-03 22:00:00+00:00,0,0.0,22,1,9,0
2019-09-03 23:00:00+00:00,2,17.634999999999998,23,1,9,0
2019-09-04 00:00:00+00:00,0,0.0,0,2,9,0
2019-09-04 01:00:00+00:00,1,4.538,1,2,9,0
2019-09-04 02:00:00+00:00,2,11.793,2,2,9,0
2019-09-04 03:00:00+00:00,1,13.961,3,2,9,0
2019-09-04 04:00:00+00:00,1,46.545,4,2,9,0
2019-09-04 05:00:00+00:00,0,0.0,5,2,9,0
2019-09-04 06:00:00+00:00,0,0.0,6,2,9,0
2019-09-04 07:00:00+00:00,0,0.0,7,2,9,0
2019-09-04 08:00:00+00:00,0,0.0,8,2,9,0
2019-09-04 09:00:00+00:00,0,0.0,9,2,9,0
2019-09-04 10:00:00+00:00,0,0.0,10,2,9,0
2019-09-04 11:00:00+00:00,0,0.0,11,2,9,0
2019-09-04 12:00:00+00:00,0,0.0,12,2,9,0
2019-09-04 13:00:00+00:00,1,15.667,13,2,9,0
2019-09-04 14:00:00+00:00,0,0.0,14,2,9,0
2019-09-04 15:00:00+00:00,7,65.69,15,2,9,0
2019-09-04 16:00:00+00:00,6,51.22849970131345,16,2,9,0
2019-09-04 17:00:00+00:00,6,58.662,17,2,9,0
2019-09-04 18:00:00+00:00,6,79.809,18,2,9,0
2019-09-04 19:00:00+00:00,3,29.299,19,2,9,0
2019-09-04 20:00:00+00:00,3,28.726,20,2,9,0
2019-09-04 21:00:00+00:00,0,0.0,21,2,9,0
2019-09-04 22:00:00+00:00,0,0.0,22,2,9,0
2019-09-04 23:00:00+00:00,1,3.268,23,2,9,0
2019-09-05 00:00:00+00:00,1,23.207,0,3,9,0
2019-09-05 01:00:00+00:00,1,5.437,1,3,9,0
2019-09-05 02:00:00+00:00,1,10.372,2,3,9,0
2019-09-05 03:00:00+00:00,0,0.0,3,3,9,0
2019-09-05 04:00:00+00:00,0,0.0,4,3,9,0
2019-09-05 05:00:00+00:00,0,0.0,5,3,9,0
2019-09-05 06:00:00+00:00,0,0.0,6,3,9,0
2019-09-05 07:00:00+00:00,0,0.0,7,3,9,0
2019-09-05 08:00:00+00:00,0,0.0,8,3,9,0
2019-09-05 09:00:00+00:00,0,0.0,9,3,9,0
2019-09-05 10:00:00+00:00,0,0.0,10,3,9,0
2019-09-05 11:00:00+00:00,0,0.0,11,3,9,0
2019-09-05 12:00:00+00:00,0,0.0,12,3,9,0
2019-09-05 13:00:00+00:00,0,0.0,13,3,9,0
2019-09-05 14:00:00+00:00,1,10.517,14,3,9,0
2019-09-05 15:00:00+00:00,9,114.621,15,3,9,0
2019-09-05 16:00:00+00:00,10,81.74160722222223,16,3,9,0
2019-09-05 17:00:00+00:00,7,105.046,17,3,9,0
2019-09-05 18:00:00+00:00,1,1.0672296893661173,18,3,9,0
2019-09-05 19:00:00+00:00,2,7.723,19,3,9,0
2019-09-05 20:00:00+00:00,2,11.178,20,3,9,0
2019-09-05 21:00:00+00:00,0,0.0,21,3,9,0
2019-09-05 22:00:00+00:00,3,9.809508611111111,22,3,9,0
2019-09-05 23:00:00+00:00,1,2.216,23,3,9,0
2019-09-06 00:00:00+00:00,0,0.0,0,4,9,0
2019-09-06 01:00:00+00:00,0,0.0,1,4,9,0
2019-09-06 02:00:00+00:00,3,20.297,2,4,9,0
2019-09-06 03:00:00+00:00,0,0.0,3,4,9,0
2019-09-06 04:00:00+00:00,0,0.0,4,4,9,0
2019-09-06 05:00:00+00:00,0,0.0,5,4,9,0
2019-09-06 06:00:00+00:00,0,0.0,6,4,9,0
2019-09-06 07:00:00+00:00,0,0.0,7,4,9,0
2019-09-06 08:00:00+00:00,0,0.0,8,4,9,0
2019-09-06 09:00:00+00:00,0,0.0,9,4,9,0
2019-09-06 10:00:00+00:00,0,0.0,10,4,9,0
2019-09-06 11:00:00+00:00,0,0.0,11,4,9,0
2019-09-06 12:00:00+00:00,0,0.0,12,4,9,0
2019-09-06 13:00:00+00:00,1,16.585,13,4,9,0
2019-09-06 14:00:00+00:00,2,7.317,14,4,9,0
2019-09-06 15:00:00+00:00,8,54.23,15,4,9,0
2019-09-06 16:00:00+00:00,10,84.912,16,4,9,0
2019-09-06 17:00:00+00:00,5,22.798,17,4,9,0
2019-09-06 18:00:00+00:00,2,18.667,18,4,9,0
2019-09-06 19:00:00+00:00,4,20.361,19,4,9,0
2019-09-06 20:00:00+00:00,4,23.935,20,4,9,0
2019-09-06 21:00:00+00:00,1,1.921,21,4,9,0
2019-09-06 22:00:00+00:00,0,0.0,22,4,9,0
2019-09-06 23:00:00+00:00,1,3.823,23,4,9,0
2019-09-07 00:00:00+00:00,2,15.157,0,5,9,1
2019-09-07 01:00:00+00:00,1,22.757,1,5,9,1
2019-09-07 02:00:00+00:00,3,6.787,2,5,9,1
2019-09-07 03:00:00+00:00,0,0.0,3,5,9,1
2019-09-07 04:00:00+00:00,0,0.0,4,5,9,1
2019-09-07 05:00:00+00:00,1,42.265,5,5,9,1
2019-09-07 06:00:00+00:00,0,0.0,6,5,9,1
2019-09-07 07:00:00+00:00,0,0.0,7,5,9,1
2019-09-07 08:00:00+00:00,0,0.0,8,5,9,1
2019-09-07 09:00:00+00:00,0,0.0,9,5,9,1
2019-09-07 10:00:00+00:00,0,0.0,10,5,9,1
2019-09-07 11:00:00+00:00,0,0.0,11,5,9,1
2019-09-07 12:00:00+00:00,0,0.0,12,5,9,1
2019-09-07 13:00:00+00:00,0,0.0,13,5,9,1
2019-09-07 14:00:00+00:00,0,0.0,14,5,9,1
2019-09-07 15:00:00+00:00,2,23.506,15,5,9,1
2019-09-07 16:00:00+00:00,1,0.906,16,5,9,1
2019-09-07 17:00:00+00:00,1,3.135,17,5,9,1
2019-09-07 18:00:00+00:00,0,0.0,18,5,9,1
2019-09-07 19:00:00+00:00,0,0.0,19,5,9,1
2019-09-07 20:00:00+00:00,2,16.927999999999997,20,5,9,1
2019-09-07 21:00:00+00:00,2,10.969,21,5,9,1
2019-09-07 22:00:00+00:00,1,4.389,22,5,9,1
2019-09-07 23:00:00+00:00,2,5.784000000000001,23,5,9,1
2019-09-08 00:00:00+00:00,0,0.0,0,6,9,1
2019-09-08 01:00:00+00:00,1,2.387,1,6,9,1
2019-09-08 02:00:00+00:00,0,0.0,2,6,9,1
2019-09-08 03:00:00+00:00,1,5.435,3,6,9,1
2019-09-08 04:00:00+00:00,0,0.0,4,6,9,1
2019-09-08 05:00:00+00:00,0,0.0,5,6,9,1
2019-09-08 06:00:00+00:00,0,0.0,6,6,9,1
2019-09-08 07:00:00+00:00,0,0.0,7,6,9,1
2019-09-08 08:00:00+00:00,0,0.0,8,6,9,1
2019-09-08 09:00:00+00:00,0,0.0,9,6,9,1
2019-09-08 10:00:00+00:00,0,0.0,10,6,9,1
2019-09-08 11:00:00+00:00,0,0.0,11,6,9,1
2019-09-08 12:00:00+00:00,0,0.0,12,6,9,1
2019-09-08 13:00:00+00:00,0,0.0,13,6,9,1
2019-09-08 14:00:00+00:00,0,0.0,14,6,9,1
2019-09-08 15:00:00+00:00,0,0.0,15,6,9,1
2019-09-08 16:00:00+00:00,1,1.838,16,6,9,1
2019-09-08 17:00:00+00:00,1,23.845,17,6,9,1
2019-09-08 18:00:00+00:00,1,2.976,18,6,9,1
2019-09-08 19:00:00+00:00,1,2.165,19,6,9,1
2019-09-08 20:00:00+00:00,0,0.0,20,6,9,1
2019-09-08 21:00:00+00:00,1,0.866,21,6,9,1
2019-09-08 22:00:00+00:00,1,4.179,22,6,9,1
2019-09-08 23:00:00+00:00,2,49.774,23,6,9,1
2019-09-09 00:00:00+00:00,1,0.748,0,0,9,0
2019-09-09 01:00:00+00:00,1,7.646,1,0,9,0
2019-09-09 02:00:00+00:00,1,14.393,2,0,9,0
2019-09-09 03:00:00+00:00,0,0.0,3,0,9,0
2019-09-09 04:00:00+00:00,0,0.0,4,0,9,0
2019-09-09 05:00:00+00:00,0,0.0,5,0,9,0
2019-09-09 06:00:00+00:00,0,0.0,6,0,9,0
2019-09-09 07:00:00+00:00,0,0.0,7,0,9,0
2019-09-09 08:00:00+00:00,0,0.0,8,0,9,0
2019-09-09 09:00:00+00:00,0,0.0,9,0,9,0
2019-09-09 10:00:00+00:00,0,0.0,10,0,9,0
2019-09-09 11:00:00+00:00,0,0.0,11,0,9,0
2019-09-09 12:00:00+00:00,0,0.0,12,0,9,0
2019-09-09 13:00:00+00:00,1,16.451,13,0,9,0
2019-09-09 14:00:00+00:00,0,0.0,14,0,9,0
2019-09-09 15:00:00+00:00,9,104.058,15,0,9,0
2019-09-09 16:00:00+00:00,9,102.484,16,0,9,0
2019-09-09 17:00:00+00:00,6,110.546,17,0,9,0
2019-09-09 18:00:00+00:00,2,30.451,18,0,9,0
2019-09-09 19:00:00+00:00,1,4.826,19,0,9,0
2019-09-09 20:00:00+00:00,3,17.402,20,0,9,0
2019-09-09 21:00:00+00:00,1,4.157,21,0,9,0
2019-09-09 22:00:00+00:00,1,6.247,22,0,9,0
2019-09-09 23:00:00+00:00,2,20.249,23,0,9,0
2019-09-10 00:00:00+00:00,5,62.870000000000005,0,1,9,0
2019-09-10 01:00:00+00:00,1,0.838,1,1,9,0
2019-09-10 02:00:00+00:00,1,5.672,2,1,9,0
2019-09-10 03:00:00+00:00,1,9.984,3,1,9,0
2019-09-10 04:00:00+00:00,0,0.0,4,1,9,0
2019-09-10 05:00:00+00:00,0,0.0,5,1,9,0
2019-09-10 06:00:00+00:00,0,0.0,6,1,9,0
2019-09-10 07:00:00+00:00,0,0.0,7,1,9,0
2019-09-10 08:00:00+00:00,0,0.0,8,1,9,0
2019-09-10 09:00:00+00:00,0,0.0,9,1,9,0
2019-09-10 10:00:00+00:00,0,0.0,10,1,9,0
2019-09-10 11:00:00+00:00,0,0.0,11,1,9,0
2019-09-10 12:00:00+00:00,0,0.0,12,1,9,0
2019-09-10 13:00:00+00:00,0,0.0,13,1,9,0
2019-09-10 14:00:00+00:00,1,0.878,14,1,9,0
2019-09-10 15:00:00+00:00,7,73.164,15,1,9,0
2019-09-10 16:00:00+00:00,5,40.245,16,1,9,0
2019-09-10 17:00:00+00:00,9,62.041,17,1,9,0
2019-09-10 18:00:00+00:00,2,15.315,18,1,9,0
2019-09-10 19:00:00+00:00,1,9.692,19,1,9,0
2019-09-10 20:00:00+00:00,4,22.247,20,1,9,0
2019-09-10 21:00:00+00:00,2,6.112626045399856,21,1,9,0
2019-09-10 22:00:00+00:00,1,4.192,22,1,9,0
2019-09-10 23:00:00+00:00,2,27.503,23,1,9,0
2019-09-11 00:00:00+00:00,1,1.344,0,2,9,0
2019-09-11 01:00:00+00:00,1,6.396,1,2,9,0
2019-09-11 02:00:00+00:00,0,0.0,2,2,9,0
2019-09-11 03:00:00+00:00,0,0.0,3,2,9,0
2019-09-11 04:00:00+00:00,0,0.0,4,2,9,0
2019-09-11 05:00:00+00:00,0,0.0,5,2,9,0
2019-09-11 06:00:00+00:00,0,0.0,6,2,9,0
2019-09-11 07:00:00+00:00,0,0.0,7,2,9,0
2019-09-11 08:00:00+00:00,0,0.0,8,2,9,0
2019-09-11 09:00:00+00:00,0,0.0,9,2,9,0
2019-09-11 10:00:00+00:00,0,0.0,10,2,9,0
2019-09-11 11:00:00+00:00,0,0.0,11,2,9,0
2019-09-11 12:00:00+00:00,0,0.0,12,2,9,0
2019-09-11 13:00:00+00:00,0,0.0,13,2,9,0
2019-09-11 14:00:00+00:00,0,0.0,14,2,9,0
2019-09-11 15:00:00+00:00,8,81.005,15,2,9,0
2019-09-11 16:00:00+00:00,12,108.757,16,2,9,0
2019-09-11 17:00:00+00:00,3,53.802,17,2,9,0
2019-09-11 18:00:00+00:00,4,28.3,18,2,9,0
2019-09-11 19:00:00+00:00,1,0.864,19,2,9,0
2019-09-11 20:00:00+00:00,3,14.41,20,2,9,0
2019-09-11 21:00:00+00:00,1,12.024,21,2,9,0
2019-09-11 22:00:00+00:00,0,0.0,22,2,9,0
2019-09-11 23:00:00+00:00,1,3.5393691666666665,23,2,9,0
2019-09-12 00:00:00+00:00,3,3.82,0,3,9,0
2019-09-12 01:00:00+00:00,3,14.204,1,3,9,0
2019-09-12 02:00:00+00:00,0,0.0,2,3,9,0
2019-09-12 03:00:00+00:00,0,0.0,3,3,9,0
2019-09-12 04:00:00+00:00,0,0.0,4,3,9,0
2019-09-12 05:00:00+00:00,0,0.0,5,3,9,0
2019-09-12 06:00:00+00:00,0,0.0,6,3,9,0
2019-09-12 07:00:00+00:00,0,0.0,7,3,9,0
2019-09-12 08:00:00+00:00,0,0.0,8,3,9,0
2019-09-12 09:00:00+00:00,0,0.0,9,3,9,0
2019-09-12 10:00:00+00:00,0,0.0,10,3,9,0
2019-09-12 11:00:00+00:00,0,0.0,11,3,9,0
2019-09-12 12:00:00+00:00,0,0.0,12,3,9,0
2019-09-12 13:00:00+00:00,1,3.992,13,3,9,0
2019-09-12 14:00:00+00:00,2,37.172,14,3,9,0
2019-09-12 15:00:00+00:00,7,113.749,15,3,9,0
2019-09-12 16:00:00+00:00,7,60.442,16,3,9,0
2019-09-12 17:00:00+00:00,6,47.442,17,3,9,0
2019-09-12 18:00:00+00:00,1,1.959,18,3,9,0
2019-09-12 19:00:00+00:00,0,0.0,19,3,9,0
2019-09-12 20:00:00+00:00,5,39.693,20,3,9,0
2019-09-12 21:00:00+00:00,0,0.0,21,3,9,0
2019-09-12 22:00:00+00:00,0,0.0,22,3,9,0
2019-09-12 23:00:00+00:00,1,4.642,23,3,9,0
2019-09-13 00:00:00+00:00,2,8.865,0,4,9,0
2019-09-13 01:00:00+00:00,1,6.382,1,4,9,0
2019-09-13 02:00:00+00:00,0,0.0,2,4,9,0
2019-09-13 03:00:00+00:00,2,12.521,3,4,9,0
2019-09-13 04:00:00+00:00,1,3.424,4,4,9,0
2019-09-13 05:00:00+00:00,0,0.0,5,4,9,0
2019-09-13 06:00:00+00:00,0,0.0,6,4,9,0
2019-09-13 07:00:00+00:00,0,0.0,7,4,9,0
2019-09-13 08:00:00+00:00,0,0.0,8,4,9,0
2019-09-13 09:00:00+00:00,0,0.0,9,4,9,0
2019-09-13 10:00:00+00:00,0,0.0,10,4,9,0
2019-09-13 11:00:00+00:00,0,0.0,11,4,9,0
2019-09-13 12:00:00+00:00,0,0.0,12,4,9,0
2019-09-13 13:00:00+00:00,2,4.486,13,4,9,0
2019-09-13 14:00:00+00:00,1,4.416,14,4,9,0
2019-09-13 15:00:00+00:00,6,34.417,15,4,9,0
2019-09-13 16:00:00+00:00,7,71.539,16,4,9,0
2019-09-13 17:00:00+00:00,5,39.093,17,4,9,0
2019-09-13 18:00:00+00:00,4,53.986999999999995,18,4,9,0
2019-09-13 19:00:00+00:00,3,21.862,19,4,9,0
2019-09-13 20:00:00+00:00,1,1.955,20,4,9,0
2019-09-13 21:00:00+00:00,0,0.0,21,4,9,0
2019-09-13 22:00:00+00:00,2,8.622,22,4,9,0
2019-09-13 23:00:00+00:00,0,0.0,23,4,9,0
2019-09-14 00:00:00+00:00,3,12.98,0,5,9,1
2019-09-14 01:00:00+00:00,0,0.0,1,5,9,1
2019-09-14 02:00:00+00:00,0,0.0,2,5,9,1
2019-09-14 03:00:00+00:00,1,2.362,3,5,9,1
2019-09-14 04:00:00+00:00,0,0.0,4,5,9,1
2019-09-14 05:00:00+00:00,1,43.094,5,5,9,1
2019-09-14 06:00:00+00:00,0,0.0,6,5,9,1
2019-09-14 07:00:00+00:00,0,0.0,7,5,9,1
2019-09-14 08:00:00+00:00,0,0.0,8,5,9,1
2019-09-14 09:00:00+00:00,1,44.831,9,5,9,1
2019-09-14 10:00:00+00:00,0,0.0,10,5,9,1
2019-09-14 11:00:00+00:00,0,0.0,11,5,9,1
2019-09-14 12:00:00+00:00,0,0.0,12,5,9,1
2019-09-14 13:00:00+00:00,0,0.0,13,5,9,1
2019-09-14 14:00:00+00:00,0,0.0,14,5,9,1
2019-09-14 15:00:00+00:00,1,5.905,15,5,9,1
2019-09-14 16:00:00+00:00,0,0.0,16,5,9,1
2019-09-14 17:00:00+00:00,2,30.413,17,5,9,1
2019-09-14 18:00:00+00:00,0,0.0,18,5,9,1
2019-09-14 19:00:00+00:00,1,12.16,19,5,9,1
2019-09-14 20:00:00+00:00,0,0.0,20,5,9,1
2019-09-14 21:00:00+00:00,1,18.88,21,5,9,1
2019-09-14 22:00:00+00:00,1,5.28,22,5,9,1
2019-09-14 23:00:00+00:00,0,0.0,23,5,9,1
2019-09-15 00:00:00+00:00,0,0.0,0,6,9,1
2019-09-15 01:00:00+00:00,1,16.583,1,6,9,1
2019-09-15 02:00:00+00:00,1,13.613,2,6,9,1
2019-09-15 03:00:00+00:00,0,0.0,3,6,9,1
2019-09-15 04:00:00+00:00,0,0.0,4,6,9,1
2019-09-15 05:00:00+00:00,0,0.0,5,6,9,1
2019-09-15 06:00:00+00:00,0,0.0,6,6,9,1
2019-09-15 07:00:00+00:00,0,0.0,7,6,9,1
2019-09-15 08:00:00+00:00,0,0.0,8,6,9,1
2019-09-15 09:00:00+00:00,0,0.0,9,6,9,1
2019-09-15 10:00:00+00:00,0,0.0,10,6,9,1
2019-09-15 11:00:00+00:00,0,0.0,11,6,9,1
2019-09-15 12:00:00+00:00,0,0.0,12,6,9,1
2019-09-15 13:00:00+00:00,0,0.0,13,6,9,1
2019-09-15 14:00:00+00:00,0,0.0,14,6,9,1
2019-09-15 15:00:00+00:00,0,0.0,15,6,9,1
2019-09-15 16:00:00+00:00,1,5.88,16,6,9,1
2019-09-15 17:00:00+00:00,0,0.0,17,6,9,1
2019-09-15 18:00:00+00:00,0,0.0,18,6,9,1
2019-09-15 19:00:00+00:00,2,39.804,19,6,9,1
2019-09-15 20:00:00+00:00,1,0.513,20,6,9,1
2019-09-15 21:00:00+00:00,2,2.5855575,21,6,9,1
2019-09-15 22:00:00+00:00,1,10.984,22,6,9,1
2019-09-15 23:00:00+00:00,0,0.0,23,6,9,1
2019-09-16 00:00:00+00:00,0,0.0,0,0,9,0
2019-09-16 01:00:00+00:00,0,0.0,1,0,9,0
2019-09-16 02:00:00+00:00,0,0.0,2,0,9,0
2019-09-16 03:00:00+00:00,0,0.0,3,0,9,0
2019-09-16 04:00:00+00:00,1,7.032,4,0,9,0
2019-09-16 05:00:00+00:00,0,0.0,5,0,9,0
2019-09-16 06:00:00+00:00,0,0.0,6,0,9,0
2019-09-16 07:00:00+00:00,0,0.0,7,0,9,0
2019-09-16 08:00:00+00:00,0,0.0,8,0,9,0
2019-09-16 09:00:00+00:00,0,0.0,9,0,9,0
2019-09-16 10:00:00+00:00,0,0.0,10,0,9,0
2019-09-16 11:00:00+00:00,0,0.0,11,0,9,0
2019-09-16 12:00:00+00:00,0,0.0,12,0,9,0
2019-09-16 13:00:00+00:00,2,5.273,13,0,9,0
2019-09-16 14:00:00+00:00,0,0.0,14,0,9,0
2019-09-16 15:00:00+00:00,8,82.395,15,0,9,0
2019-09-16 16:00:00+00:00,6,61.585,16,0,9,0
2019-09-16 17:00:00+00:00,7,74.391,17,0,9,0
2019-09-16 18:00:00+00:00,3,52.724,18,0,9,0
2019-09-16 19:00:00+00:00,2,2.179,19,0,9,0
2019-09-16 20:00:00+00:00,2,8.722999999999999,20,0,9,0
2019-09-16 21:00:00+00:00,2,14.518,21,0,9,0
2019-09-16 22:00:00+00:00,0,0.0,22,0,9,0
2019-09-16 23:00:00+00:00,3,20.469,23,0,9,0
2019-09-17 00:00:00+00:00,3,10.084,0,1,9,0
2019-09-17 01:00:00+00:00,0,0.0,1,1,9,0
2019-09-17 02:00:00+00:00,1,5.172,2,1,9,0
2019-09-17 03:00:00+00:00,0,0.0,3,1,9,0
2019-09-17 04:00:00+00:00,0,0.0,4,1,9,0
2019-09-17 05:00:00+00:00,0,0.0,5,1,9,0
2019-09-17 06:00:00+00:00,0,0.0,6,1,9,0
2019-09-17 07:00:00+00:00,0,0.0,7,1,9,0
2019-09-17 08:00:00+00:00,0,0.0,8,1,9,0
2019-09-17 09:00:00+00:00,0,0.0,9,1,9,0
2019-09-17 10:00:00+00:00,0,0.0,10,1,9,0
2019-09-17 11:00:00+00:00,0,0.0,11,1,9,0
2019-09-17 12:00:00+00:00,0,0.0,12,1,9,0
2019-09-17 13:00:00+00:00,0,0.0,13,1,9,0
2019-09-17 14:00:00+00:00,2,10.385,14,1,9,0
2019-09-17 15:00:00+00:00,9,73.02199999999999,15,1,9,0
2019-09-17 16:00:00+00:00,6,40.199,16,1,9,0
2019-09-17 17:00:00+00:00,7,33.226,17,1,9,0
2019-09-17 18:00:00+00:00,2,11.177,18,1,9,0
2019-09-17 19:00:00+00:00,2,2.903,19,1,9,0
2019-09-17 20:00:00+00:00,2,7.505,20,1,9,0
2019-09-17 21:00:00+00:00,2,5.878,21,1,9,0
2019-09-17 22:00:00+00:00,2,11.007,22,1,9,0
2019-09-17 23:00:00+00:00,3,24.053,23,1,9,0
2019-09-18 00:00:00+00:00,0,0.0,0,2,9,0
2019-09-18 01:00:00+00:00,0,0.0,1,2,9,0
2019-09-18 02:00:00+00:00,0,0.0,2,2,9,0
2019-09-18 03:00:00+00:00,0,0.0,3,2,9,0
2019-09-18 04:00:00+00:00,0,0.0,4,2,9,0
2019-09-18 05:00:00+00:00,0,0.0,5,2,9,0
2019-09-18 06:00:00+00:00,0,0.0,6,2,9,0
2019-09-18 07:00:00+00:00,0,0.0,7,2,9,0
2019-09-18 08:00:00+00:00,0,0.0,8,2,9,0
2019-09-18 09:00:00+00:00,0,0.0,9,2,9,0
2019-09-18 10:00:00+00:00,0,0.0,10,2,9,0
2019-09-18 11:00:00+00:00,0,0.0,11,2,9,0
2019-09-18 12:00:00+00:00,1,4.614,12,2,9,0
2019-09-18 13:00:00+00:00,0,0.0,13,2,9,0
2019-09-18 14:00:00+00:00,0,0.0,14,2,9,0
2019-09-18 15:00:00+00:00,9,75.635,15,2,9,0
2019-09-18 16:00:00+00:00,7,55.157,16,2,9,0
2019-09-18 17:00:00+00:00,6,33.624,17,2,9,0
2019-09-18 18:00:00+00:00,4,40.363,18,2,9,0
2019-09-18 19:00:00+00:00,3,13.703,19,2,9,0
2019-09-18 20:00:00+00:00,0,0.0,20,2,9,0
2019-09-18 21:00:00+00:00,2,7.085,21,2,9,0
2019-09-18 22:00:00+00:00,1,0.758,22,2,9,0
2019-09-18 23:00:00+00:00,1,15.844,23,2,9,0
2019-09-19 00:00:00+00:00,1,2.992,0,3,9,0
2019-09-19 01:00:00+00:00,4,18.25910638888889,1,3,9,0
2019-09-19 02:00:00+00:00,1,5.701,2,3,9,0
2019-09-19 03:00:00+00:00,0,0.0,3,3,9,0
2019-09-19 04:00:00+00:00,0,0.0,4,3,9,0
2019-09-19 05:00:00+00:00,0,0.0,5,3,9,0
2019-09-19 06:00:00+00:00,0,0.0,6,3,9,0
2019-09-19 07:00:00+00:00,0,0.0,7,3,9,0
2019-09-19 08:00:00+00:00,0,0.0,8,3,9,0
2019-09-19 09:00:00+00:00,0,0.0,9,3,9,0
2019-09-19 10:00:00+00:00,0,0.0,10,3,9,0
2019-09-19 11:00:00+00:00,0,0.0,11,3,9,0
2019-09-19 12:00:00+00:00,0,0.0,12,3,9,0
2019-09-19 13:00:00+00:00,1,3.581,13,3,9,0
2019-09-19 14:00:00+00:00,0,0.0,14,3,9,0
2019-09-19 15:00:00+00:00,8,78.504,15,3,9,0
2019-09-19 16:00:00+00:00,14,153.92556972222224,16,3,9,0
2019-09-19 17:00:00+00:00,1,7.175,17,3,9,0
2019-09-19 18:00:00+00:00,3,17.151,18,3,9,0
2019-09-19 19:00:00+00:00,1,6.674,19,3,9,0
2019-09-19 20:00:00+00:00,3,8.838000000000001,20,3,9,0
2019-09-19 21:00:00+00:00,0,0.0,21,3,9,0
2019-09-19 22:00:00+00:00,0,0.0,22,3,9,0
2019-09-19 23:00:00+00:00,2,2.342,23,3,9,0
2019-09-20 00:00:00+00:00,2,4.117,0,4,9,0
2019-09-20 01:00:00+00:00,0,0.0,1,4,9,0
2019-09-20 02:00:00+00:00,0,0.0,2,4,9,0
2019-09-20 03:00:00+00:00,1,8.366,3,4,9,0
2019-09-20 04:00:00+00:00,0,0.0,4,4,9,0
2019-09-20 05:00:00+00:00,0,0.0,5,4,9,0
2019-09-20 06:00:00+00:00,0,0.0,6,4,9,0
2019-09-20 07:00:00+00:00,0,0.0,7,4,9,0
2019-09-20 08:00:00+00:00,0,0.0,8,4,9,0
2019-09-20 09:00:00+00:00,0,0.0,9,4,9,0
2019-09-20 10:00:00+00:00,0,0.0,10,4,9,0
2019-09-20 11:00:00+00:00,0,0.0,11,4,9,0
2019-09-20 12:00:00+00:00,0,0.0,12,4,9,0
2019-09-20 13:00:00+00:00,0,0.0,13,4,9,0
2019-09-20 14:00:00+00:00,0,0.0,14,4,9,0
2019-09-20 15:00:00+00:00,9,57.306,15,4,9,0
2019-09-20 16:00:00+00:00,9,111.682,16,4,9,0
2019-09-20 17:00:00+00:00,5,87.62100000000001,17,4,9,0
2019-09-20 18:00:00+00:00,3,15.239,18,4,9,0
2019-09-20 19:00:00+00:00,2,18.447,19,4,9,0
2019-09-20 20:00:00+00:00,4,32.637,20,4,9,0
2019-09-20 21:00:00+00:00,0,0.0,21,4,9,0
2019-09-20 22:00:00+00:00,2,1.892,22,4,9,0
2019-09-20 23:00:00+00:00,0,0.0,23,4,9,0
2019-09-21 00:00:00+00:00,0,0.0,0,5,9,1
2019-09-21 01:00:00+00:00,4,31.297,1,5,9,1
2019-09-21 02:00:00+00:00,0,0.0,2,5,9,1
2019-09-21 03:00:00+00:00,0,0.0,3,5,9,1
2019-09-21 04:00:00+00:00,0,0.0,4,5,9,1
2019-09-21 05:00:00+00:00,0,0.0,5,5,9,1
2019-09-21 06:00:00+00:00,1,16.82,6,5,9,1
2019-09-21 07:00:00+00:00,0,0.0,7,5,9,1
2019-09-21 08:00:00+00:00,0,0.0,8,5,9,1
2019-09-21 09:00:00+00:00,0,0.0,9,5,9,1
2019-09-21 10:00:00+00:00,0,0.0,10,5,9,1
2019-09-21 11:00:00+00:00,0,0.0,11,5,9,1
2019-09-21 12:00:00+00:00,0,0.0,12,5,9,1
2019-09-21 13:00:00+00:00,0,0.0,13,5,9,1
2019-09-21 14:00:00+00:00,0,0.0,14,5,9,1
2019-09-21 15:00:00+00:00,1,4.341,15,5,9,1
2019-09-21 16:00:00+00:00,0,0.0,16,5,9,1
2019-09-21 17:00:00+00:00,0,0.0,17,5,9,1
2019-09-21 18:00:00+00:00,0,0.0,18,5,9,1
2019-09-21 19:00:00+00:00,1,16.708,19,5,9,1
2019-09-21 20:00:00+00:00,0,0.0,20,5,9,1
2019-09-21 21:00:00+00:00,0,0.0,21,5,9,1
2019-09-21 22:00:00+00:00,1,12.367,22,5,9,1
2019-09-21 23:00:00+00:00,1,2.434,23,5,9,1
2019-09-22 00:00:00+00:00,0,0.0,0,6,9,1
2019-09-22 01:00:00+00:00,0,0.0,1,6,9,1
2019-09-22 02:00:00+00:00,0,0.0,2,6,9,1
2019-09-22 03:00:00+00:00,0,0.0,3,6,9,1
2019-09-22 04:00:00+00:00,0,0.0,4,6,9,1
2019-09-22 05:00:00+00:00,0,0.0,5,6,9,1
2019-09-22 06:00:00+00:00,0,0.0,6,6,9,1
2019-09-22 07:00:00+00:00,0,0.0,7,6,9,1
2019-09-22 08:00:00+00:00,0,0.0,8,6,9,1
2019-09-22 09:00:00+00:00,0,0.0,9,6,9,1
2019-09-22 10:00:00+00:00,0,0.0,10,6,9,1
2019-09-22 11:00:00+00:00,0,0.0,11,6,9,1
2019-09-22 12:00:00+00:00,0,0.0,12,6,9,1
2019-09-22 13:00:00+00:00,0,0.0,13,6,9,1
2019-09-22 14:00:00+00:00,0,0.0,14,6,9,1
2019-09-22 15:00:00+00:00,0,0.0,15,6,9,1
2019-09-22 16:00:00+00:00,2,28.98,16,6,9,1
2019-09-22 17:00:00+00:00,1,5.839,17,6,9,1
2019-09-22 18:00:00+00:00,0,0.0,18,6,9,1
2019-09-22 19:00:00+00:00,1,41.04,19,6,9,1
2019-09-22 20:00:00+00:00,0,0.0,20,6,9,1
2019-09-22 21:00:00+00:00,0,0.0,21,6,9,1
2019-09-22 22:00:00+00:00,1,7.217,22,6,9,1
2019-09-22 23:00:00+00:00,1,6.949,23,6,9,1
2019-09-23 00:00:00+00:00,0,0.0,0,0,9,0
2019-09-23 01:00:00+00:00,0,0.0,1,0,9,0
2019-09-23 02:00:00+00:00,0,0.0,2,0,9,0
2019-09-23 03:00:00+00:00,0,0.0,3,0,9,0
2019-09-23 04:00:00+00:00,0,0.0,4,0,9,0
2019-09-23 05:00:00+00:00,0,0.0,5,0,9,0
2019-09-23 06:00:00+00:00,0,0.0,6,0,9,0
2019-09-23 07:00:00+00:00,0,0.0,7,0,9,0
2019-09-23 08:00:00+00:00,0,0.0,8,0,9,0
2019-09-23 09:00:00+00:00,0,0.0,9,0,9,0
2019-09-23 10:00:00+00:00,0,0.0,10,0,9,0
2019-09-23 11:00:00+00:00,0,0.0,11,0,9,0
2019-09-23 12:00:00+00:00,0,0.0,12,0,9,0
2019-09-23 13:00:00+00:00,0,0.0,13,0,9,0
2019-09-23 14:00:00+00:00,0,0.0,14,0,9,0
2019-09-23 15:00:00+00:00,9,188.116,15,0,9,0
2019-09-23 16:00:00+00:00,5,57.351,16,0,9,0
2019-09-23 17:00:00+00:00,4,39.107,17,0,9,0
2019-09-23 18:00:00+00:00,5,58.589,18,0,9,0
2019-09-23 19:00:00+00:00,5,28.311,19,0,9,0
2019-09-23 20:00:00+00:00,3,16.112000000000002,20,0,9,0
2019-09-23 21:00:00+00:00,2,10.031,21,0,9,0
2019-09-23 22:00:00+00:00,0,0.0,22,0,9,0
2019-09-23 23:00:00+00:00,0,0.0,23,0,9,0
2019-09-24 00:00:00+00:00,4,29.913,0,1,9,0
2019-09-24 01:00:00+00:00,1,1.188,1,1,9,0
2019-09-24 02:00:00+00:00,1,5.282,2,1,9,0
2019-09-24 03:00:00+00:00,0,0.0,3,1,9,0
2019-09-24 04:00:00+00:00,0,0.0,4,1,9,0
2019-09-24 05:00:00+00:00,0,0.0,5,1,9,0
2019-09-24 06:00:00+00:00,0,0.0,6,1,9,0
2019-09-24 07:00:00+00:00,0,0.0,7,1,9,0
2019-09-24 08:00:00+00:00,0,0.0,8,1,9,0
2019-09-24 09:00:00+00:00,0,0.0,9,1,9,0
2019-09-24 10:00:00+00:00,0,0.0,10,1,9,0
2019-09-24 11:00:00+00:00,0,0.0,11,1,9,0
2019-09-24 12:00:00+00:00,0,0.0,12,1,9,0
2019-09-24 13:00:00+00:00,0,0.0,13,1,9,0
2019-09-24 14:00:00+00:00,2,14.278,14,1,9,0
2019-09-24 15:00:00+00:00,7,66.648,15,1,9,0
2019-09-24 16:00:00+00:00,4,39.447,16,1,9,0
2019-09-24 17:00:00+00:00,6,44.846,17,1,9,0
2019-09-24 18:00:00+00:00,1,5.961,18,1,9,0
2019-09-24 19:00:00+00:00,0,0.0,19,1,9,0
2019-09-24 20:00:00+00:00,2,9.473,20,1,9,0
2019-09-24 21:00:00+00:00,2,10.303,21,1,9,0
2019-09-24 22:00:00+00:00,0,0.0,22,1,9,0
2019-09-24 23:00:00+00:00,0,0.0,23,1,9,0
2019-09-25 00:00:00+00:00,1,4.678,0,2,9,0
2019-09-25 01:00:00+00:00,2,9.814,1,2,9,0
2019-09-25 02:00:00+00:00,1,4.714,2,2,9,0
2019-09-25 03:00:00+00:00,1,9.148,3,2,9,0
2019-09-25 04:00:00+00:00,2,7.778,4,2,9,0
2019-09-25 05:00:00+00:00,0,0.0,5,2,9,0
2019-09-25 06:00:00+00:00,0,0.0,6,2,9,0
2019-09-25 07:00:00+00:00,0,0.0,7,2,9,0
2019-09-25 08:00:00+00:00,0,0.0,8,2,9,0
2019-09-25 09:00:00+00:00,0,0.0,9,2,9,0
2019-09-25 10:00:00+00:00,0,0.0,10,2,9,0
2019-09-25 11:00:00+00:00,0,0.0,11,2,9,0
2019-09-25 12:00:00+00:00,0,0.0,12,2,9,0
2019-09-25 13:00:00+00:00,0,0.0,13,2,9,0
2019-09-25 14:00:00+00:00,0,0.0,14,2,9,0
2019-09-25 15:00:00+00:00,7,47.114,15,2,9,0
2019-09-25 16:00:00+00:00,6,40.566,16,2,9,0
2019-09-25 17:00:00+00:00,11,86.868,17,2,9,0
2019-09-25 18:00:00+00:00,3,14.311,18,2,9,0
2019-09-25 19:00:00+00:00,1,6.53,19,2,9,0
2019-09-25 20:00:00+00:00,3,32.946000000000005,20,2,9,0
2019-09-25 21:00:00+00:00,1,0.924,21,2,9,0
2019-09-25 22:00:00+00:00,0,0.0,22,2,9,0
2019-09-25 23:00:00+00:00,0,0.0,23,2,9,0
2019-09-26 00:00:00+00:00,1,16.181,0,3,9,0
2019-09-26 01:00:00+00:00,3,26.508000000000003,1,3,9,0
2019-09-26 02:00:00+00:00,0,0.0,2,3,9,0
2019-09-26 03:00:00+00:00,0,0.0,3,3,9,0
2019-09-26 04:00:00+00:00,0,0.0,4,3,9,0
2019-09-26 05:00:00+00:00,1,7.71,5,3,9,0
2019-09-26 06:00:00+00:00,0,0.0,6,3,9,0
2019-09-26 07:00:00+00:00,0,0.0,7,3,9,0
2019-09-26 08:00:00+00:00,0,0.0,8,3,9,0
2019-09-26 09:00:00+00:00,0,0.0,9,3,9,0
2019-09-26 10:00:00+00:00,0,0.0,10,3,9,0
2019-09-26 11:00:00+00:00,0,0.0,11,3,9,0
2019-09-26 12:00:00+00:00,0,0.0,12,3,9,0
2019-09-26 13:00:00+00:00,0,0.0,13,3,9,0
2019-09-26 14:00:00+00:00,1,0.84,14,3,9,0
2019-09-26 15:00:00+00:00,11,63.050999999999995,15,3,9,0
2019-09-26 16:00:00+00:00,8,150.426,16,3,9,0
2019-09-26 17:00:00+00:00,5,34.726,17,3,9,0
2019-09-26 18:00:00+00:00,3,14.316,18,3,9,0
2019-09-26 19:00:00+00:00,2,7.44,19,3,9,0
2019-09-26 20:00:00+00:00,1,8.374,20,3,9,0
2019-09-26 21:00:00+00:00,2,3.829,21,3,9,0
2019-09-26 22:00:00+00:00,0,0.0,22,3,9,0
2019-09-26 23:00:00+00:00,0,0.0,23,3,9,0
2019-09-27 00:00:00+00:00,0,0.0,0,4,9,0
2019-09-27 01:00:00+00:00,1,12.694,1,4,9,0
2019-09-27 02:00:00+00:00,0,0.0,2,4,9,0
2019-09-27 03:00:00+00:00,1,9.257,3,4,9,0
2019-09-27 04:00:00+00:00,1,6.88,4,4,9,0
2019-09-27 05:00:00+00:00,0,0.0,5,4,9,0
2019-09-27 06:00:00+00:00,0,0.0,6,4,9,0
2019-09-27 07:00:00+00:00,0,0.0,7,4,9,0
2019-09-27 08:00:00+00:00,0,0.0,8,4,9,0
2019-09-27 09:00:00+00:00,0,0.0,9,4,9,0
2019-09-27 10:00:00+00:00,0,0.0,10,4,9,0
2019-09-27 11:00:00+00:00,0,0.0,11,4,9,0
2019-09-27 12:00:00+00:00,0,0.0,12,4,9,0
2019-09-27 13:00:00+00:00,0,0.0,13,4,9,0
2019-09-27 14:00:00+00:00,1,6.065,14,4,9,0
2019-09-27 15:00:00+00:00,8,63.513,15,4,9,0
2019-09-27 16:00:00+00:00,4,20.541,16,4,9,0
2019-09-27 17:00:00+00:00,7,52.629,17,4,9,0
2019-09-27 18:00:00+00:00,3,18.073,18,4,9,0
2019-09-27 19:00:00+00:00,3,21.25,19,4,9,0
2019-09-27 20:00:00+00:00,3,47.999,20,4,9,0
2019-09-27 21:00:00+00:00,0,0.0,21,4,9,0
2019-09-27 22:00:00+00:00,0,0.0,22,4,9,0
2019-09-27 23:00:00+00:00,1,17.389,23,4,9,0
2019-09-28 00:00:00+00:00,0,0.0,0,5,9,1
2019-09-28 01:00:00+00:00,2,11.505,1,5,9,1
2019-09-28 02:00:00+00:00,1,10.492,2,5,9,1
2019-09-28 03:00:00+00:00,1,0.841,3,5,9,1
2019-09-28 04:00:00+00:00,1,3.389,4,5,9,1
2019-09-28 05:00:00+00:00,0,0.0,5,5,9,1
2019-09-28 06:00:00+00:00,0,0.0,6,5,9,1
2019-09-28 07:00:00+00:00,0,0.0,7,5,9,1
2019-09-28 08:00:00+00:00,0,0.0,8,5,9,1
2019-09-28 09:00:00+00:00,0,0.0,9,5,9,1
2019-09-28 10:00:00+00:00,0,0.0,10,5,9,1
2019-09-28 11:00:00+00:00,0,0.0,11,5,9,1
2019-09-28 12:00:00+00:00,0,0.0,12,5,9,1
2019-09-28 13:00:00+00:00,0,0.0,13,5,9,1
2019-09-28 14:00:00+00:00,0,0.0,14,5,9,1
2019-09-28 15:00:00+00:00,0,0.0,15,5,9,1
2019-09-28 16:00:00+00:00,1,1.791,16,5,9,1
2019-09-28 17:00:00+00:00,0,0.0,17,5,9,1
2019-09-28 18:00:00+00:00,1,8.152,18,5,9,1
2019-09-28 19:00:00+00:00,0,0.0,19,5,9,1
2019-09-28 20:00:00+00:00,1,0.948,20,5,9,1
2019-09-28 21:00:00+00:00,0,0.0,21,5,9,1
2019-09-28 22:00:00+00:00,0,0.0,22,5,9,1
2019-09-28 23:00:00+00:00,0,0.0,23,5,9,1
2019-09-29 00:00:00+00:00,0,0.0,0,6,9,1
2019-09-29 01:00:00+00:00,1,11.653,1,6,9,1
2019-09-29 02:00:00+00:00,1,15.198,2,6,9,1
2019-09-29 03:00:00+00:00,0,0.0,3,6,9,1
2019-09-29 04:00:00+00:00,0,0.0,4,6,9,1
2019-09-29 05:00:00+00:00,0,0.0,5,6,9,1
2019-09-29 06:00:00+00:00,0,0.0,6,6,9,1
2019-09-29 07:00:00+00:00,0,0.0,7,6,9,1
2019-09-29 08:00:00+00:00,0,0.0,8,6,9,1
2019-09-29 09:00:00+00:00,0,0.0,9,6,9,1
2019-09-29 10:00:00+00:00,0,0.0,10,6,9,1
2019-09-29 11:00:00+00:00,0,0.0,11,6,9,1
2019-09-29 12:00:00+00:00,0,0.0,12,6,9,1
2019-09-29 13:00:00+00:00,0,0.0,13,6,9,1
2019-09-29 14:00:00+00:00,0,0.0,14,6,9,1
2019-09-29 15:00:00+00:00,1,0.8530866666666665,15,6,9,1
2019-09-29 16:00:00+00:00,3,50.941,16,6,9,1
2019-09-29 17:00:00+00:00,1,3.505,17,6,9,1
2019-09-29 18:00:00+00:00,0,0.0,18,6,9,1
2019-09-29 19:00:00+00:00,0,0.0,19,6,9,1
2019-09-29 20:00:00+00:00,1,9.04,20,6,9,1
2019-09-29 21:00:00+00:00,0,0.0,21,6,9,1
2019-09-29 22:00:00+00:00,0,0.0,22,6,9,1
2019-09-29 23:00:00+00:00,3,29.278,23,6,9,1
2019-09-30 00:00:00+00:00,0,0.0,0,0,9,0
2019-09-30 01:00:00+00:00,1,2.554,1,0,9,0
2019-09-30 02:00:00+00:00,0,0.0,2,0,9,0
2019-09-30 03:00:00+00:00,0,0.0,3,0,9,0
2019-09-30 04:00:00+00:00,0,0.0,4,0,9,0
2019-09-30 05:00:00+00:00,0,0.0,5,0,9,0
2019-09-30 06:00:00+00:00,0,0.0,6,0,9,0
2019-09-30 07:00:00+00:00,0,0.0,7,0,9,0
2019-09-30 08:00:00+00:00,0,0.0,8,0,9,0
2019-09-30 09:00:00+00:00,0,0.0,9,0,9,0
2019-09-30 10:00:00+00:00,0,0.0,10,0,9,0
2019-09-30 11:00:00+00:00,0,0.0,11,0,9,0
2019-09-30 12:00:00+00:00,0,0.0,12,0,9,0
2019-09-30 13:00:00+00:00,0,0.0,13,0,9,0
2019-09-30 14:00:00+00:00,0,0.0,14,0,9,0
2019-09-30 15:00:00+00:00,6,82.667,15,0,9,0
2019-09-30 16:00:00+00:00,6,54.898,16,0,9,0
2019-09-30 17:00:00+00:00,6,69.553,17,0,9,0
2019-09-30 18:00:00+00:00,1,6.754,18,0,9,0
2019-09-30 19:00:00+00:00,2,23.948,19,0,9,0
2019-09-30 20:00:00+00:00,1,0.8626688888888889,20,0,9,0
2019-09-30 21:00:00+00:00,1,3.991,21,0,9,0
2019-09-30 22:00:00+00:00,0,0.0,22,0,9,0
2019-09-30 23:00:00+00:00,0,0.0,23,0,9,0
2019-10-01 00:00:00+00:00,1,15.51,0,1,10,0
2019-10-01 01:00:00+00:00,1,13.619,1,1,10,0
2019-10-01 02:00:00+00:00,0,0.0,2,1,10,0
2019-10-01 03:00:00+00:00,0,0.0,3,1,10,0
2019-10-01 04:00:00+00:00,0,0.0,4,1,10,0
2019-10-01 05:00:00+00:00,0,0.0,5,1,10,0
2019-10-01 06:00:00+00:00,0,0.0,6,1,10,0
2019-10-01 07:00:00+00:00,0,0.0,7,1,10,0
2019-10-01 08:00:00+00:00,0,0.0,8,1,10,0
2019-10-01 09:00:00+00:00,0,0.0,9,1,10,0
2019-10-01 10:00:00+00:00,0,0.0,10,1,10,0
2019-10-01 11:00:00+00:00,0,0.0,11,1,10,0
2019-10-01 12:00:00+00:00,0,0.0,12,1,10,0
2019-10-01 13:00:00+00:00,0,0.0,13,1,10,0
2019-10-01 14:00:00+00:00,2,36.95,14,1,10,0
2019-10-01 15:00:00+00:00,6,10.639,15,1,10,0
2019-10-01 16:00:00+00:00,8,58.188,16,1,10,0
2019-10-01 17:00:00+00:00,9,89.105,17,1,10,0
2019-10-01 18:00:00+00:00,3,65.17099999999999,18,1,10,0
2019-10-01 19:00:00+00:00,3,46.708,19,1,10,0
2019-10-01 20:00:00+00:00,3,16.061,20,1,10,0
2019-10-01 21:00:00+00:00,3,5.465,21,1,10,0
2019-10-01 22:00:00+00:00,0,0.0,22,1,10,0
2019-10-01 23:00:00+00:00,0,0.0,23,1,10,0
2019-10-02 00:00:00+00:00,2,19.124,0,2,10,0
2019-10-02 01:00:00+00:00,2,9.569,1,2,10,0
2019-10-02 02:00:00+00:00,1,50.764,2,2,10,0
2019-10-02 03:00:00+00:00,1,9.303,3,2,10,0
2019-10-02 04:00:00+00:00,0,0.0,4,2,10,0
2019-10-02 05:00:00+00:00,0,0.0,5,2,10,0
2019-10-02 06:00:00+00:00,0,0.0,6,2,10,0
2019-10-02 07:00:00+00:00,0,0.0,7,2,10,0
2019-10-02 08:00:00+00:00,0,0.0,8,2,10,0
2019-10-02 09:00:00+00:00,0,0.0,9,2,10,0
2019-10-02 10:00:00+00:00,0,0.0,10,2,10,0
2019-10-02 11:00:00+00:00,0,0.0,11,2,10,0
2019-10-02 12:00:00+00:00,0,0.0,12,2,10,0
2019-10-02 13:00:00+00:00,0,0.0,13,2,10,0
2019-10-02 14:00:00+00:00,1,0.855,14,2,10,0
2019-10-02 15:00:00+00:00,6,43.814,15,2,10,0
2019-10-02 16:00:00+00:00,9,68.61,16,2,10,0
2019-10-02 17:00:00+00:00,5,59.870000000000005,17,2,10,0
2019-10-02 18:00:00+00:00,4,12.803,18,2,10,0
2019-10-02 19:00:00+00:00,1,6.675,19,2,10,0
2019-10-02 20:00:00+00:00,0,0.0,20,2,10,0
2019-10-02 21:00:00+00:00,2,11.304,21,2,10,0
2019-10-02 22:00:00+00:00,1,0.823,22,2,10,0
2019-10-02 23:00:00+00:00,0,0.0,23,2,10,0
2019-10-03 00:00:00+00:00,1,0.891,0,3,10,0
2019-10-03 01:00:00+00:00,3,24.363,1,3,10,0
2019-10-03 02:00:00+00:00,1,15.12,2,3,10,0
2019-10-03 03:00:00+00:00,0,0.0,3,3,10,0
2019-10-03 04:00:00+00:00,1,5.341,4,3,10,0
2019-10-03 05:00:00+00:00,0,0.0,5,3,10,0
2019-10-03 06:00:00+00:00,0,0.0,6,3,10,0
2019-10-03 07:00:00+00:00,0,0.0,7,3,10,0
2019-10-03 08:00:00+00:00,0,0.0,8,3,10,0
2019-10-03 09:00:00+00:00,0,0.0,9,3,10,0
2019-10-03 10:00:00+00:00,0,0.0,10,3,10,0
2019-10-03 11:00:00+00:00,0,0.0,11,3,10,0
2019-10-03 12:00:00+00:00,1,3.4,12,3,10,0
2019-10-03 13:00:00+00:00,0,0.0,13,3,10,0
2019-10-03 14:00:00+00:00,2,1.724,14,3,10,0
2019-10-03 15:00:00+00:00,8,104.909,15,3,10,0
2019-10-03 16:00:00+00:00,9,84.00200000000001,16,3,10,0
2019-10-03 17:00:00+00:00,3,28.003,17,3,10,0
2019-10-03 18:00:00+00:00,4,11.551,18,3,10,0
2019-10-03 19:00:00+00:00,2,7.177,19,3,10,0
2019-10-03 20:00:00+00:00,2,33.488,20,3,10,0
2019-10-03 21:00:00+00:00,1,6.21,21,3,10,0
2019-10-03 22:00:00+00:00,0,0.0,22,3,10,0
2019-10-03 23:00:00+00:00,0,0.0,23,3,10,0
2019-10-04 00:00:00+00:00,2,18.936,0,4,10,0
2019-10-04 01:00:00+00:00,1,14.848,1,4,10,0
2019-10-04 02:00:00+00:00,0,0.0,2,4,10,0
2019-10-04 03:00:00+00:00,1,9.598,3,4,10,0
2019-10-04 04:00:00+00:00,0,0.0,4,4,10,0
2019-10-04 05:00:00+00:00,1,5.862,5,4,10,0
2019-10-04 06:00:00+00:00,0,0.0,6,4,10,0
2019-10-04 07:00:00+00:00,0,0.0,7,4,10,0
2019-10-04 08:00:00+00:00,0,0.0,8,4,10,0
2019-10-04 09:00:00+00:00,0,0.0,9,4,10,0
2019-10-04 10:00:00+00:00,0,0.0,10,4,10,0
2019-10-04 11:00:00+00:00,0,0.0,11,4,10,0
2019-10-04 12:00:00+00:00,0,0.0,12,4,10,0
2019-10-04 13:00:00+00:00,0,0.0,13,4,10,0
2019-10-04 14:00:00+00:00,2,3.43,14,4,10,0
2019-10-04 15:00:00+00:00,5,38.479,15,4,10,0
2019-10-04 16:00:00+00:00,6,58.306,16,4,10,0
2019-10-04 17:00:00+00:00,4,41.839,17,4,10,0
2019-10-04 18:00:00+00:00,3,45.351,18,4,10,0
2019-10-04 19:00:00+00:00,8,45.468,19,4,10,0
2019-10-04 20:00:00+00:00,3,28.396,20,4,10,0
2019-10-04 21:00:00+00:00,1,4.106,21,4,10,0
2019-10-04 22:00:00+00:00,0,0.0,22,4,10,0
2019-10-04 23:00:00+00:00,1,11.132,23,4,10,0
2019-10-05 00:00:00+00:00,0,0.0,0,5,10,1
2019-10-05 01:00:00+00:00,1,7.117,1,5,10,1
2019-10-05 02:00:00+00:00,0,0.0,2,5,10,1
2019-10-05 03:00:00+00:00,0,0.0,3,5,10,1
2019-10-05 04:00:00+00:00,0,0.0,4,5,10,1
2019-10-05 05:00:00+00:00,0,0.0,5,5,10,1
2019-10-05 06:00:00+00:00,0,0.0,6,5,10,1
2019-10-05 07:00:00+00:00,0,0.0,7,5,10,1
2019-10-05 08:00:00+00:00,0,0.0,8,5,10,1
2019-10-05 09:00:00+00:00,0,0.0,9,5,10,1
2019-10-05 10:00:00+00:00,0,0.0,10,5,10,1
2019-10-05 11:00:00+00:00,0,0.0,11,5,10,1
2019-10-05 12:00:00+00:00,0,0.0,12,5,10,1
2019-10-05 13:00:00+00:00,0,0.0,13,5,10,1
2019-10-05 14:00:00+00:00,0,0.0,14,5,10,1
2019-10-05 15:00:00+00:00,0,0.0,15,5,10,1
2019-10-05 16:00:00+00:00,1,4.129,16,5,10,1
2019-10-05 17:00:00+00:00,2,13.972,17,5,10,1
2019-10-05 18:00:00+00:00,1,15.279,18,5,10,1
2019-10-05 19:00:00+00:00,1,13.069,19,5,10,1
2019-10-05 20:00:00+00:00,1,0.942,20,5,10,1
2019-10-05 21:00:00+00:00,2,5.6979999999999995,21,5,10,1
2019-10-05 22:00:00+00:00,0,0.0,22,5,10,1
2019-10-05 23:00:00+00:00,0,0.0,23,5,10,1
2019-10-06 00:00:00+00:00,0,0.0,0,6,10,1
2019-10-06 01:00:00+00:00,0,0.0,1,6,10,1
2019-10-06 02:00:00+00:00,0,0.0,2,6,10,1
2019-10-06 03:00:00+00:00,0,0.0,3,6,10,1
2019-10-06 04:00:00+00:00,0,0.0,4,6,10,1
2019-10-06 05:00:00+00:00,0,0.0,5,6,10,1
2019-10-06 06:00:00+00:00,0,0.0,6,6,10,1
2019-10-06 07:00:00+00:00,0,0.0,7,6,10,1
2019-10-06 08:00:00+00:00,0,0.0,8,6,10,1
2019-10-06 09:00:00+00:00,0,0.0,9,6,10,1
2019-10-06 10:00:00+00:00,0,0.0,10,6,10,1
2019-10-06 11:00:00+00:00,0,0.0,11,6,10,1
2019-10-06 12:00:00+00:00,0,0.0,12,6,10,1
2019-10-06 13:00:00+00:00,0,0.0,13,6,10,1
2019-10-06 14:00:00+00:00,0,0.0,14,6,10,1
2019-10-06 15:00:00+00:00,0,0.0,15,6,10,1
2019-10-06 16:00:00+00:00,0,0.0,16,6,10,1
2019-10-06 17:00:00+00:00,0,0.0,17,6,10,1
2019-10-06 18:00:00+00:00,0,0.0,18,6,10,1
2019-10-06 19:00:00+00:00,0,0.0,19,6,10,1
2019-10-06 20:00:00+00:00,0,0.0,20,6,10,1
2019-10-06 21:00:00+00:00,0,0.0,21,6,10,1
2019-10-06 22:00:00+00:00,1,1.019,22,6,10,1
2019-10-06 23:00:00+00:00,1,0.609,23,6,10,1
2019-10-07 00:00:00+00:00,1,12.169,0,0,10,0
2019-10-07 01:00:00+00:00,1,3.051,1,0,10,0
2019-10-07 02:00:00+00:00,0,0.0,2,0,10,0
2019-10-07 03:00:00+00:00,0,0.0,3,0,10,0
2019-10-07 04:00:00+00:00,0,0.0,4,0,10,0
2019-10-07 05:00:00+00:00,0,0.0,5,0,10,0
2019-10-07 06:00:00+00:00,0,0.0,6,0,10,0
2019-10-07 07:00:00+00:00,0,0.0,7,0,10,0
2019-10-07 08:00:00+00:00,0,0.0,8,0,10,0
2019-10-07 09:00:00+00:00,0,0.0,9,0,10,0
2019-10-07 10:00:00+00:00,0,0.0,10,0,10,0
2019-10-07 11:00:00+00:00,0,0.0,11,0,10,0
2019-10-07 12:00:00+00:00,0,0.0,12,0,10,0
2019-10-07 13:00:00+00:00,0,0.0,13,0,10,0
2019-10-07 14:00:00+00:00,0,0.0,14,0,10,0
2019-10-07 15:00:00+00:00,5,92.986,15,0,10,0
2019-10-07 16:00:00+00:00,8,95.8979275,16,0,10,0
2019-10-07 17:00:00+00:00,4,82.26499999999999,17,0,10,0
2019-10-07 18:00:00+00:00,5,37.724,18,0,10,0
2019-10-07 19:00:00+00:00,3,6.063,19,0,10,0
2019-10-07 20:00:00+00:00,1,17.394,20,0,10,0
2019-10-07 21:00:00+00:00,0,0.0,21,0,10,0
2019-10-07 22:00:00+00:00,0,0.0,22,0,10,0
2019-10-07 23:00:00+00:00,2,6.08,23,0,10,0
2019-10-08 00:00:00+00:00,0,0.0,0,1,10,0
2019-10-08 01:00:00+00:00,2,13.815,1,1,10,0
2019-10-08 02:00:00+00:00,1,15.968,2,1,10,0
2019-10-08 03:00:00+00:00,0,0.0,3,1,10,0
2019-10-08 04:00:00+00:00,1,14.898,4,1,10,0
2019-10-08 05:00:00+00:00,0,0.0,5,1,10,0
2019-10-08 06:00:00+00:00,0,0.0,6,1,10,0
2019-10-08 07:00:00+00:00,0,0.0,7,1,10,0
2019-10-08 08:00:00+00:00,0,0.0,8,1,10,0
2019-10-08 09:00:00+00:00,0,0.0,9,1,10,0
2019-10-08 10:00:00+00:00,0,0.0,10,1,10,0
2019-10-08 11:00:00+00:00,0,0.0,11,1,10,0
2019-10-08 12:00:00+00:00,0,0.0,12,1,10,0
2019-10-08 13:00:00+00:00,1,23.575,13,1,10,0
2019-10-08 14:00:00+00:00,1,0.927,14,1,10,0
2019-10-08 15:00:00+00:00,9,65.715,15,1,10,0
2019-10-08 16:00:00+00:00,6,26.302,16,1,10,0
2019-10-08 17:00:00+00:00,5,40.43,17,1,10,0
2019-10-08 18:00:00+00:00,6,84.934,18,1,10,0
2019-10-08 19:00:00+00:00,1,2.061,19,1,10,0
2019-10-08 20:00:00+00:00,1,0.73,20,1,10,0
2019-10-08 21:00:00+00:00,0,0.0,21,1,10,0
2019-10-08 22:00:00+00:00,1,0.857,22,1,10,0
2019-10-08 23:00:00+00:00,1,4.892,23,1,10,0
2019-10-09 00:00:00+00:00,3,32.566,0,2,10,0
2019-10-09 01:00:00+00:00,1,0.817,1,2,10,0
2019-10-09 02:00:00+00:00,1,11.31,2,2,10,0
2019-10-09 03:00:00+00:00,1,9.875,3,2,10,0
2019-10-09 04:00:00+00:00,0,0.0,4,2,10,0
2019-10-09 05:00:00+00:00,0,0.0,5,2,10,0
2019-10-09 06:00:00+00:00,0,0.0,6,2,10,0
2019-10-09 07:00:00+00:00,0,0.0,7,2,10,0
2019-10-09 08:00:00+00:00,0,0.0,8,2,10,0
2019-10-09 09:00:00+00:00,0,0.0,9,2,10,0
2019-10-09 10:00:00+00:00,0,0.0,10,2,10,0
2019-10-09 11:00:00+00:00,0,0.0,11,2,10,0
2019-10-09 12:00:00+00:00,0,0.0,12,2,10,0
2019-10-09 13:00:00+00:00,0,0.0,13,2,10,0
2019-10-09 14:00:00+00:00,0,0.0,14,2,10,0
2019-10-09 15:00:00+00:00,8,45.279,15,2,10,0
2019-10-09 16:00:00+00:00,6,56.887,16,2,10,0
2019-10-09 17:00:00+00:00,7,58.811,17,2,10,0
2019-10-09 18:00:00+00:00,1,10.244,18,2,10,0
2019-10-09 19:00:00+00:00,1,39.868,19,2,10,0
2019-10-09 20:00:00+00:00,5,63.077,20,2,10,0
2019-10-09 21:00:00+00:00,0,0.0,21,2,10,0
2019-10-09 22:00:00+00:00,1,4.199,22,2,10,0
2019-10-09 23:00:00+00:00,1,3.343,23,2,10,0
2019-10-10 00:00:00+00:00,1,6.622,0,3,10,0
2019-10-10 01:00:00+00:00,3,27.656,1,3,10,0
2019-10-10 02:00:00+00:00,0,0.0,2,3,10,0
2019-10-10 03:00:00+00:00,0,0.0,3,3,10,0
2019-10-10 04:00:00+00:00,1,14.891,4,3,10,0
2019-10-10 05:00:00+00:00,0,0.0,5,3,10,0
2019-10-10 06:00:00+00:00,0,0.0,6,3,10,0
2019-10-10 07:00:00+00:00,0,0.0,7,3,10,0
2019-10-10 08:00:00+00:00,0,0.0,8,3,10,0
2019-10-10 09:00:00+00:00,0,0.0,9,3,10,0
2019-10-10 10:00:00+00:00,0,0.0,10,3,10,0
2019-10-10 11:00:00+00:00,0,0.0,11,3,10,0
2019-10-10 12:00:00+00:00,0,0.0,12,3,10,0
2019-10-10 13:00:00+00:00,0,0.0,13,3,10,0
2019-10-10 14:00:00+00:00,2,10.182,14,3,10,0
2019-10-10 15:00:00+00:00,6,39.185,15,3,10,0
2019-10-10 16:00:00+00:00,9,109.147,16,3,10,0
2019-10-10 17:00:00+00:00,6,47.67003643966523,17,3,10,0
2019-10-10 18:00:00+00:00,2,26.322,18,3,10,0
2019-10-10 19:00:00+00:00,2,17.541,19,3,10,0
2019-10-10 20:00:00+00:00,2,21.805,20,3,10,0
2019-10-10 21:00:00+00:00,1,0.5345445041813253,21,3,10,0
2019-10-10 22:00:00+00:00,0,0.0,22,3,10,0
2019-10-10 23:00:00+00:00,1,2.26,23,3,10,0
2019-10-11 00:00:00+00:00,0,0.0,0,4,10,0
2019-10-11 01:00:00+00:00,1,13.43,1,4,10,0
2019-10-11 02:00:00+00:00,1,10.892,2,4,10,0
2019-10-11 03:00:00+00:00,1,8.612,3,4,10,0
2019-10-11 04:00:00+00:00,1,1.358,4,4,10,0
2019-10-11 05:00:00+00:00,1,8.897,5,4,10,0
2019-10-11 06:00:00+00:00,3,53.226,6,4,10,0
2019-10-11 07:00:00+00:00,0,0.0,7,4,10,0
2019-10-11 08:00:00+00:00,0,0.0,8,4,10,0
2019-10-11 09:00:00+00:00,0,0.0,9,4,10,0
2019-10-11 10:00:00+00:00,0,0.0,10,4,10,0
2019-10-11 11:00:00+00:00,0,0.0,11,4,10,0
2019-10-11 12:00:00+00:00,0,0.0,12,4,10,0
2019-10-11 13:00:00+00:00,0,0.0,13,4,10,0
2019-10-11 14:00:00+00:00,3,20.246,14,4,10,0
2019-10-11 15:00:00+00:00,3,50.955,15,4,10,0
2019-10-11 16:00:00+00:00,11,78.251,16,4,10,0
2019-10-11 17:00:00+00:00,4,22.341,17,4,10,0
2019-10-11 18:00:00+00:00,1,14.925,18,4,10,0
2019-10-11 19:00:00+00:00,2,2.901,19,4,10,0
2019-10-11 20:00:00+00:00,0,0.0,20,4,10,0
2019-10-11 21:00:00+00:00,2,10.746,21,4,10,0
2019-10-11 22:00:00+00:00,3,34.277,22,4,10,0
2019-10-11 23:00:00+00:00,0,0.0,23,4,10,0
2019-10-12 00:00:00+00:00,0,0.0,0,5,10,1
2019-10-12 01:00:00+00:00,1,5.562,1,5,10,1
2019-10-12 02:00:00+00:00,0,0.0,2,5,10,1
2019-10-12 03:00:00+00:00,0,0.0,3,5,10,1
2019-10-12 04:00:00+00:00,0,0.0,4,5,10,1
2019-10-12 05:00:00+00:00,0,0.0,5,5,10,1
2019-10-12 06:00:00+00:00,0,0.0,6,5,10,1
2019-10-12 07:00:00+00:00,0,0.0,7,5,10,1
2019-10-12 08:00:00+00:00,0,0.0,8,5,10,1
2019-10-12 09:00:00+00:00,0,0.0,9,5,10,1
2019-10-12 10:00:00+00:00,0,0.0,10,5,10,1
2019-10-12 11:00:00+00:00,0,0.0,11,5,10,1
2019-10-12 12:00:00+00:00,0,0.0,12,5,10,1
2019-10-12 13:00:00+00:00,0,0.0,13,5,10,1
2019-10-12 14:00:00+00:00,1,7.905,14,5,10,1
2019-10-12 15:00:00+00:00,1,0.853,15,5,10,1
2019-10-12 16:00:00+00:00,3,27.558,16,5,10,1
2019-10-12 17:00:00+00:00,1,10.008,17,5,10,1
2019-10-12 18:00:00+00:00,1,17.37,18,5,10,1
2019-10-12 19:00:00+00:00,1,10.136,19,5,10,1
2019-10-12 20:00:00+00:00,2,17.863,20,5,10,1
2019-10-12 21:00:00+00:00,1,3.628,21,5,10,1
2019-10-12 22:00:00+00:00,1,16.805,22,5,10,1
2019-10-12 23:00:00+00:00,0,0.0,23,5,10,1
2019-10-13 00:00:00+00:00,2,14.085,0,6,10,1
2019-10-13 01:00:00+00:00,0,0.0,1,6,10,1
2019-10-13 02:00:00+00:00,1,2.499,2,6,10,1
2019-10-13 03:00:00+00:00,0,0.0,3,6,10,1
2019-10-13 04:00:00+00:00,0,0.0,4,6,10,1
2019-10-13 05:00:00+00:00,0,0.0,5,6,10,1
2019-10-13 06:00:00+00:00,0,0.0,6,6,10,1
2019-10-13 07:00:00+00:00,0,0.0,7,6,10,1
2019-10-13 08:00:00+00:00,0,0.0,8,6,10,1
2019-10-13 09:00:00+00:00,0,0.0,9,6,10,1
2019-10-13 10:00:00+00:00,0,0.0,10,6,10,1
2019-10-13 11:00:00+00:00,0,0.0,11,6,10,1
2019-10-13 12:00:00+00:00,0,0.0,12,6,10,1
2019-10-13 13:00:00+00:00,0,0.0,13,6,10,1
2019-10-13 14:00:00+00:00,0,0.0,14,6,10,1
2019-10-13 15:00:00+00:00,0,0.0,15,6,10,1
2019-10-13 16:00:00+00:00,0,0.0,16,6,10,1
2019-10-13 17:00:00+00:00,1,11.875,17,6,10,1
2019-10-13 18:00:00+00:00,1,2.945,18,6,10,1
2019-10-13 19:00:00+00:00,2,6.867,19,6,10,1
2019-10-13 20:00:00+00:00,0,0.0,20,6,10,1
2019-10-13 21:00:00+00:00,1,22.379,21,6,10,1
2019-10-13 22:00:00+00:00,1,0.875,22,6,10,1
2019-10-13 23:00:00+00:00,1,8.911,23,6,10,1
2019-10-14 00:00:00+00:00,0,0.0,0,0,10,0
2019-10-14 01:00:00+00:00,0,0.0,1,0,10,0
2019-10-14 02:00:00+00:00,0,0.0,2,0,10,0
2019-10-14 03:00:00+00:00,1,14.083,3,0,10,0
2019-10-14 04:00:00+00:00,0,0.0,4,0,10,0
2019-10-14 05:00:00+00:00,0,0.0,5,0,10,0
2019-10-14 06:00:00+00:00,0,0.0,6,0,10,0
2019-10-14 07:00:00+00:00,0,0.0,7,0,10,0
2019-10-14 08:00:00+00:00,0,0.0,8,0,10,0
2019-10-14 09:00:00+00:00,0,0.0,9,0,10,0
2019-10-14 10:00:00+00:00,0,0.0,10,0,10,0
2019-10-14 11:00:00+00:00,0,0.0,11,0,10,0
2019-10-14 12:00:00+00:00,0,0.0,12,0,10,0
2019-10-14 13:00:00+00:00,0,0.0,13,0,10,0
2019-10-14 14:00:00+00:00,0,0.0,14,0,10,0
2019-10-14 15:00:00+00:00,7,42.141,15,0,10,0
2019-10-14 16:00:00+00:00,6,98.449,16,0,10,0
2019-10-14 17:00:00+00:00,7,46.607,17,0,10,0
2019-10-14 18:00:00+00:00,3,39.766,18,0,10,0
2019-10-14 19:00:00+00:00,1,35.115,19,0,10,0
2019-10-14 20:00:00+00:00,3,23.615,20,0,10,0
2019-10-14 21:00:00+00:00,1,7.394,21,0,10,0
2019-10-14 22:00:00+00:00,3,19.193,22,0,10,0
2019-10-14 23:00:00+00:00,1,14.089,23,0,10,0
2019-10-15 00:00:00+00:00,0,0.0,0,1,10,0
2019-10-15 01:00:00+00:00,2,13.907,1,1,10,0
2019-10-15 02:00:00+00:00,0,0.0,2,1,10,0
2019-10-15 03:00:00+00:00,0,0.0,3,1,10,0
2019-10-15 04:00:00+00:00,0,0.0,4,1,10,0
2019-10-15 05:00:00+00:00,0,0.0,5,1,10,0
2019-10-15 06:00:00+00:00,0,0.0,6,1,10,0
2019-10-15 07:00:00+00:00,0,0.0,7,1,10,0
2019-10-15 08:00:00+00:00,0,0.0,8,1,10,0
2019-10-15 09:00:00+00:00,0,0.0,9,1,10,0
2019-10-15 10:00:00+00:00,0,0.0,10,1,10,0
2019-10-15 11:00:00+00:00,0,0.0,11,1,10,0
2019-10-15 12:00:00+00:00,0,0.0,12,1,10,0
2019-10-15 13:00:00+00:00,0,0.0,13,1,10,0
2019-10-15 14:00:00+00:00,2,10.676,14,1,10,0
2019-10-15 15:00:00+00:00,9,95.85,15,1,10,0
2019-10-15 16:00:00+00:00,9,85.376,16,1,10,0
2019-10-15 17:00:00+00:00,1,6.15,17,1,10,0
2019-10-15 18:00:00+00:00,0,0.0,18,1,10,0
2019-10-15 19:00:00+00:00,1,2.013,19,1,10,0
2019-10-15 20:00:00+00:00,3,25.068,20,1,10,0
2019-10-15 21:00:00+00:00,3,19.818,21,1,10,0
2019-10-15 22:00:00+00:00,0,0.0,22,1,10,0
2019-10-15 23:00:00+00:00,1,2.796,23,1,10,0
2019-10-16 00:00:00+00:00,0,0.0,0,2,10,0
2019-10-16 01:00:00+00:00,0,0.0,1,2,10,0
2019-10-16 02:00:00+00:00,1,5.567,2,2,10,0
2019-10-16 03:00:00+00:00,0,0.0,3,2,10,0
2019-10-16 04:00:00+00:00,0,0.0,4,2,10,0
2019-10-16 05:00:00+00:00,1,15.828,5,2,10,0
2019-10-16 06:00:00+00:00,0,0.0,6,2,10,0
2019-10-16 07:00:00+00:00,0,0.0,7,2,10,0
2019-10-16 08:00:00+00:00,0,0.0,8,2,10,0
2019-10-16 09:00:00+00:00,0,0.0,9,2,10,0
2019-10-16 10:00:00+00:00,0,0.0,10,2,10,0
2019-10-16 11:00:00+00:00,0,0.0,11,2,10,0
2019-10-16 12:00:00+00:00,0,0.0,12,2,10,0
2019-10-16 13:00:00+00:00,0,0.0,13,2,10,0
2019-10-16 14:00:00+00:00,1,1.395,14,2,10,0
2019-10-16 15:00:00+00:00,7,73.072,15,2,10,0
2019-10-16 16:00:00+00:00,8,75.5185964755045,16,2,10,0
2019-10-16 17:00:00+00:00,3,12.523,17,2,10,0
2019-10-16 18:00:00+00:00,5,65.523,18,2,10,0
2019-10-16 19:00:00+00:00,4,20.754,19,2,10,0
2019-10-16 20:00:00+00:00,2,25.057,20,2,10,0
2019-10-16 21:00:00+00:00,0,0.0,21,2,10,0
2019-10-16 22:00:00+00:00,0,0.0,22,2,10,0
2019-10-16 23:00:00+00:00,1,0.872,23,2,10,0
2019-10-17 00:00:00+00:00,2,16.677,0,3,10,0
2019-10-17 01:00:00+00:00,5,40.182,1,3,10,0
2019-10-17 02:00:00+00:00,0,0.0,2,3,10,0
2019-10-17 03:00:00+00:00,0,0.0,3,3,10,0
2019-10-17 04:00:00+00:00,0,0.0,4,3,10,0
2019-10-17 05:00:00+00:00,0,0.0,5,3,10,0
2019-10-17 06:00:00+00:00,0,0.0,6,3,10,0
2019-10-17 07:00:00+00:00,0,0.0,7,3,10,0
2019-10-17 08:00:00+00:00,0,0.0,8,3,10,0
2019-10-17 09:00:00+00:00,0,0.0,9,3,10,0
2019-10-17 10:00:00+00:00,0,0.0,10,3,10,0
2019-10-17 11:00:00+00:00,0,0.0,11,3,10,0
2019-10-17 12:00:00+00:00,0,0.0,12,3,10,0
2019-10-17 13:00:00+00:00,0,0.0,13,3,10,0
2019-10-17 14:00:00+00:00,1,0.834,14,3,10,0
2019-10-17 15:00:00+00:00,6,45.783,15,3,10,0
2019-10-17 16:00:00+00:00,11,104.246,16,3,10,0
2019-10-17 17:00:00+00:00,2,56.288,17,3,10,0
2019-10-17 18:00:00+00:00,3,4.126,18,3,10,0
2019-10-17 19:00:00+00:00,4,8.111,19,3,10,0
2019-10-17 20:00:00+00:00,1,27.875,20,3,10,0
2019-10-17 21:00:00+00:00,0,0.0,21,3,10,0
2019-10-17 22:00:00+00:00,0,0.0,22,3,10,0
2019-10-17 23:00:00+00:00,1,4.642,23,3,10,0
2019-10-18 00:00:00+00:00,1,7.311,0,4,10,0
2019-10-18 01:00:00+00:00,3,64.28399999999999,1,4,10,0
2019-10-18 02:00:00+00:00,1,6.538,2,4,10,0
2019-10-18 03:00:00+00:00,0,0.0,3,4,10,0
2019-10-18 04:00:00+00:00,1,0.977,4,4,10,0
2019-10-18 05:00:00+00:00,2,2.022,5,4,10,0
2019-10-18 06:00:00+00:00,0,0.0,6,4,10,0
2019-10-18 07:00:00+00:00,0,0.0,7,4,10,0
2019-10-18 08:00:00+00:00,0,0.0,8,4,10,0
2019-10-18 09:00:00+00:00,0,0.0,9,4,10,0
2019-10-18 10:00:00+00:00,0,0.0,10,4,10,0
2019-10-18 11:00:00+00:00,0,0.0,11,4,10,0
2019-10-18 12:00:00+00:00,0,0.0,12,4,10,0
2019-10-18 13:00:00+00:00,0,0.0,13,4,10,0
2019-10-18 14:00:00+00:00,1,3.586,14,4,10,0
2019-10-18 15:00:00+00:00,7,51.432,15,4,10,0
2019-10-18 16:00:00+00:00,8,64.296,16,4,10,0
2019-10-18 17:00:00+00:00,8,62.262,17,4,10,0
2019-10-18 18:00:00+00:00,1,6.33,18,4,10,0
2019-10-18 19:00:00+00:00,3,30.819000000000003,19,4,10,0
2019-10-18 20:00:00+00:00,5,14.424,20,4,10,0
2019-10-18 21:00:00+00:00,2,2.706,21,4,10,0
2019-10-18 22:00:00+00:00,1,4.682,22,4,10,0
2019-10-18 23:00:00+00:00,0,0.0,23,4,10,0
2019-10-19 00:00:00+00:00,1,1.887,0,5,10,1
2019-10-19 01:00:00+00:00,1,1.107,1,5,10,1
2019-10-19 02:00:00+00:00,1,0.911,2,5,10,1
2019-10-19 03:00:00+00:00,0,0.0,3,5,10,1
2019-10-19 04:00:00+00:00,0,0.0,4,5,10,1
2019-10-19 05:00:00+00:00,0,0.0,5,5,10,1
2019-10-19 06:00:00+00:00,0,0.0,6,5,10,1
2019-10-19 07:00:00+00:00,0,0.0,7,5,10,1
2019-10-19 08:00:00+00:00,0,0.0,8,5,10,1
2019-10-19 09:00:00+00:00,0,0.0,9,5,10,1
2019-10-19 10:00:00+00:00,0,0.0,10,5,10,1
2019-10-19 11:00:00+00:00,0,0.0,11,5,10,1
2019-10-19 12:00:00+00:00,0,0.0,12,5,10,1
2019-10-19 13:00:00+00:00,0,0.0,13,5,10,1
2019-10-19 14:00:00+00:00,0,0.0,14,5,10,1
2019-10-19 15:00:00+00:00,0,0.0,15,5,10,1
2019-10-19 16:00:00+00:00,1,7.78,16,5,10,1
2019-10-19 17:00:00+00:00,0,0.0,17,5,10,1
2019-10-19 18:00:00+00:00,0,0.0,18,5,10,1
2019-10-19 19:00:00+00:00,4,33.682,19,5,10,1
2019-10-19 20:00:00+00:00,1,5.867,20,5,10,1
2019-10-19 21:00:00+00:00,0,0.0,21,5,10,1
2019-10-19 22:00:00+00:00,1,3.836,22,5,10,1
2019-10-19 23:00:00+00:00,0,0.0,23,5,10,1
2019-10-20 00:00:00+00:00,0,0.0,0,6,10,1
2019-10-20 01:00:00+00:00,0,0.0,1,6,10,1
2019-10-20 02:00:00+00:00,2,9.854,2,6,10,1
2019-10-20 03:00:00+00:00,0,0.0,3,6,10,1
2019-10-20 04:00:00+00:00,0,0.0,4,6,10,1
2019-10-20 05:00:00+00:00,0,0.0,5,6,10,1
2019-10-20 06:00:00+00:00,0,0.0,6,6,10,1
2019-10-20 07:00:00+00:00,0,0.0,7,6,10,1
2019-10-20 08:00:00+00:00,0,0.0,8,6,10,1
2019-10-20 09:00:00+00:00,0,0.0,9,6,10,1
2019-10-20 10:00:00+00:00,0,0.0,10,6,10,1
2019-10-20 11:00:00+00:00,0,0.0,11,6,10,1
2019-10-20 12:00:00+00:00,0,0.0,12,6,10,1
2019-10-20 13:00:00+00:00,0,0.0,13,6,10,1
2019-10-20 14:00:00+00:00,0,0.0,14,6,10,1
2019-10-20 15:00:00+00:00,1,0.897,15,6,10,1
2019-10-20 16:00:00+00:00,1,3.529,16,6,10,1
2019-10-20 17:00:00+00:00,1,17.367,17,6,10,1
2019-10-20 18:00:00+00:00,2,15.11,18,6,10,1
2019-10-20 19:00:00+00:00,1,13.444,19,6,10,1
2019-10-20 20:00:00+00:00,1,0.839,20,6,10,1
2019-10-20 21:00:00+00:00,1,3.788,21,6,10,1
2019-10-20 22:00:00+00:00,0,0.0,22,6,10,1
2019-10-20 23:00:00+00:00,0,0.0,23,6,10,1
2019-10-21 00:00:00+00:00,0,0.0,0,0,10,0
2019-10-21 01:00:00+00:00,0,0.0,1,0,10,0
2019-10-21 02:00:00+00:00,0,0.0,2,0,10,0
2019-10-21 03:00:00+00:00,0,0.0,3,0,10,0
2019-10-21 04:00:00+00:00,0,0.0,4,0,10,0
2019-10-21 05:00:00+00:00,1,57.711,5,0,10,0
2019-10-21 06:00:00+00:00,0,0.0,6,0,10,0
2019-10-21 07:00:00+00:00,0,0.0,7,0,10,0
2019-10-21 08:00:00+00:00,0,0.0,8,0,10,0
2019-10-21 09:00:00+00:00,0,0.0,9,0,10,0
2019-10-21 10:00:00+00:00,0,0.0,10,0,10,0
2019-10-21 11:00:00+00:00,0,0.0,11,0,10,0
2019-10-21 12:00:00+00:00,0,0.0,12,0,10,0
2019-10-21 13:00:00+00:00,0,0.0,13,0,10,0
2019-10-21 14:00:00+00:00,0,0.0,14,0,10,0
2019-10-21 15:00:00+00:00,6,75.008,15,0,10,0
2019-10-21 16:00:00+00:00,8,75.042,16,0,10,0
2019-10-21 17:00:00+00:00,8,39.959,17,0,10,0
2019-10-21 18:00:00+00:00,3,6.487,18,0,10,0
2019-10-21 19:00:00+00:00,1,1.715,19,0,10,0
2019-10-21 20:00:00+00:00,1,0.864,20,0,10,0
2019-10-21 21:00:00+00:00,0,0.0,21,0,10,0
2019-10-21 22:00:00+00:00,2,3.646,22,0,10,0
2019-10-21 23:00:00+00:00,0,0.0,23,0,10,0
2019-10-22 00:00:00+00:00,1,15.614,0,1,10,0
2019-10-22 01:00:00+00:00,1,5.024,1,1,10,0
2019-10-22 02:00:00+00:00,0,0.0,2,1,10,0
2019-10-22 03:00:00+00:00,0,0.0,3,1,10,0
2019-10-22 04:00:00+00:00,1,47.863,4,1,10,0
2019-10-22 05:00:00+00:00,0,0.0,5,1,10,0
2019-10-22 06:00:00+00:00,0,0.0,6,1,10,0
2019-10-22 07:00:00+00:00,0,0.0,7,1,10,0
2019-10-22 08:00:00+00:00,0,0.0,8,1,10,0
2019-10-22 09:00:00+00:00,0,0.0,9,1,10,0
2019-10-22 10:00:00+00:00,0,0.0,10,1,10,0
2019-10-22 11:00:00+00:00,0,0.0,11,1,10,0
2019-10-22 12:00:00+00:00,0,0.0,12,1,10,0
2019-10-22 13:00:00+00:00,0,0.0,13,1,10,0
2019-10-22 14:00:00+00:00,0,0.0,14,1,10,0
2019-10-22 15:00:00+00:00,8,74.745,15,1,10,0
2019-10-22 16:00:00+00:00,10,100.831,16,1,10,0
2019-10-22 17:00:00+00:00,6,31.880000000000003,17,1,10,0
2019-10-22 18:00:00+00:00,6,84.885,18,1,10,0
2019-10-22 19:00:00+00:00,1,6.534,19,1,10,0
2019-10-22 20:00:00+00:00,0,0.0,20,1,10,0
2019-10-22 21:00:00+00:00,6,39.713,21,1,10,0
2019-10-22 22:00:00+00:00,0,0.0,22,1,10,0
2019-10-22 23:00:00+00:00,1,4.68,23,1,10,0
2019-10-23 00:00:00+00:00,2,21.378,0,2,10,0
2019-10-23 01:00:00+00:00,1,7.886,1,2,10,0
2019-10-23 02:00:00+00:00,4,36.084,2,2,10,0
2019-10-23 03:00:00+00:00,1,8.628,3,2,10,0
2019-10-23 04:00:00+00:00,1,8.001,4,2,10,0
2019-10-23 05:00:00+00:00,0,0.0,5,2,10,0
2019-10-23 06:00:00+00:00,0,0.0,6,2,10,0
2019-10-23 07:00:00+00:00,1,0.935,7,2,10,0
2019-10-23 08:00:00+00:00,0,0.0,8,2,10,0
2019-10-23 09:00:00+00:00,0,0.0,9,2,10,0
2019-10-23 10:00:00+00:00,0,0.0,10,2,10,0
2019-10-23 11:00:00+00:00,0,0.0,11,2,10,0
2019-10-23 12:00:00+00:00,0,0.0,12,2,10,0
2019-10-23 13:00:00+00:00,0,0.0,13,2,10,0
2019-10-23 14:00:00+00:00,0,0.0,14,2,10,0
2019-10-23 15:00:00+00:00,8,94.466,15,2,10,0
2019-10-23 16:00:00+00:00,9,72.29599999999999,16,2,10,0
2019-10-23 17:00:00+00:00,6,23.518,17,2,10,0
2019-10-23 18:00:00+00:00,2,13.766,18,2,10,0
2019-10-23 19:00:00+00:00,3,15.005,19,2,10,0
2019-10-23 20:00:00+00:00,3,12.462,20,2,10,0
2019-10-23 21:00:00+00:00,1,15.872,21,2,10,0
2019-10-23 22:00:00+00:00,1,9.906,22,2,10,0
2019-10-23 23:00:00+00:00,1,4.618,23,2,10,0
2019-10-24 00:00:00+00:00,2,16.852,0,3,10,0
2019-10-24 01:00:00+00:00,3,16.131,1,3,10,0
2019-10-24 02:00:00+00:00,1,13.201,2,3,10,0
2019-10-24 03:00:00+00:00,1,14.907,3,3,10,0
2019-10-24 04:00:00+00:00,0,0.0,4,3,10,0
2019-10-24 05:00:00+00:00,0,0.0,5,3,10,0
2019-10-24 06:00:00+00:00,0,0.0,6,3,10,0
2019-10-24 07:00:00+00:00,0,0.0,7,3,10,0
2019-10-24 08:00:00+00:00,0,0.0,8,3,10,0
2019-10-24 09:00:00+00:00,0,0.0,9,3,10,0
2019-10-24 10:00:00+00:00,0,0.0,10,3,10,0
2019-10-24 11:00:00+00:00,0,0.0,11,3,10,0
2019-10-24 12:00:00+00:00,0,0.0,12,3,10,0
2019-10-24 13:00:00+00:00,1,3.753,13,3,10,0
2019-10-24 14:00:00+00:00,0,0.0,14,3,10,0
2019-10-24 15:00:00+00:00,9,74.178,15,3,10,0
2019-10-24 16:00:00+00:00,12,98.594,16,3,10,0
2019-10-24 17:00:00+00:00,6,39.399,17,3,10,0
2019-10-24 18:00:00+00:00,2,41.04223476702452,18,3,10,0
2019-10-24 19:00:00+00:00,4,38.571,19,3,10,0
2019-10-24 20:00:00+00:00,2,3.968,20,3,10,0
2019-10-24 21:00:00+00:00,1,3.483,21,3,10,0
2019-10-24 22:00:00+00:00,1,5.752,22,3,10,0
2019-10-24 23:00:00+00:00,1,4.459,23,3,10,0
2019-10-25 00:00:00+00:00,0,0.0,0,4,10,0
2019-10-25 01:00:00+00:00,4,51.491,1,4,10,0
2019-10-25 02:00:00+00:00,1,5.111,2,4,10,0
2019-10-25 03:00:00+00:00,1,8.256,3,4,10,0
2019-10-25 04:00:00+00:00,1,11.892,4,4,10,0
2019-10-25 05:00:00+00:00,0,0.0,5,4,10,0
2019-10-25 06:00:00+00:00,0,0.0,6,4,10,0
2019-10-25 07:00:00+00:00,0,0.0,7,4,10,0
2019-10-25 08:00:00+00:00,0,0.0,8,4,10,0
2019-10-25 09:00:00+00:00,0,0.0,9,4,10,0
2019-10-25 10:00:00+00:00,0,0.0,10,4,10,0
2019-10-25 11:00:00+00:00,0,0.0,11,4,10,0
2019-10-25 12:00:00+00:00,0,0.0,12,4,10,0
2019-10-25 13:00:00+00:00,0,0.0,13,4,10,0
2019-10-25 14:00:00+00:00,0,0.0,14,4,10,0
2019-10-25 15:00:00+00:00,7,57.215,15,4,10,0
2019-10-25 16:00:00+00:00,12,86.186,16,4,10,0
2019-10-25 17:00:00+00:00,4,54.071,17,4,10,0
2019-10-25 18:00:00+00:00,6,31.387,18,4,10,0
2019-10-25 19:00:00+00:00,2,2.918,19,4,10,0
2019-10-25 20:00:00+00:00,3,34.501,20,4,10,0
2019-10-25 21:00:00+00:00,2,33.464,21,4,10,0
2019-10-25 22:00:00+00:00,2,1.531,22,4,10,0
2019-10-25 23:00:00+00:00,1,1.986,23,4,10,0
2019-10-26 00:00:00+00:00,1,17.873,0,5,10,1
2019-10-26 01:00:00+00:00,0,0.0,1,5,10,1
2019-10-26 02:00:00+00:00,0,0.0,2,5,10,1
2019-10-26 03:00:00+00:00,0,0.0,3,5,10,1
2019-10-26 04:00:00+00:00,1,3.636,4,5,10,1
2019-10-26 05:00:00+00:00,0,0.0,5,5,10,1
2019-10-26 06:00:00+00:00,0,0.0,6,5,10,1
2019-10-26 07:00:00+00:00,1,37.34,7,5,10,1
2019-10-26 08:00:00+00:00,0,0.0,8,5,10,1
2019-10-26 09:00:00+00:00,0,0.0,9,5,10,1
2019-10-26 10:00:00+00:00,0,0.0,10,5,10,1
2019-10-26 11:00:00+00:00,0,0.0,11,5,10,1
2019-10-26 12:00:00+00:00,0,0.0,12,5,10,1
2019-10-26 13:00:00+00:00,0,0.0,13,5,10,1
2019-10-26 14:00:00+00:00,0,0.0,14,5,10,1
2019-10-26 15:00:00+00:00,0,0.0,15,5,10,1
2019-10-26 16:00:00+00:00,0,0.0,16,5,10,1
2019-10-26 17:00:00+00:00,4,52.639,17,5,10,1
2019-10-26 18:00:00+00:00,0,0.0,18,5,10,1
2019-10-26 19:00:00+00:00,1,3.43,19,5,10,1
2019-10-26 20:00:00+00:00,1,10.804,20,5,10,1
2019-10-26 21:00:00+00:00,3,24.145,21,5,10,1
2019-10-26 22:00:00+00:00,0,0.0,22,5,10,1
2019-10-26 23:00:00+00:00,0,0.0,23,5,10,1
2019-10-27 00:00:00+00:00,1,0.859,0,6,10,1
2019-10-27 01:00:00+00:00,1,15.666,1,6,10,1
2019-10-27 02:00:00+00:00,0,0.0,2,6,10,1
2019-10-27 03:00:00+00:00,0,0.0,3,6,10,1
2019-10-27 04:00:00+00:00,0,0.0,4,6,10,1
2019-10-27 05:00:00+00:00,0,0.0,5,6,10,1
2019-10-27 06:00:00+00:00,0,0.0,6,6,10,1
2019-10-27 07:00:00+00:00,0,0.0,7,6,10,1
2019-10-27 08:00:00+00:00,0,0.0,8,6,10,1
2019-10-27 09:00:00+00:00,0,0.0,9,6,10,1
2019-10-27 10:00:00+00:00,0,0.0,10,6,10,1
2019-10-27 11:00:00+00:00,0,0.0,11,6,10,1
2019-10-27 12:00:00+00:00,0,0.0,12,6,10,1
2019-10-27 13:00:00+00:00,0,0.0,13,6,10,1
2019-10-27 14:00:00+00:00,0,0.0,14,6,10,1
2019-10-27 15:00:00+00:00,2,23.398999999999997,15,6,10,1
2019-10-27 16:00:00+00:00,0,0.0,16,6,10,1
2019-10-27 17:00:00+00:00,0,0.0,17,6,10,1
2019-10-27 18:00:00+00:00,2,22.942,18,6,10,1
2019-10-27 19:00:00+00:00,1,16.006,19,6,10,1
2019-10-27 20:00:00+00:00,0,0.0,20,6,10,1
2019-10-27 21:00:00+00:00,0,0.0,21,6,10,1
2019-10-27 22:00:00+00:00,0,0.0,22,6,10,1
2019-10-27 23:00:00+00:00,0,0.0,23,6,10,1
2019-10-28 00:00:00+00:00,2,12.116,0,0,10,0
2019-10-28 01:00:00+00:00,4,85.243,1,0,10,0
2019-10-28 02:00:00+00:00,0,0.0,2,0,10,0
2019-10-28 03:00:00+00:00,0,0.0,3,0,10,0
2019-10-28 04:00:00+00:00,0,0.0,4,0,10,0
2019-10-28 05:00:00+00:00,0,0.0,5,0,10,0
2019-10-28 06:00:00+00:00,0,0.0,6,0,10,0
2019-10-28 07:00:00+00:00,0,0.0,7,0,10,0
2019-10-28 08:00:00+00:00,0,0.0,8,0,10,0
2019-10-28 09:00:00+00:00,0,0.0,9,0,10,0
2019-10-28 10:00:00+00:00,0,0.0,10,0,10,0
2019-10-28 11:00:00+00:00,0,0.0,11,0,10,0
2019-10-28 12:00:00+00:00,0,0.0,12,0,10,0
2019-10-28 13:00:00+00:00,0,0.0,13,0,10,0
2019-10-28 14:00:00+00:00,0,0.0,14,0,10,0
2019-10-28 15:00:00+00:00,9,83.288,15,0,10,0
2019-10-28 16:00:00+00:00,10,125.619,16,0,10,0
2019-10-28 17:00:00+00:00,3,103.994,17,0,10,0
2019-10-28 18:00:00+00:00,3,42.444,18,0,10,0
2019-10-28 19:00:00+00:00,1,6.649,19,0,10,0
2019-10-28 20:00:00+00:00,2,1.7410597371565384,20,0,10,0
2019-10-28 21:00:00+00:00,1,4.05,21,0,10,0
2019-10-28 22:00:00+00:00,4,6.681,22,0,10,0
2019-10-28 23:00:00+00:00,1,1.164,23,0,10,0
2019-10-29 00:00:00+00:00,0,0.0,0,1,10,0
2019-10-29 01:00:00+00:00,2,15.66,1,1,10,0
2019-10-29 02:00:00+00:00,1,20.219,2,1,10,0
2019-10-29 03:00:00+00:00,0,0.0,3,1,10,0
2019-10-29 04:00:00+00:00,0,0.0,4,1,10,0
2019-10-29 05:00:00+00:00,0,0.0,5,1,10,0
2019-10-29 06:00:00+00:00,0,0.0,6,1,10,0
2019-10-29 07:00:00+00:00,1,2.377,7,1,10,0
2019-10-29 08:00:00+00:00,0,0.0,8,1,10,0
2019-10-29 09:00:00+00:00,0,0.0,9,1,10,0
2019-10-29 10:00:00+00:00,0,0.0,10,1,10,0
2019-10-29 11:00:00+00:00,0,0.0,11,1,10,0
2019-10-29 12:00:00+00:00,0,0.0,12,1,10,0
2019-10-29 13:00:00+00:00,0,0.0,13,1,10,0
2019-10-29 14:00:00+00:00,1,3.144,14,1,10,0
2019-10-29 15:00:00+00:00,6,114.558,15,1,10,0
2019-10-29 16:00:00+00:00,13,141.357,16,1,10,0
2019-10-29 17:00:00+00:00,8,56.090209677416325,17,1,10,0
2019-10-29 18:00:00+00:00,0,0.0,18,1,10,0
2019-10-29 19:00:00+00:00,2,14.167,19,1,10,0
2019-10-29 20:00:00+00:00,5,10.797,20,1,10,0
2019-10-29 21:00:00+00:00,0,0.0,21,1,10,0
2019-10-29 22:00:00+00:00,4,28.775,22,1,10,0
2019-10-29 23:00:00+00:00,2,12.523,23,1,10,0
2019-10-30 00:00:00+00:00,4,46.617,0,2,10,0
2019-10-30 01:00:00+00:00,2,12.766,1,2,10,0
2019-10-30 02:00:00+00:00,1,4.317,2,2,10,0
2019-10-30 03:00:00+00:00,1,6.716,3,2,10,0
2019-10-30 04:00:00+00:00,0,0.0,4,2,10,0
2019-10-30 05:00:00+00:00,0,0.0,5,2,10,0
2019-10-30 06:00:00+00:00,0,0.0,6,2,10,0
2019-10-30 07:00:00+00:00,0,0.0,7,2,10,0
2019-10-30 08:00:00+00:00,0,0.0,8,2,10,0
2019-10-30 09:00:00+00:00,0,0.0,9,2,10,0
2019-10-30 10:00:00+00:00,0,0.0,10,2,10,0
2019-10-30 11:00:00+00:00,0,0.0,11,2,10,0
2019-10-30 12:00:00+00:00,0,0.0,12,2,10,0
2019-10-30 13:00:00+00:00,0,0.0,13,2,10,0
2019-10-30 14:00:00+00:00,0,0.0,14,2,10,0
2019-10-30 15:00:00+00:00,8,25.415,15,2,10,0
2019-10-30 16:00:00+00:00,7,99.065,16,2,10,0
2019-10-30 17:00:00+00:00,4,26.967,17,2,10,0
2019-10-30 18:00:00+00:00,2,23.866999999999997,18,2,10,0
2019-10-30 19:00:00+00:00,2,3.021,19,2,10,0
2019-10-30 20:00:00+00:00,6,41.803,20,2,10,0
2019-10-30 21:00:00+00:00,1,0.829,21,2,10,0
2019-10-30 22:00:00+00:00,0,0.0,22,2,10,0
2019-10-30 23:00:00+00:00,0,0.0,23,2,10,0
2019-10-31 00:00:00+00:00,1,15.828,0,3,10,0
2019-10-31 01:00:00+00:00,2,18.761,1,3,10,0
2019-10-31 02:00:00+00:00,1,4.825,2,3,10,0
2019-10-31 03:00:00+00:00,1,44.804,3,3,10,0
2019-10-31 04:00:00+00:00,0,0.0,4,3,10,0
2019-10-31 05:00:00+00:00,0,0.0,5,3,10,0
2019-10-31 06:00:00+00:00,0,0.0,6,3,10,0
2019-10-31 07:00:00+00:00,0,0.0,7,3,10,0
2019-10-31 08:00:00+00:00,0,0.0,8,3,10,0
2019-10-31 09:00:00+00:00,0,0.0,9,3,10,0
2019-10-31 10:00:00+00:00,0,0.0,10,3,10,0
2019-10-31 11:00:00+00:00,0,0.0,11,3,10,0
2019-10-31 12:00:00+00:00,0,0.0,12,3,10,0
2019-10-31 13:00:00+00:00,0,0.0,13,3,10,0
2019-10-31 14:00:00+00:00,0,0.0,14,3,10,0
2019-10-31 15:00:00+00:00,4,30.611,15,3,10,0
2019-10-31 16:00:00+00:00,8,74.239,16,3,10,0
2019-10-31 17:00:00+00:00,0,0.0,17,3,10,0
2019-10-31 18:00:00+00:00,1,30.123,18,3,10,0
2019-10-31 19:00:00+00:00,3,7.02,19,3,10,0
2019-10-31 20:00:00+00:00,2,6.5409999999999995,20,3,10,0
2019-10-31 21:00:00+00:00,1,0.963,21,3,10,0
2019-10-31 22:00:00+00:00,0,0.0,22,3,10,0
2019-10-31 23:00:00+00:00,0,0.0,23,3,10,0
2019-11-01 00:00:00+00:00,1,3.914,0,4,11,0
2019-11-01 01:00:00+00:00,1,15.169,1,4,11,0
2019-11-01 02:00:00+00:00,0,0.0,2,4,11,0
2019-11-01 03:00:00+00:00,1,8.359,3,4,11,0
2019-11-01 04:00:00+00:00,0,0.0,4,4,11,0
2019-11-01 05:00:00+00:00,0,0.0,5,4,11,0
2019-11-01 06:00:00+00:00,0,0.0,6,4,11,0
2019-11-01 07:00:00+00:00,0,0.0,7,4,11,0
2019-11-01 08:00:00+00:00,0,0.0,8,4,11,0
2019-11-01 09:00:00+00:00,0,0.0,9,4,11,0
2019-11-01 10:00:00+00:00,0,0.0,10,4,11,0
2019-11-01 11:00:00+00:00,0,0.0,11,4,11,0
2019-11-01 12:00:00+00:00,0,0.0,12,4,11,0
2019-11-01 13:00:00+00:00,0,0.0,13,4,11,0
2019-11-01 14:00:00+00:00,3,16.937,14,4,11,0
2019-11-01 15:00:00+00:00,2,25.430999999999997,15,4,11,0
2019-11-01 16:00:00+00:00,11,140.04,16,4,11,0
2019-11-01 17:00:00+00:00,6,44.742,17,4,11,0
2019-11-01 18:00:00+00:00,3,23.457,18,4,11,0
2019-11-01 19:00:00+00:00,3,9.794,19,4,11,0
2019-11-01 20:00:00+00:00,3,16.248,20,4,11,0
2019-11-01 21:00:00+00:00,4,38.060808888888886,21,4,11,0
2019-11-01 22:00:00+00:00,0,0.0,22,4,11,0
2019-11-01 23:00:00+00:00,1,17.85,23,4,11,0
2019-11-02 00:00:00+00:00,0,0.0,0,5,11,1
2019-11-02 01:00:00+00:00,2,46.452,1,5,11,1
2019-11-02 02:00:00+00:00,2,24.03,2,5,11,1
2019-11-02 03:00:00+00:00,0,0.0,3,5,11,1
2019-11-02 04:00:00+00:00,0,0.0,4,5,11,1
2019-11-02 05:00:00+00:00,0,0.0,5,5,11,1
2019-11-02 06:00:00+00:00,0,0.0,6,5,11,1
2019-11-02 07:00:00+00:00,0,0.0,7,5,11,1
2019-11-02 08:00:00+00:00,0,0.0,8,5,11,1
2019-11-02 09:00:00+00:00,0,0.0,9,5,11,1
2019-11-02 10:00:00+00:00,0,0.0,10,5,11,1
2019-11-02 11:00:00+00:00,0,0.0,11,5,11,1
2019-11-02 12:00:00+00:00,0,0.0,12,5,11,1
2019-11-02 13:00:00+00:00,0,0.0,13,5,11,1
2019-11-02 14:00:00+00:00,0,0.0,14,5,11,1
2019-11-02 15:00:00+00:00,1,11.711,15,5,11,1
2019-11-02 16:00:00+00:00,2,4.875,16,5,11,1
2019-11-02 17:00:00+00:00,3,15.806,17,5,11,1
2019-11-02 18:00:00+00:00,0,0.0,18,5,11,1
2019-11-02 19:00:00+00:00,2,5.276,19,5,11,1
2019-11-02 20:00:00+00:00,0,0.0,20,5,11,1
2019-11-02 21:00:00+00:00,0,0.0,21,5,11,1
2019-11-02 22:00:00+00:00,0,0.0,22,5,11,1
2019-11-02 23:00:00+00:00,0,0.0,23,5,11,1
2019-11-03 00:00:00+00:00,0,0.0,0,6,11,1
2019-11-03 01:00:00+00:00,0,0.0,1,6,11,1
2019-11-03 02:00:00+00:00,0,0.0,2,6,11,1
2019-11-03 03:00:00+00:00,0,0.0,3,6,11,1
2019-11-03 04:00:00+00:00,0,0.0,4,6,11,1
2019-11-03 05:00:00+00:00,0,0.0,5,6,11,1
2019-11-03 06:00:00+00:00,0,0.0,6,6,11,1
2019-11-03 07:00:00+00:00,0,0.0,7,6,11,1
2019-11-03 08:00:00+00:00,0,0.0,8,6,11,1
2019-11-03 09:00:00+00:00,0,0.0,9,6,11,1
2019-11-03 10:00:00+00:00,0,0.0,10,6,11,1
2019-11-03 11:00:00+00:00,0,0.0,11,6,11,1
2019-11-03 12:00:00+00:00,0,0.0,12,6,11,1
2019-11-03 13:00:00+00:00,0,0.0,13,6,11,1
2019-11-03 14:00:00+00:00,0,0.0,14,6,11,1
2019-11-03 15:00:00+00:00,0,0.0,15,6,11,1
2019-11-03 16:00:00+00:00,0,0.0,16,6,11,1
2019-11-03 17:00:00+00:00,2,49.004000000000005,17,6,11,1
2019-11-03 18:00:00+00:00,2,14.292,18,6,11,1
2019-11-03 19:00:00+00:00,1,10.246,19,6,11,1
2019-11-03 20:00:00+00:00,2,13.051,20,6,11,1
2019-11-03 21:00:00+00:00,0,0.0,21,6,11,1
2019-11-03 22:00:00+00:00,0,0.0,22,6,11,1
2019-11-03 23:00:00+00:00,1,5.913,23,6,11,1
2019-11-04 00:00:00+00:00,0,0.0,0,0,11,0
2019-11-04 01:00:00+00:00,1,14.804,1,0,11,0
2019-11-04 02:00:00+00:00,0,0.0,2,0,11,0
2019-11-04 03:00:00+00:00,1,13.082,3,0,11,0
2019-11-04 04:00:00+00:00,0,0.0,4,0,11,0
2019-11-04 05:00:00+00:00,0,0.0,5,0,11,0
2019-11-04 06:00:00+00:00,0,0.0,6,0,11,0
2019-11-04 07:00:00+00:00,0,0.0,7,0,11,0
2019-11-04 08:00:00+00:00,0,0.0,8,0,11,0
2019-11-04 09:00:00+00:00,0,0.0,9,0,11,0
2019-11-04 10:00:00+00:00,0,0.0,10,0,11,0
2019-11-04 11:00:00+00:00,0,0.0,11,0,11,0
2019-11-04 12:00:00+00:00,0,0.0,12,0,11,0
2019-11-04 13:00:00+00:00,0,0.0,13,0,11,0
2019-11-04 14:00:00+00:00,0,0.0,14,0,11,0
2019-11-04 15:00:00+00:00,1,8.9,15,0,11,0
2019-11-04 16:00:00+00:00,7,88.596,16,0,11,0
2019-11-04 17:00:00+00:00,10,165.849,17,0,11,0
2019-11-04 18:00:00+00:00,6,63.193,18,0,11,0
2019-11-04 19:00:00+00:00,2,2.194,19,0,11,0
2019-11-04 20:00:00+00:00,4,18.463,20,0,11,0
2019-11-04 21:00:00+00:00,2,1.594,21,0,11,0
2019-11-04 22:00:00+00:00,3,3.223,22,0,11,0
2019-11-04 23:00:00+00:00,1,0.682,23,0,11,0
2019-11-05 00:00:00+00:00,0,0.0,0,1,11,0
2019-11-05 01:00:00+00:00,1,14.898,1,1,11,0
2019-11-05 02:00:00+00:00,2,16.261,2,1,11,0
2019-11-05 03:00:00+00:00,1,0.893,3,1,11,0
2019-11-05 04:00:00+00:00,0,0.0,4,1,11,0
2019-11-05 05:00:00+00:00,0,0.0,5,1,11,0
2019-11-05 06:00:00+00:00,0,0.0,6,1,11,0
2019-11-05 07:00:00+00:00,0,0.0,7,1,11,0
2019-11-05 08:00:00+00:00,0,0.0,8,1,11,0
2019-11-05 09:00:00+00:00,0,0.0,9,1,11,0
2019-11-05 10:00:00+00:00,0,0.0,10,1,11,0
2019-11-05 11:00:00+00:00,0,0.0,11,1,11,0
2019-11-05 12:00:00+00:00,0,0.0,12,1,11,0
2019-11-05 13:00:00+00:00,0,0.0,13,1,11,0
2019-11-05 14:00:00+00:00,0,0.0,14,1,11,0
2019-11-05 15:00:00+00:00,1,0.871,15,1,11,0
2019-11-05 16:00:00+00:00,9,88.178,16,1,11,0
2019-11-05 17:00:00+00:00,10,50.059,17,1,11,0
2019-11-05 18:00:00+00:00,5,55.175,18,1,11,0
2019-11-05 19:00:00+00:00,2,57.414,19,1,11,0
2019-11-05 20:00:00+00:00,2,8.426,20,1,11,0
2019-11-05 21:00:00+00:00,3,17.533,21,1,11,0
2019-11-05 22:00:00+00:00,2,2.6830000000000003,22,1,11,0
2019-11-05 23:00:00+00:00,1,5.89,23,1,11,0
2019-11-06 00:00:00+00:00,1,2.574,0,2,11,0
2019-11-06 01:00:00+00:00,2,17.467000000000002,1,2,11,0
2019-11-06 02:00:00+00:00,0,0.0,2,2,11,0
2019-11-06 03:00:00+00:00,0,0.0,3,2,11,0
2019-11-06 04:00:00+00:00,0,0.0,4,2,11,0
2019-11-06 05:00:00+00:00,0,0.0,5,2,11,0
2019-11-06 06:00:00+00:00,0,0.0,6,2,11,0
2019-11-06 07:00:00+00:00,0,0.0,7,2,11,0
2019-11-06 08:00:00+00:00,0,0.0,8,2,11,0
2019-11-06 09:00:00+00:00,0,0.0,9,2,11,0
2019-11-06 10:00:00+00:00,0,0.0,10,2,11,0
2019-11-06 11:00:00+00:00,0,0.0,11,2,11,0
2019-11-06 12:00:00+00:00,0,0.0,12,2,11,0
2019-11-06 13:00:00+00:00,0,0.0,13,2,11,0
2019-11-06 14:00:00+00:00,0,0.0,14,2,11,0
2019-11-06 15:00:00+00:00,2,1.792,15,2,11,0
2019-11-06 16:00:00+00:00,5,48.232,16,2,11,0
2019-11-06 17:00:00+00:00,12,59.423,17,2,11,0
2019-11-06 18:00:00+00:00,4,44.08,18,2,11,0
2019-11-06 19:00:00+00:00,0,0.0,19,2,11,0
2019-11-06 20:00:00+00:00,2,32.044,20,2,11,0
2019-11-06 21:00:00+00:00,6,53.937,21,2,11,0
2019-11-06 22:00:00+00:00,2,3.245,22,2,11,0
2019-11-06 23:00:00+00:00,0,0.0,23,2,11,0
2019-11-07 00:00:00+00:00,0,0.0,0,3,11,0
2019-11-07 01:00:00+00:00,0,0.0,1,3,11,0
2019-11-07 02:00:00+00:00,1,5.455,2,3,11,0
2019-11-07 03:00:00+00:00,0,0.0,3,3,11,0
2019-11-07 04:00:00+00:00,0,0.0,4,3,11,0
2019-11-07 05:00:00+00:00,0,0.0,5,3,11,0
2019-11-07 06:00:00+00:00,0,0.0,6,3,11,0
2019-11-07 07:00:00+00:00,0,0.0,7,3,11,0
2019-11-07 08:00:00+00:00,0,0.0,8,3,11,0
2019-11-07 09:00:00+00:00,0,0.0,9,3,11,0
2019-11-07 10:00:00+00:00,0,0.0,10,3,11,0
2019-11-07 11:00:00+00:00,0,0.0,11,3,11,0
2019-11-07 12:00:00+00:00,0,0.0,12,3,11,0
2019-11-07 13:00:00+00:00,0,0.0,13,3,11,0
2019-11-07 14:00:00+00:00,0,0.0,14,3,11,0
2019-11-07 15:00:00+00:00,1,0.914,15,3,11,0
2019-11-07 16:00:00+00:00,6,37.849,16,3,11,0
2019-11-07 17:00:00+00:00,11,93.195,17,3,11,0
2019-11-07 18:00:00+00:00,7,23.414,18,3,11,0
2019-11-07 19:00:00+00:00,6,25.24,19,3,11,0
2019-11-07 20:00:00+00:00,2,7.846,20,3,11,0
2019-11-07 21:00:00+00:00,3,40.044,21,3,11,0
2019-11-07 22:00:00+00:00,2,7.156,22,3,11,0
2019-11-07 23:00:00+00:00,3,28.428,23,3,11,0
2019-11-08 00:00:00+00:00,1,0.579,0,4,11,0
2019-11-08 01:00:00+00:00,2,27.409,1,4,11,0
2019-11-08 02:00:00+00:00,1,14.999,2,4,11,0
2019-11-08 03:00:00+00:00,0,0.0,3,4,11,0
2019-11-08 04:00:00+00:00,1,8.941,4,4,11,0
2019-11-08 05:00:00+00:00,0,0.0,5,4,11,0
2019-11-08 06:00:00+00:00,0,0.0,6,4,11,0
2019-11-08 07:00:00+00:00,0,0.0,7,4,11,0
2019-11-08 08:00:00+00:00,1,43.297,8,4,11,0
2019-11-08 09:00:00+00:00,0,0.0,9,4,11,0
2019-11-08 10:00:00+00:00,0,0.0,10,4,11,0
2019-11-08 11:00:00+00:00,0,0.0,11,4,11,0
2019-11-08 12:00:00+00:00,0,0.0,12,4,11,0
2019-11-08 13:00:00+00:00,0,0.0,13,4,11,0
2019-11-08 14:00:00+00:00,0,0.0,14,4,11,0
2019-11-08 15:00:00+00:00,0,0.0,15,4,11,0
2019-11-08 16:00:00+00:00,10,130.07562694444445,16,4,11,0
2019-11-08 17:00:00+00:00,15,154.454,17,4,11,0
2019-11-08 18:00:00+00:00,2,22.857,18,4,11,0
2019-11-08 19:00:00+00:00,3,57.60399999999999,19,4,11,0
2019-11-08 20:00:00+00:00,1,7.044,20,4,11,0
2019-11-08 21:00:00+00:00,1,0.992,21,4,11,0
2019-11-08 22:00:00+00:00,2,9.493,22,4,11,0
2019-11-08 23:00:00+00:00,0,0.0,23,4,11,0
2019-11-09 00:00:00+00:00,0,0.0,0,5,11,1
2019-11-09 01:00:00+00:00,0,0.0,1,5,11,1
2019-11-09 02:00:00+00:00,0,0.0,2,5,11,1
2019-11-09 03:00:00+00:00,0,0.0,3,5,11,1
2019-11-09 04:00:00+00:00,0,0.0,4,5,11,1
2019-11-09 05:00:00+00:00,0,0.0,5,5,11,1
2019-11-09 06:00:00+00:00,0,0.0,6,5,11,1
2019-11-09 07:00:00+00:00,0,0.0,7,5,11,1
2019-11-09 08:00:00+00:00,0,0.0,8,5,11,1
2019-11-09 09:00:00+00:00,0,0.0,9,5,11,1
2019-11-09 10:00:00+00:00,0,0.0,10,5,11,1
2019-11-09 11:00:00+00:00,0,0.0,11,5,11,1
2019-11-09 12:00:00+00:00,0,0.0,12,5,11,1
2019-11-09 13:00:00+00:00,0,0.0,13,5,11,1
2019-11-09 14:00:00+00:00,0,0.0,14,5,11,1
2019-11-09 15:00:00+00:00,0,0.0,15,5,11,1
2019-11-09 16:00:00+00:00,2,8.266,16,5,11,1
2019-11-09 17:00:00+00:00,0,0.0,17,5,11,1
2019-11-09 18:00:00+00:00,1,5.854,18,5,11,1
2019-11-09 19:00:00+00:00,0,0.0,19,5,11,1
2019-11-09 20:00:00+00:00,0,0.0,20,5,11,1
2019-11-09 21:00:00+00:00,1,1.245,21,5,11,1
2019-11-09 22:00:00+00:00,0,0.0,22,5,11,1
2019-11-09 23:00:00+00:00,1,0.86,23,5,11,1
2019-11-10 00:00:00+00:00,1,1.863,0,6,11,1
2019-11-10 01:00:00+00:00,1,7.85,1,6,11,1
2019-11-10 02:00:00+00:00,1,13.652,2,6,11,1
2019-11-10 03:00:00+00:00,1,6.857,3,6,11,1
2019-11-10 04:00:00+00:00,0,0.0,4,6,11,1
2019-11-10 05:00:00+00:00,0,0.0,5,6,11,1
2019-11-10 06:00:00+00:00,0,0.0,6,6,11,1
2019-11-10 07:00:00+00:00,0,0.0,7,6,11,1
2019-11-10 08:00:00+00:00,1,47.33,8,6,11,1
2019-11-10 09:00:00+00:00,0,0.0,9,6,11,1
2019-11-10 10:00:00+00:00,0,0.0,10,6,11,1
2019-11-10 11:00:00+00:00,0,0.0,11,6,11,1
2019-11-10 12:00:00+00:00,0,0.0,12,6,11,1
2019-11-10 13:00:00+00:00,0,0.0,13,6,11,1
2019-11-10 14:00:00+00:00,0,0.0,14,6,11,1
2019-11-10 15:00:00+00:00,0,0.0,15,6,11,1
2019-11-10 16:00:00+00:00,1,3.875,16,6,11,1
2019-11-10 17:00:00+00:00,1,39.88,17,6,11,1
2019-11-10 18:00:00+00:00,1,7.827,18,6,11,1
2019-11-10 19:00:00+00:00,3,38.255,19,6,11,1
2019-11-10 20:00:00+00:00,0,0.0,20,6,11,1
2019-11-10 21:00:00+00:00,1,15.878,21,6,11,1
2019-11-10 22:00:00+00:00,1,8.181,22,6,11,1
2019-11-10 23:00:00+00:00,0,0.0,23,6,11,1
2019-11-11 00:00:00+00:00,1,2.435,0,0,11,0
2019-11-11 01:00:00+00:00,0,0.0,1,0,11,0
2019-11-11 02:00:00+00:00,0,0.0,2,0,11,0
2019-11-11 03:00:00+00:00,0,0.0,3,0,11,0
2019-11-11 04:00:00+00:00,0,0.0,4,0,11,0
2019-11-11 05:00:00+00:00,0,0.0,5,0,11,0
2019-11-11 06:00:00+00:00,0,0.0,6,0,11,0
2019-11-11 07:00:00+00:00,0,0.0,7,0,11,0
2019-11-11 08:00:00+00:00,0,0.0,8,0,11,0
2019-11-11 09:00:00+00:00,0,0.0,9,0,11,0
2019-11-11 10:00:00+00:00,0,0.0,10,0,11,0
2019-11-11 11:00:00+00:00,0,0.0,11,0,11,0
2019-11-11 12:00:00+00:00,0,0.0,12,0,11,0
2019-11-11 13:00:00+00:00,0,0.0,13,0,11,0
2019-11-11 14:00:00+00:00,0,0.0,14,0,11,0
2019-11-11 15:00:00+00:00,2,46.002,15,0,11,0
2019-11-11 16:00:00+00:00,7,65.659,16,0,11,0
2019-11-11 17:00:00+00:00,10,99.221,17,0,11,0
2019-11-11 18:00:00+00:00,8,87.43321385901402,18,0,11,0
2019-11-11 19:00:00+00:00,3,49.653,19,0,11,0
2019-11-11 20:00:00+00:00,2,2.713,20,0,11,0
2019-11-11 21:00:00+00:00,0,0.0,21,0,11,0
2019-11-11 22:00:00+00:00,2,5.585000000000001,22,0,11,0
2019-11-11 23:00:00+00:00,2,7.539,23,0,11,0
2019-11-12 00:00:00+00:00,1,0.88,0,1,11,0
2019-11-12 01:00:00+00:00,2,31.400999999999996,1,1,11,0
2019-11-12 02:00:00+00:00,1,7.643,2,1,11,0
2019-11-12 03:00:00+00:00,0,0.0,3,1,11,0
2019-11-12 04:00:00+00:00,0,0.0,4,1,11,0
2019-11-12 05:00:00+00:00,0,0.0,5,1,11,0
2019-11-12 06:00:00+00:00,0,0.0,6,1,11,0
2019-11-12 07:00:00+00:00,0,0.0,7,1,11,0
2019-11-12 08:00:00+00:00,0,0.0,8,1,11,0
2019-11-12 09:00:00+00:00,0,0.0,9,1,11,0
2019-11-12 10:00:00+00:00,0,0.0,10,1,11,0
2019-11-12 11:00:00+00:00,0,0.0,11,1,11,0
2019-11-12 12:00:00+00:00,0,0.0,12,1,11,0
2019-11-12 13:00:00+00:00,0,0.0,13,1,11,0
2019-11-12 14:00:00+00:00,0,0.0,14,1,11,0
2019-11-12 15:00:00+00:00,3,31.976,15,1,11,0
2019-11-12 16:00:00+00:00,8,110.373,16,1,11,0
2019-11-12 17:00:00+00:00,11,167.591,17,1,11,0
2019-11-12 18:00:00+00:00,5,36.606,18,1,11,0
2019-11-12 19:00:00+00:00,1,35.183,19,1,11,0
2019-11-12 20:00:00+00:00,2,41.826,20,1,11,0
2019-11-12 21:00:00+00:00,3,9.936,21,1,11,0
2019-11-12 22:00:00+00:00,1,6.19,22,1,11,0
2019-11-12 23:00:00+00:00,1,15.756,23,1,11,0
2019-11-13 00:00:00+00:00,2,7.004,0,2,11,0
2019-11-13 01:00:00+00:00,1,8.496,1,2,11,0
2019-11-13 02:00:00+00:00,2,15.398,2,2,11,0
2019-11-13 03:00:00+00:00,1,16.103,3,2,11,0
2019-11-13 04:00:00+00:00,1,9.665,4,2,11,0
2019-11-13 05:00:00+00:00,0,0.0,5,2,11,0
2019-11-13 06:00:00+00:00,1,0.968,6,2,11,0
2019-11-13 07:00:00+00:00,0,0.0,7,2,11,0
2019-11-13 08:00:00+00:00,0,0.0,8,2,11,0
2019-11-13 09:00:00+00:00,0,0.0,9,2,11,0
2019-11-13 10:00:00+00:00,0,0.0,10,2,11,0
2019-11-13 11:00:00+00:00,0,0.0,11,2,11,0
2019-11-13 12:00:00+00:00,0,0.0,12,2,11,0
2019-11-13 13:00:00+00:00,0,0.0,13,2,11,0
2019-11-13 14:00:00+00:00,1,0.97,14,2,11,0
2019-11-13 15:00:00+00:00,2,1.739,15,2,11,0
2019-11-13 16:00:00+00:00,6,34.52341583333333,16,2,11,0
2019-11-13 17:00:00+00:00,10,81.772,17,2,11,0
2019-11-13 18:00:00+00:00,4,26.601,18,2,11,0
2019-11-13 19:00:00+00:00,2,2.896,19,2,11,0
2019-11-13 20:00:00+00:00,2,8.431999999999999,20,2,11,0
2019-11-13 21:00:00+00:00,1,0.897,21,2,11,0
2019-11-13 22:00:00+00:00,5,30.537,22,2,11,0
2019-11-13 23:00:00+00:00,0,0.0,23,2,11,0
2019-11-14 00:00:00+00:00,0,0.0,0,3,11,0
2019-11-14 01:00:00+00:00,1,0.88,1,3,11,0
2019-11-14 02:00:00+00:00,1,0.864,2,3,11,0
2019-11-14 03:00:00+00:00,0,0.0,3,3,11,0
2019-11-14 04:00:00+00:00,0,0.0,4,3,11,0
2019-11-14 05:00:00+00:00,0,0.0,5,3,11,0
2019-11-14 06:00:00+00:00,0,0.0,6,3,11,0
2019-11-14 07:00:00+00:00,0,0.0,7,3,11,0
2019-11-14 08:00:00+00:00,0,0.0,8,3,11,0
2019-11-14 09:00:00+00:00,0,0.0,9,3,11,0
2019-11-14 10:00:00+00:00,0,0.0,10,3,11,0
2019-11-14 11:00:00+00:00,0,0.0,11,3,11,0
2019-11-14 12:00:00+00:00,0,0.0,12,3,11,0
2019-11-14 13:00:00+00:00,0,0.0,13,3,11,0
2019-11-14 14:00:00+00:00,0,0.0,14,3,11,0
2019-11-14 15:00:00+00:00,2,19.528,15,3,11,0
2019-11-14 16:00:00+00:00,10,76.392,16,3,11,0
2019-11-14 17:00:00+00:00,8,62.941,17,3,11,0
2019-11-14 18:00:00+00:00,6,41.072,18,3,11,0
2019-11-14 19:00:00+00:00,0,0.0,19,3,11,0
2019-11-14 20:00:00+00:00,3,3.776,20,3,11,0
2019-11-14 21:00:00+00:00,2,2.2634274193545374,21,3,11,0
2019-11-14 22:00:00+00:00,0,0.0,22,3,11,0
2019-11-14 23:00:00+00:00,0,0.0,23,3,11,0
2019-11-15 00:00:00+00:00,2,11.382,0,4,11,0
2019-11-15 01:00:00+00:00,0,0.0,1,4,11,0
2019-11-15 02:00:00+00:00,2,33.447,2,4,11,0
2019-11-15 03:00:00+00:00,1,2.073,3,4,11,0
2019-11-15 04:00:00+00:00,1,7.372,4,4,11,0
2019-11-15 05:00:00+00:00,0,0.0,5,4,11,0
2019-11-15 06:00:00+00:00,0,0.0,6,4,11,0
2019-11-15 07:00:00+00:00,0,0.0,7,4,11,0
2019-11-15 08:00:00+00:00,0,0.0,8,4,11,0
2019-11-15 09:00:00+00:00,0,0.0,9,4,11,0
2019-11-15 10:00:00+00:00,0,0.0,10,4,11,0
2019-11-15 11:00:00+00:00,0,0.0,11,4,11,0
2019-11-15 12:00:00+00:00,0,0.0,12,4,11,0
2019-11-15 13:00:00+00:00,0,0.0,13,4,11,0
2019-11-15 14:00:00+00:00,1,0.961,14,4,11,0
2019-11-15 15:00:00+00:00,0,0.0,15,4,11,0
2019-11-15 16:00:00+00:00,4,27.529,16,4,11,0
2019-11-15 17:00:00+00:00,14,119.484,17,4,11,0
2019-11-15 18:00:00+00:00,6,63.273,18,4,11,0
2019-11-15 19:00:00+00:00,0,0.0,19,4,11,0
2019-11-15 20:00:00+00:00,1,0.84,20,4,11,0
2019-11-15 21:00:00+00:00,1,4.014,21,4,11,0
2019-11-15 22:00:00+00:00,2,26.309,22,4,11,0
2019-11-15 23:00:00+00:00,0,0.0,23,4,11,0
2019-11-16 00:00:00+00:00,1,4.682,0,5,11,1
2019-11-16 01:00:00+00:00,2,39.771,1,5,11,1
2019-11-16 02:00:00+00:00,0,0.0,2,5,11,1
2019-11-16 03:00:00+00:00,0,0.0,3,5,11,1
2019-11-16 04:00:00+00:00,0,0.0,4,5,11,1
2019-11-16 05:00:00+00:00,1,5.066,5,5,11,1
2019-11-16 06:00:00+00:00,0,0.0,6,5,11,1
2019-11-16 07:00:00+00:00,0,0.0,7,5,11,1
2019-11-16 08:00:00+00:00,0,0.0,8,5,11,1
2019-11-16 09:00:00+00:00,0,0.0,9,5,11,1
2019-11-16 10:00:00+00:00,0,0.0,10,5,11,1
2019-11-16 11:00:00+00:00,0,0.0,11,5,11,1
2019-11-16 12:00:00+00:00,0,0.0,12,5,11,1
2019-11-16 13:00:00+00:00,0,0.0,13,5,11,1
2019-11-16 14:00:00+00:00,0,0.0,14,5,11,1
2019-11-16 15:00:00+00:00,0,0.0,15,5,11,1
2019-11-16 16:00:00+00:00,1,0.8804033333333334,16,5,11,1
2019-11-16 17:00:00+00:00,3,39.394000000000005,17,5,11,1
2019-11-16 18:00:00+00:00,2,10.197,18,5,11,1
2019-11-16 19:00:00+00:00,1,9.086,19,5,11,1
2019-11-16 20:00:00+00:00,0,0.0,20,5,11,1
2019-11-16 21:00:00+00:00,0,0.0,21,5,11,1
2019-11-16 22:00:00+00:00,2,10.354,22,5,11,1
2019-11-16 23:00:00+00:00,1,11.83,23,5,11,1
2019-11-17 00:00:00+00:00,0,0.0,0,6,11,1
2019-11-17 01:00:00+00:00,0,0.0,1,6,11,1
2019-11-17 02:00:00+00:00,1,18.591,2,6,11,1
2019-11-17 03:00:00+00:00,0,0.0,3,6,11,1
2019-11-17 04:00:00+00:00,0,0.0,4,6,11,1
2019-11-17 05:00:00+00:00,0,0.0,5,6,11,1
2019-11-17 06:00:00+00:00,0,0.0,6,6,11,1
2019-11-17 07:00:00+00:00,0,0.0,7,6,11,1
2019-11-17 08:00:00+00:00,0,0.0,8,6,11,1
2019-11-17 09:00:00+00:00,0,0.0,9,6,11,1
2019-11-17 10:00:00+00:00,0,0.0,10,6,11,1
2019-11-17 11:00:00+00:00,0,0.0,11,6,11,1
2019-11-17 12:00:00+00:00,0,0.0,12,6,11,1
2019-11-17 13:00:00+00:00,0,0.0,13,6,11,1
2019-11-17 14:00:00+00:00,0,0.0,14,6,11,1
2019-11-17 15:00:00+00:00,0,0.0,15,6,11,1
2019-11-17 16:00:00+00:00,0,0.0,16,6,11,1
2019-11-17 17:00:00+00:00,0,0.0,17,6,11,1
2019-11-17 18:00:00+00:00,1,25.611,18,6,11,1
2019-11-17 19:00:00+00:00,0,0.0,19,6,11,1
2019-11-17 20:00:00+00:00,1,13.033,20,6,11,1
2019-11-17 21:00:00+00:00,1,2.808,21,6,11,1
2019-11-17 22:00:00+00:00,1,7.099,22,6,11,1
2019-11-17 23:00:00+00:00,2,18.487,23,6,11,1
2019-11-18 00:00:00+00:00,1,9.236,0,0,11,0
2019-11-18 01:00:00+00:00,1,0.529,1,0,11,0
2019-11-18 02:00:00+00:00,0,0.0,2,0,11,0
2019-11-18 03:00:00+00:00,0,0.0,3,0,11,0
2019-11-18 04:00:00+00:00,0,0.0,4,0,11,0
2019-11-18 05:00:00+00:00,0,0.0,5,0,11,0
2019-11-18 06:00:00+00:00,0,0.0,6,0,11,0
2019-11-18 07:00:00+00:00,0,0.0,7,0,11,0
2019-11-18 08:00:00+00:00,0,0.0,8,0,11,0
2019-11-18 09:00:00+00:00,0,0.0,9,0,11,0
2019-11-18 10:00:00+00:00,0,0.0,10,0,11,0
2019-11-18 11:00:00+00:00,0,0.0,11,0,11,0
2019-11-18 12:00:00+00:00,0,0.0,12,0,11,0
2019-11-18 13:00:00+00:00,0,0.0,13,0,11,0
2019-11-18 14:00:00+00:00,0,0.0,14,0,11,0
2019-11-18 15:00:00+00:00,3,26.912000000000003,15,0,11,0
2019-11-18 16:00:00+00:00,6,84.804,16,0,11,0
2019-11-18 17:00:00+00:00,10,132.69,17,0,11,0
2019-11-18 18:00:00+00:00,9,57.18949972222222,18,0,11,0
2019-11-18 19:00:00+00:00,1,6.548,19,0,11,0
2019-11-18 20:00:00+00:00,0,0.0,20,0,11,0
2019-11-18 21:00:00+00:00,1,2.61,21,0,11,0
2019-11-18 22:00:00+00:00,1,4.087,22,0,11,0
2019-11-18 23:00:00+00:00,0,0.0,23,0,11,0
2019-11-19 00:00:00+00:00,0,0.0,0,1,11,0
2019-11-19 01:00:00+00:00,2,16.372,1,1,11,0
2019-11-19 02:00:00+00:00,0,0.0,2,1,11,0
2019-11-19 03:00:00+00:00,1,5.38,3,1,11,0
2019-11-19 04:00:00+00:00,1,5.445,4,1,11,0
2019-11-19 05:00:00+00:00,0,0.0,5,1,11,0
2019-11-19 06:00:00+00:00,0,0.0,6,1,11,0
2019-11-19 07:00:00+00:00,0,0.0,7,1,11,0
2019-11-19 08:00:00+00:00,0,0.0,8,1,11,0
2019-11-19 09:00:00+00:00,0,0.0,9,1,11,0
2019-11-19 10:00:00+00:00,0,0.0,10,1,11,0
2019-11-19 11:00:00+00:00,0,0.0,11,1,11,0
2019-11-19 12:00:00+00:00,0,0.0,12,1,11,0
2019-11-19 13:00:00+00:00,0,0.0,13,1,11,0
2019-11-19 14:00:00+00:00,0,0.0,14,1,11,0
2019-11-19 15:00:00+00:00,1,6.608,15,1,11,0
2019-11-19 16:00:00+00:00,8,21.359011111111112,16,1,11,0
2019-11-19 17:00:00+00:00,8,53.067,17,1,11,0
2019-11-19 18:00:00+00:00,8,32.727,18,1,11,0
2019-11-19 19:00:00+00:00,3,51.471,19,1,11,0
2019-11-19 20:00:00+00:00,2,7.122,20,1,11,0
2019-11-19 21:00:00+00:00,5,22.197000000000003,21,1,11,0
2019-11-19 22:00:00+00:00,0,0.0,22,1,11,0
2019-11-19 23:00:00+00:00,0,0.0,23,1,11,0
2019-11-20 00:00:00+00:00,1,2.437,0,2,11,0
2019-11-20 01:00:00+00:00,1,4.367,1,2,11,0
2019-11-20 02:00:00+00:00,0,0.0,2,2,11,0
2019-11-20 03:00:00+00:00,0,0.0,3,2,11,0
2019-11-20 04:00:00+00:00,2,20.491,4,2,11,0
2019-11-20 05:00:00+00:00,0,0.0,5,2,11,0
2019-11-20 06:00:00+00:00,0,0.0,6,2,11,0
2019-11-20 07:00:00+00:00,0,0.0,7,2,11,0
2019-11-20 08:00:00+00:00,0,0.0,8,2,11,0
2019-11-20 09:00:00+00:00,0,0.0,9,2,11,0
2019-11-20 10:00:00+00:00,0,0.0,10,2,11,0
2019-11-20 11:00:00+00:00,0,0.0,11,2,11,0
2019-11-20 12:00:00+00:00,0,0.0,12,2,11,0
2019-11-20 13:00:00+00:00,0,0.0,13,2,11,0
2019-11-20 14:00:00+00:00,0,0.0,14,2,11,0
2019-11-20 15:00:00+00:00,0,0.0,15,2,11,0
2019-11-20 16:00:00+00:00,4,24.93,16,2,11,0
2019-11-20 17:00:00+00:00,9,55.007,17,2,11,0
2019-11-20 18:00:00+00:00,7,120.138,18,2,11,0
2019-11-20 19:00:00+00:00,3,45.641,19,2,11,0
2019-11-20 20:00:00+00:00,2,4.063,20,2,11,0
2019-11-20 21:00:00+00:00,4,50.024,21,2,11,0
2019-11-20 22:00:00+00:00,1,0.829,22,2,11,0
2019-11-20 23:00:00+00:00,0,0.0,23,2,11,0
2019-11-21 00:00:00+00:00,0,0.0,0,3,11,0
2019-11-21 01:00:00+00:00,1,5.488,1,3,11,0
2019-11-21 02:00:00+00:00,2,17.886000000000003,2,3,11,0
2019-11-21 03:00:00+00:00,0,0.0,3,3,11,0
2019-11-21 04:00:00+00:00,0,0.0,4,3,11,0
2019-11-21 05:00:00+00:00,0,0.0,5,3,11,0
2019-11-21 06:00:00+00:00,0,0.0,6,3,11,0
2019-11-21 07:00:00+00:00,0,0.0,7,3,11,0
2019-11-21 08:00:00+00:00,0,0.0,8,3,11,0
2019-11-21 09:00:00+00:00,0,0.0,9,3,11,0
2019-11-21 10:00:00+00:00,0,0.0,10,3,11,0
2019-11-21 11:00:00+00:00,0,0.0,11,3,11,0
2019-11-21 12:00:00+00:00,0,0.0,12,3,11,0
2019-11-21 13:00:00+00:00,0,0.0,13,3,11,0
2019-11-21 14:00:00+00:00,0,0.0,14,3,11,0
2019-11-21 15:00:00+00:00,2,1.773,15,3,11,0
2019-11-21 16:00:00+00:00,8,69.059,16,3,11,0
2019-11-21 17:00:00+00:00,13,136.392,17,3,11,0
2019-11-21 18:00:00+00:00,4,23.85,18,3,11,0
2019-11-21 19:00:00+00:00,3,36.886,19,3,11,0
2019-11-21 20:00:00+00:00,2,13.221,20,3,11,0
2019-11-21 21:00:00+00:00,1,17.71,21,3,11,0
2019-11-21 22:00:00+00:00,0,0.0,22,3,11,0
2019-11-21 23:00:00+00:00,0,0.0,23,3,11,0
2019-11-22 00:00:00+00:00,1,0.816,0,4,11,0
2019-11-22 01:00:00+00:00,0,0.0,1,4,11,0
2019-11-22 02:00:00+00:00,0,0.0,2,4,11,0
2019-11-22 03:00:00+00:00,0,0.0,3,4,11,0
2019-11-22 04:00:00+00:00,2,41.205,4,4,11,0
2019-11-22 05:00:00+00:00,0,0.0,5,4,11,0
2019-11-22 06:00:00+00:00,0,0.0,6,4,11,0
2019-11-22 07:00:00+00:00,0,0.0,7,4,11,0
2019-11-22 08:00:00+00:00,0,0.0,8,4,11,0
2019-11-22 09:00:00+00:00,0,0.0,9,4,11,0
2019-11-22 10:00:00+00:00,0,0.0,10,4,11,0
2019-11-22 11:00:00+00:00,0,0.0,11,4,11,0
2019-11-22 12:00:00+00:00,0,0.0,12,4,11,0
2019-11-22 13:00:00+00:00,0,0.0,13,4,11,0
2019-11-22 14:00:00+00:00,0,0.0,14,4,11,0
2019-11-22 15:00:00+00:00,0,0.0,15,4,11,0
2019-11-22 16:00:00+00:00,8,46.324,16,4,11,0
2019-11-22 17:00:00+00:00,13,104.647,17,4,11,0
2019-11-22 18:00:00+00:00,6,47.815,18,4,11,0
2019-11-22 19:00:00+00:00,2,41.644,19,4,11,0
2019-11-22 20:00:00+00:00,1,12.44,20,4,11,0
2019-11-22 21:00:00+00:00,2,6.7940000000000005,21,4,11,0
2019-11-22 22:00:00+00:00,3,25.638,22,4,11,0
2019-11-22 23:00:00+00:00,0,0.0,23,4,11,0
2019-11-23 00:00:00+00:00,1,5.272,0,5,11,1
2019-11-23 01:00:00+00:00,2,26.187,1,5,11,1
2019-11-23 02:00:00+00:00,1,24.902,2,5,11,1
2019-11-23 03:00:00+00:00,3,29.797,3,5,11,1
2019-11-23 04:00:00+00:00,0,0.0,4,5,11,1
2019-11-23 05:00:00+00:00,1,7.067,5,5,11,1
2019-11-23 06:00:00+00:00,1,43.911,6,5,11,1
2019-11-23 07:00:00+00:00,0,0.0,7,5,11,1
2019-11-23 08:00:00+00:00,0,0.0,8,5,11,1
2019-11-23 09:00:00+00:00,0,0.0,9,5,11,1
2019-11-23 10:00:00+00:00,0,0.0,10,5,11,1
2019-11-23 11:00:00+00:00,0,0.0,11,5,11,1
2019-11-23 12:00:00+00:00,0,0.0,12,5,11,1
2019-11-23 13:00:00+00:00,0,0.0,13,5,11,1
2019-11-23 14:00:00+00:00,0,0.0,14,5,11,1
2019-11-23 15:00:00+00:00,0,0.0,15,5,11,1
2019-11-23 16:00:00+00:00,0,0.0,16,5,11,1
2019-11-23 17:00:00+00:00,0,0.0,17,5,11,1
2019-11-23 18:00:00+00:00,1,5.819,18,5,11,1
2019-11-23 19:00:00+00:00,0,0.0,19,5,11,1
2019-11-23 20:00:00+00:00,0,0.0,20,5,11,1
2019-11-23 21:00:00+00:00,0,0.0,21,5,11,1
2019-11-23 22:00:00+00:00,0,0.0,22,5,11,1
2019-11-23 23:00:00+00:00,0,0.0,23,5,11,1
2019-11-24 00:00:00+00:00,0,0.0,0,6,11,1
2019-11-24 01:00:00+00:00,0,0.0,1,6,11,1
2019-11-24 02:00:00+00:00,0,0.0,2,6,11,1
2019-11-24 03:00:00+00:00,0,0.0,3,6,11,1
2019-11-24 04:00:00+00:00,0,0.0,4,6,11,1
2019-11-24 05:00:00+00:00,0,0.0,5,6,11,1
2019-11-24 06:00:00+00:00,1,32.621,6,6,11,1
2019-11-24 07:00:00+00:00,1,0.846,7,6,11,1
2019-11-24 08:00:00+00:00,0,0.0,8,6,11,1
2019-11-24 09:00:00+00:00,0,0.0,9,6,11,1
2019-11-24 10:00:00+00:00,0,0.0,10,6,11,1
2019-11-24 11:00:00+00:00,0,0.0,11,6,11,1
2019-11-24 12:00:00+00:00,0,0.0,12,6,11,1
2019-11-24 13:00:00+00:00,0,0.0,13,6,11,1
2019-11-24 14:00:00+00:00,0,0.0,14,6,11,1
2019-11-24 15:00:00+00:00,0,0.0,15,6,11,1
2019-11-24 16:00:00+00:00,0,0.0,16,6,11,1
2019-11-24 17:00:00+00:00,0,0.0,17,6,11,1
2019-11-24 18:00:00+00:00,0,0.0,18,6,11,1
2019-11-24 19:00:00+00:00,1,6.342,19,6,11,1
2019-11-24 20:00:00+00:00,0,0.0,20,6,11,1
2019-11-24 21:00:00+00:00,1,43.877,21,6,11,1
2019-11-24 22:00:00+00:00,0,0.0,22,6,11,1
2019-11-24 23:00:00+00:00,1,2.446,23,6,11,1
2019-11-25 00:00:00+00:00,0,0.0,0,0,11,0
2019-11-25 01:00:00+00:00,0,0.0,1,0,11,0
2019-11-25 02:00:00+00:00,1,9.256,2,0,11,0
2019-11-25 03:00:00+00:00,1,42.486,3,0,11,0
2019-11-25 04:00:00+00:00,0,0.0,4,0,11,0
2019-11-25 05:00:00+00:00,0,0.0,5,0,11,0
2019-11-25 06:00:00+00:00,0,0.0,6,0,11,0
2019-11-25 07:00:00+00:00,0,0.0,7,0,11,0
2019-11-25 08:00:00+00:00,0,0.0,8,0,11,0
2019-11-25 09:00:00+00:00,0,0.0,9,0,11,0
2019-11-25 10:00:00+00:00,0,0.0,10,0,11,0
2019-11-25 11:00:00+00:00,0,0.0,11,0,11,0
2019-11-25 12:00:00+00:00,0,0.0,12,0,11,0
2019-11-25 13:00:00+00:00,0,0.0,13,0,11,0
2019-11-25 14:00:00+00:00,0,0.0,14,0,11,0
2019-11-25 15:00:00+00:00,0,0.0,15,0,11,0
2019-11-25 16:00:00+00:00,5,43.202,16,0,11,0
2019-11-25 17:00:00+00:00,8,78.109,17,0,11,0
2019-11-25 18:00:00+00:00,4,34.624,18,0,11,0
2019-11-25 19:00:00+00:00,2,19.464,19,0,11,0
2019-11-25 20:00:00+00:00,1,4.135,20,0,11,0
2019-11-25 21:00:00+00:00,4,35.191,21,0,11,0
2019-11-25 22:00:00+00:00,1,7.548,22,0,11,0
2019-11-25 23:00:00+00:00,1,0.704,23,0,11,0
2019-11-26 00:00:00+00:00,2,6.587999999999999,0,1,11,0
2019-11-26 01:00:00+00:00,1,5.619,1,1,11,0
2019-11-26 02:00:00+00:00,1,6.539,2,1,11,0
2019-11-26 03:00:00+00:00,1,12.152,3,1,11,0
2019-11-26 04:00:00+00:00,0,0.0,4,1,11,0
2019-11-26 05:00:00+00:00,0,0.0,5,1,11,0
2019-11-26 06:00:00+00:00,0,0.0,6,1,11,0
2019-11-26 07:00:00+00:00,0,0.0,7,1,11,0
2019-11-26 08:00:00+00:00,0,0.0,8,1,11,0
2019-11-26 09:00:00+00:00,0,0.0,9,1,11,0
2019-11-26 10:00:00+00:00,0,0.0,10,1,11,0
2019-11-26 11:00:00+00:00,0,0.0,11,1,11,0
2019-11-26 12:00:00+00:00,0,0.0,12,1,11,0
2019-11-26 13:00:00+00:00,0,0.0,13,1,11,0
2019-11-26 14:00:00+00:00,0,0.0,14,1,11,0
2019-11-26 15:00:00+00:00,1,0.879,15,1,11,0
2019-11-26 16:00:00+00:00,3,38.013,16,1,11,0
2019-11-26 17:00:00+00:00,8,53.424,17,1,11,0
2019-11-26 18:00:00+00:00,9,38.71,18,1,11,0
2019-11-26 19:00:00+00:00,5,45.922,19,1,11,0
2019-11-26 20:00:00+00:00,4,43.083,20,1,11,0
2019-11-26 21:00:00+00:00,1,8.289,21,1,11,0
2019-11-26 22:00:00+00:00,4,13.998,22,1,11,0
2019-11-26 23:00:00+00:00,0,0.0,23,1,11,0
2019-11-27 00:00:00+00:00,2,5.132,0,2,11,0
2019-11-27 01:00:00+00:00,1,4.708,1,2,11,0
2019-11-27 02:00:00+00:00,1,11.268,2,2,11,0
2019-11-27 03:00:00+00:00,1,7.097,3,2,11,0
2019-11-27 04:00:00+00:00,2,21.701,4,2,11,0
2019-11-27 05:00:00+00:00,0,0.0,5,2,11,0
2019-11-27 06:00:00+00:00,0,0.0,6,2,11,0
2019-11-27 07:00:00+00:00,0,0.0,7,2,11,0
2019-11-27 08:00:00+00:00,1,11.844,8,2,11,0
2019-11-27 09:00:00+00:00,0,0.0,9,2,11,0
2019-11-27 10:00:00+00:00,0,0.0,10,2,11,0
2019-11-27 11:00:00+00:00,0,0.0,11,2,11,0
2019-11-27 12:00:00+00:00,0,0.0,12,2,11,0
2019-11-27 13:00:00+00:00,0,0.0,13,2,11,0
2019-11-27 14:00:00+00:00,0,0.0,14,2,11,0
2019-11-27 15:00:00+00:00,1,1.448,15,2,11,0
2019-11-27 16:00:00+00:00,2,7.617,16,2,11,0
2019-11-27 17:00:00+00:00,1,5.83,17,2,11,0
2019-11-27 18:00:00+00:00,1,12.263,18,2,11,0
2019-11-27 19:00:00+00:00,0,0.0,19,2,11,0
2019-11-27 20:00:00+00:00,2,2.111,20,2,11,0
2019-11-27 21:00:00+00:00,1,35.72,21,2,11,0
2019-11-27 22:00:00+00:00,0,0.0,22,2,11,0
2019-11-27 23:00:00+00:00,0,0.0,23,2,11,0
2019-11-28 00:00:00+00:00,2,21.993,0,3,11,0
2019-11-28 01:00:00+00:00,1,2.103,1,3,11,0
2019-11-28 02:00:00+00:00,2,12.698,2,3,11,0
2019-11-28 03:00:00+00:00,0,0.0,3,3,11,0
2019-11-28 04:00:00+00:00,0,0.0,4,3,11,0
2019-11-28 05:00:00+00:00,0,0.0,5,3,11,0
2019-11-28 06:00:00+00:00,0,0.0,6,3,11,0
2019-11-28 07:00:00+00:00,0,0.0,7,3,11,0
2019-11-28 08:00:00+00:00,0,0.0,8,3,11,0
2019-11-28 09:00:00+00:00,0,0.0,9,3,11,0
2019-11-28 10:00:00+00:00,0,0.0,10,3,11,0
2019-11-28 11:00:00+00:00,0,0.0,11,3,11,0
2019-11-28 12:00:00+00:00,0,0.0,12,3,11,0
2019-11-28 13:00:00+00:00,0,0.0,13,3,11,0
2019-11-28 14:00:00+00:00,0,0.0,14,3,11,0
2019-11-28 15:00:00+00:00,0,0.0,15,3,11,0
2019-11-28 16:00:00+00:00,0,0.0,16,3,11,0
2019-11-28 17:00:00+00:00,0,0.0,17,3,11,0
2019-11-28 18:00:00+00:00,0,0.0,18,3,11,0
2019-11-28 19:00:00+00:00,0,0.0,19,3,11,0
2019-11-28 20:00:00+00:00,0,0.0,20,3,11,0
2019-11-28 21:00:00+00:00,0,0.0,21,3,11,0
2019-11-28 22:00:00+00:00,0,0.0,22,3,11,0
2019-11-28 23:00:00+00:00,1,22.616,23,3,11,0
2019-11-29 00:00:00+00:00,0,0.0,0,4,11,0
2019-11-29 01:00:00+00:00,0,0.0,1,4,11,0
2019-11-29 02:00:00+00:00,0,0.0,2,4,11,0
2019-11-29 03:00:00+00:00,0,0.0,3,4,11,0
2019-11-29 04:00:00+00:00,0,0.0,4,4,11,0
2019-11-29 05:00:00+00:00,0,0.0,5,4,11,0
2019-11-29 06:00:00+00:00,0,0.0,6,4,11,0
2019-11-29 07:00:00+00:00,0,0.0,7,4,11,0
2019-11-29 08:00:00+00:00,0,0.0,8,4,11,0
2019-11-29 09:00:00+00:00,0,0.0,9,4,11,0
2019-11-29 10:00:00+00:00,0,0.0,10,4,11,0
2019-11-29 11:00:00+00:00,0,0.0,11,4,11,0
2019-11-29 12:00:00+00:00,0,0.0,12,4,11,0
2019-11-29 13:00:00+00:00,0,0.0,13,4,11,0
2019-11-29 14:00:00+00:00,0,0.0,14,4,11,0
2019-11-29 15:00:00+00:00,0,0.0,15,4,11,0
2019-11-29 16:00:00+00:00,0,0.0,16,4,11,0
2019-11-29 17:00:00+00:00,0,0.0,17,4,11,0
2019-11-29 18:00:00+00:00,0,0.0,18,4,11,0
2019-11-29 19:00:00+00:00,0,0.0,19,4,11,0
2019-11-29 20:00:00+00:00,0,0.0,20,4,11,0
2019-11-29 21:00:00+00:00,1,8.255,21,4,11,0
2019-11-29 22:00:00+00:00,1,0.862,22,4,11,0
2019-11-29 23:00:00+00:00,2,32.028,23,4,11,0
2019-11-30 00:00:00+00:00,0,0.0,0,5,11,1
2019-11-30 01:00:00+00:00,1,39.894,1,5,11,1
2019-11-30 02:00:00+00:00,1,10.627,2,5,11,1
2019-11-30 03:00:00+00:00,0,0.0,3,5,11,1
2019-11-30 04:00:00+00:00,0,0.0,4,5,11,1
2019-11-30 05:00:00+00:00,0,0.0,5,5,11,1
2019-11-30 06:00:00+00:00,0,0.0,6,5,11,1
2019-11-30 07:00:00+00:00,0,0.0,7,5,11,1
2019-11-30 08:00:00+00:00,0,0.0,8,5,11,1
2019-11-30 09:00:00+00:00,0,0.0,9,5,11,1
2019-11-30 10:00:00+00:00,0,0.0,10,5,11,1
2019-11-30 11:00:00+00:00,0,0.0,11,5,11,1
2019-11-30 12:00:00+00:00,0,0.0,12,5,11,1
2019-11-30 13:00:00+00:00,0,0.0,13,5,11,1
2019-11-30 14:00:00+00:00,0,0.0,14,5,11,1
2019-11-30 15:00:00+00:00,0,0.0,15,5,11,1
2019-11-30 16:00:00+00:00,0,0.0,16,5,11,1
2019-11-30 17:00:00+00:00,1,30.479,17,5,11,1
2019-11-30 18:00:00+00:00,0,0.0,18,5,11,1
2019-11-30 19:00:00+00:00,1,1.65,19,5,11,1
2019-11-30 20:00:00+00:00,0,0.0,20,5,11,1
2019-11-30 21:00:00+00:00,0,0.0,21,5,11,1
2019-11-30 22:00:00+00:00,1,7.049,22,5,11,1
2019-11-30 23:00:00+00:00,0,0.0,23,5,11,1
2019-12-01 00:00:00+00:00,0,0.0,0,6,12,1
2019-12-01 01:00:00+00:00,0,0.0,1,6,12,1
2019-12-01 02:00:00+00:00,1,48.342,2,6,12,1
2019-12-01 03:00:00+00:00,0,0.0,3,6,12,1
2019-12-01 04:00:00+00:00,0,0.0,4,6,12,1
2019-12-01 05:00:00+00:00,0,0.0,5,6,12,1
2019-12-01 06:00:00+00:00,0,0.0,6,6,12,1
2019-12-01 07:00:00+00:00,0,0.0,7,6,12,1
2019-12-01 08:00:00+00:00,0,0.0,8,6,12,1
2019-12-01 09:00:00+00:00,0,0.0,9,6,12,1
2019-12-01 10:00:00+00:00,0,0.0,10,6,12,1
2019-12-01 11:00:00+00:00,0,0.0,11,6,12,1
2019-12-01 12:00:00+00:00,0,0.0,12,6,12,1
2019-12-01 13:00:00+00:00,0,0.0,13,6,12,1
2019-12-01 14:00:00+00:00,0,0.0,14,6,12,1
2019-12-01 15:00:00+00:00,0,0.0,15,6,12,1
2019-12-01 16:00:00+00:00,0,0.0,16,6,12,1
2019-12-01 17:00:00+00:00,1,18.234,17,6,12,1
2019-12-01 18:00:00+00:00,0,0.0,18,6,12,1
2019-12-01 19:00:00+00:00,1,31.625,19,6,12,1
2019-12-01 20:00:00+00:00,0,0.0,20,6,12,1
2019-12-01 21:00:00+00:00,0,0.0,21,6,12,1
2019-12-01 22:00:00+00:00,2,14.051,22,6,12,1
2019-12-01 23:00:00+00:00,1,0.863,23,6,12,1
2019-12-02 00:00:00+00:00,1,5.861,0,0,12,0
2019-12-02 01:00:00+00:00,0,0.0,1,0,12,0
2019-12-02 02:00:00+00:00,2,20.655,2,0,12,0
2019-12-02 03:00:00+00:00,0,0.0,3,0,12,0
2019-12-02 04:00:00+00:00,0,0.0,4,0,12,0
2019-12-02 05:00:00+00:00,0,0.0,5,0,12,0
2019-12-02 06:00:00+00:00,0,0.0,6,0,12,0
2019-12-02 07:00:00+00:00,0,0.0,7,0,12,0
2019-12-02 08:00:00+00:00,0,0.0,8,0,12,0
2019-12-02 09:00:00+00:00,0,0.0,9,0,12,0
2019-12-02 10:00:00+00:00,0,0.0,10,0,12,0
2019-12-02 11:00:00+00:00,0,0.0,11,0,12,0
2019-12-02 12:00:00+00:00,0,0.0,12,0,12,0
2019-12-02 13:00:00+00:00,0,0.0,13,0,12,0
2019-12-02 14:00:00+00:00,0,0.0,14,0,12,0
2019-12-02 15:00:00+00:00,2,3.872,15,0,12,0
2019-12-02 16:00:00+00:00,8,94.236,16,0,12,0
2019-12-02 17:00:00+00:00,11,106.315,17,0,12,0
2019-12-02 18:00:00+00:00,5,58.827,18,0,12,0
2019-12-02 19:00:00+00:00,0,0.0,19,0,12,0
2019-12-02 20:00:00+00:00,2,30.38,20,0,12,0
2019-12-02 21:00:00+00:00,4,8.384,21,0,12,0
2019-12-02 22:00:00+00:00,0,0.0,22,0,12,0
2019-12-02 23:00:00+00:00,1,0.902,23,0,12,0
2019-12-03 00:00:00+00:00,0,0.0,0,1,12,0
2019-12-03 01:00:00+00:00,0,0.0,1,1,12,0
2019-12-03 02:00:00+00:00,2,7.890000000000001,2,1,12,0
2019-12-03 03:00:00+00:00,1,2.554,3,1,12,0
2019-12-03 04:00:00+00:00,0,0.0,4,1,12,0
2019-12-03 05:00:00+00:00,0,0.0,5,1,12,0
2019-12-03 06:00:00+00:00,0,0.0,6,1,12,0
2019-12-03 07:00:00+00:00,0,0.0,7,1,12,0
2019-12-03 08:00:00+00:00,0,0.0,8,1,12,0
2019-12-03 09:00:00+00:00,0,0.0,9,1,12,0
2019-12-03 10:00:00+00:00,0,0.0,10,1,12,0
2019-12-03 11:00:00+00:00,0,0.0,11,1,12,0
2019-12-03 12:00:00+00:00,0,0.0,12,1,12,0
2019-12-03 13:00:00+00:00,0,0.0,13,1,12,0
2019-12-03 14:00:00+00:00,0,0.0,14,1,12,0
2019-12-03 15:00:00+00:00,1,2.838,15,1,12,0
2019-12-03 16:00:00+00:00,7,44.357,16,1,12,0
2019-12-03 17:00:00+00:00,5,33.054,17,1,12,0
2019-12-03 18:00:00+00:00,6,37.077,18,1,12,0
2019-12-03 19:00:00+00:00,4,18.556,19,1,12,0
2019-12-03 20:00:00+00:00,5,62.393,20,1,12,0
2019-12-03 21:00:00+00:00,3,10.856,21,1,12,0
2019-12-03 22:00:00+00:00,1,1.4518175029810847,22,1,12,0
2019-12-03 23:00:00+00:00,0,0.0,23,1,12,0
2019-12-04 00:00:00+00:00,1,6.882,0,2,12,0
2019-12-04 01:00:00+00:00,1,4.837,1,2,12,0
2019-12-04 02:00:00+00:00,1,10.477,2,2,12,0
2019-12-04 03:00:00+00:00,2,22.577,3,2,12,0
2019-12-04 04:00:00+00:00,1,4.402,4,2,12,0
2019-12-04 05:00:00+00:00,0,0.0,5,2,12,0
2019-12-04 06:00:00+00:00,0,0.0,6,2,12,0
2019-12-04 07:00:00+00:00,0,0.0,7,2,12,0
2019-12-04 08:00:00+00:00,0,0.0,8,2,12,0
2019-12-04 09:00:00+00:00,0,0.0,9,2,12,0
2019-12-04 10:00:00+00:00,0,0.0,10,2,12,0
2019-12-04 11:00:00+00:00,0,0.0,11,2,12,0
2019-12-04 12:00:00+00:00,0,0.0,12,2,12,0
2019-12-04 13:00:00+00:00,0,0.0,13,2,12,0
2019-12-04 14:00:00+00:00,1,3.495,14,2,12,0
2019-12-04 15:00:00+00:00,0,0.0,15,2,12,0
2019-12-04 16:00:00+00:00,10,75.213,16,2,12,0
2019-12-04 17:00:00+00:00,13,97.744,17,2,12,0
2019-12-04 18:00:00+00:00,6,62.042,18,2,12,0
2019-12-04 19:00:00+00:00,2,8.625,19,2,12,0
2019-12-04 20:00:00+00:00,6,13.998,20,2,12,0
2019-12-04 21:00:00+00:00,2,7.1240000000000006,21,2,12,0
2019-12-04 22:00:00+00:00,2,9.253,22,2,12,0
2019-12-04 23:00:00+00:00,0,0.0,23,2,12,0
2019-12-05 00:00:00+00:00,1,0.633,0,3,12,0
2019-12-05 01:00:00+00:00,0,0.0,1,3,12,0
2019-12-05 02:00:00+00:00,2,8.143,2,3,12,0
2019-12-05 03:00:00+00:00,0,0.0,3,3,12,0
2019-12-05 04:00:00+00:00,0,0.0,4,3,12,0
2019-12-05 05:00:00+00:00,0,0.0,5,3,12,0
2019-12-05 06:00:00+00:00,0,0.0,6,3,12,0
2019-12-05 07:00:00+00:00,0,0.0,7,3,12,0
2019-12-05 08:00:00+00:00,0,0.0,8,3,12,0
2019-12-05 09:00:00+00:00,0,0.0,9,3,12,0
2019-12-05 10:00:00+00:00,0,0.0,10,3,12,0
2019-12-05 11:00:00+00:00,0,0.0,11,3,12,0
2019-12-05 12:00:00+00:00,0,0.0,12,3,12,0
2019-12-05 13:00:00+00:00,0,0.0,13,3,12,0
2019-12-05 14:00:00+00:00,0,0.0,14,3,12,0
2019-12-05 15:00:00+00:00,1,11.341,15,3,12,0
2019-12-05 16:00:00+00:00,6,56.516000000000005,16,3,12,0
2019-12-05 17:00:00+00:00,8,48.348,17,3,12,0
2019-12-05 18:00:00+00:00,6,19.897,18,3,12,0
2019-12-05 19:00:00+00:00,1,0.689,19,3,12,0
2019-12-05 20:00:00+00:00,4,22.909999999999997,20,3,12,0
2019-12-05 21:00:00+00:00,2,4.996,21,3,12,0
2019-12-05 22:00:00+00:00,0,0.0,22,3,12,0
2019-12-05 23:00:00+00:00,0,0.0,23,3,12,0
2019-12-06 00:00:00+00:00,0,0.0,0,4,12,0
2019-12-06 01:00:00+00:00,4,12.182,1,4,12,0
2019-12-06 02:00:00+00:00,2,17.04,2,4,12,0
2019-12-06 03:00:00+00:00,0,0.0,3,4,12,0
2019-12-06 04:00:00+00:00,1,5.738,4,4,12,0
2019-12-06 05:00:00+00:00,0,0.0,5,4,12,0
2019-12-06 06:00:00+00:00,0,0.0,6,4,12,0
2019-12-06 07:00:00+00:00,0,0.0,7,4,12,0
2019-12-06 08:00:00+00:00,0,0.0,8,4,12,0
2019-12-06 09:00:00+00:00,0,0.0,9,4,12,0
2019-12-06 10:00:00+00:00,0,0.0,10,4,12,0
2019-12-06 11:00:00+00:00,0,0.0,11,4,12,0
2019-12-06 12:00:00+00:00,0,0.0,12,4,12,0
2019-12-06 13:00:00+00:00,0,0.0,13,4,12,0
2019-12-06 14:00:00+00:00,0,0.0,14,4,12,0
2019-12-06 15:00:00+00:00,1,2.875,15,4,12,0
2019-12-06 16:00:00+00:00,4,37.78,16,4,12,0
2019-12-06 17:00:00+00:00,10,57.85,17,4,12,0
2019-12-06 18:00:00+00:00,4,29.587000000000003,18,4,12,0
2019-12-06 19:00:00+00:00,1,1.23,19,4,12,0
2019-12-06 20:00:00+00:00,5,29.071,20,4,12,0
2019-12-06 21:00:00+00:00,2,8.652,21,4,12,0
2019-12-06 22:00:00+00:00,3,20.216,22,4,12,0
2019-12-06 23:00:00+00:00,0,0.0,23,4,12,0
2019-12-07 00:00:00+00:00,0,0.0,0,5,12,1
2019-12-07 01:00:00+00:00,2,45.547,1,5,12,1
2019-12-07 02:00:00+00:00,1,14.602,2,5,12,1
2019-12-07 03:00:00+00:00,0,0.0,3,5,12,1
2019-12-07 04:00:00+00:00,0,0.0,4,5,12,1
2019-12-07 05:00:00+00:00,0,0.0,5,5,12,1
2019-12-07 06:00:00+00:00,0,0.0,6,5,12,1
2019-12-07 07:00:00+00:00,0,0.0,7,5,12,1
2019-12-07 08:00:00+00:00,0,0.0,8,5,12,1
2019-12-07 09:00:00+00:00,0,0.0,9,5,12,1
2019-12-07 10:00:00+00:00,0,0.0,10,5,12,1
2019-12-07 11:00:00+00:00,0,0.0,11,5,12,1
2019-12-07 12:00:00+00:00,0,0.0,12,5,12,1
2019-12-07 13:00:00+00:00,0,0.0,13,5,12,1
2019-12-07 14:00:00+00:00,0,0.0,14,5,12,1
2019-12-07 15:00:00+00:00,0,0.0,15,5,12,1
2019-12-07 16:00:00+00:00,2,11.702,16,5,12,1
2019-12-07 17:00:00+00:00,0,0.0,17,5,12,1
2019-12-07 18:00:00+00:00,1,3.135,18,5,12,1
2019-12-07 19:00:00+00:00,0,0.0,19,5,12,1
2019-12-07 20:00:00+00:00,0,0.0,20,5,12,1
2019-12-07 21:00:00+00:00,0,0.0,21,5,12,1
2019-12-07 22:00:00+00:00,1,16.939,22,5,12,1
2019-12-07 23:00:00+00:00,1,7.067,23,5,12,1
2019-12-08 00:00:00+00:00,0,0.0,0,6,12,1
2019-12-08 01:00:00+00:00,2,21.057,1,6,12,1
2019-12-08 02:00:00+00:00,0,0.0,2,6,12,1
2019-12-08 03:00:00+00:00,0,0.0,3,6,12,1
2019-12-08 04:00:00+00:00,1,50.06,4,6,12,1
2019-12-08 05:00:00+00:00,0,0.0,5,6,12,1
2019-12-08 06:00:00+00:00,0,0.0,6,6,12,1
2019-12-08 07:00:00+00:00,0,0.0,7,6,12,1
2019-12-08 08:00:00+00:00,0,0.0,8,6,12,1
2019-12-08 09:00:00+00:00,0,0.0,9,6,12,1
2019-12-08 10:00:00+00:00,0,0.0,10,6,12,1
2019-12-08 11:00:00+00:00,0,0.0,11,6,12,1
2019-12-08 12:00:00+00:00,0,0.0,12,6,12,1
2019-12-08 13:00:00+00:00,0,0.0,13,6,12,1
2019-12-08 14:00:00+00:00,0,0.0,14,6,12,1
2019-12-08 15:00:00+00:00,0,0.0,15,6,12,1
2019-12-08 16:00:00+00:00,0,0.0,16,6,12,1
2019-12-08 17:00:00+00:00,1,4.33,17,6,12,1
2019-12-08 18:00:00+00:00,0,0.0,18,6,12,1
2019-12-08 19:00:00+00:00,1,0.848,19,6,12,1
2019-12-08 20:00:00+00:00,2,20.074,20,6,12,1
2019-12-08 21:00:00+00:00,0,0.0,21,6,12,1
2019-12-08 22:00:00+00:00,2,56.052,22,6,12,1
2019-12-08 23:00:00+00:00,0,0.0,23,6,12,1
2019-12-09 00:00:00+00:00,3,5.23,0,0,12,0
2019-12-09 01:00:00+00:00,0,0.0,1,0,12,0
2019-12-09 02:00:00+00:00,0,0.0,2,0,12,0
2019-12-09 03:00:00+00:00,0,0.0,3,0,12,0
2019-12-09 04:00:00+00:00,0,0.0,4,0,12,0
2019-12-09 05:00:00+00:00,0,0.0,5,0,12,0
2019-12-09 06:00:00+00:00,0,0.0,6,0,12,0
2019-12-09 07:00:00+00:00,0,0.0,7,0,12,0
2019-12-09 08:00:00+00:00,0,0.0,8,0,12,0
2019-12-09 09:00:00+00:00,0,0.0,9,0,12,0
2019-12-09 10:00:00+00:00,0,0.0,10,0,12,0
2019-12-09 11:00:00+00:00,0,0.0,11,0,12,0
2019-12-09 12:00:00+00:00,0,0.0,12,0,12,0
2019-12-09 13:00:00+00:00,0,0.0,13,0,12,0
2019-12-09 14:00:00+00:00,0,0.0,14,0,12,0
2019-12-09 15:00:00+00:00,2,17.794999999999998,15,0,12,0
2019-12-09 16:00:00+00:00,4,68.205,16,0,12,0
2019-12-09 17:00:00+00:00,7,39.045,17,0,12,0
2019-12-09 18:00:00+00:00,9,63.904,18,0,12,0
2019-12-09 19:00:00+00:00,1,18.342,19,0,12,0
2019-12-09 20:00:00+00:00,3,43.028,20,0,12,0
2019-12-09 21:00:00+00:00,2,12.875,21,0,12,0
2019-12-09 22:00:00+00:00,1,0.886,22,0,12,0
2019-12-09 23:00:00+00:00,0,0.0,23,0,12,0
2019-12-10 00:00:00+00:00,0,0.0,0,1,12,0
2019-12-10 01:00:00+00:00,1,44.94,1,1,12,0
2019-12-10 02:00:00+00:00,1,0.849,2,1,12,0
2019-12-10 03:00:00+00:00,0,0.0,3,1,12,0
2019-12-10 04:00:00+00:00,0,0.0,4,1,12,0
2019-12-10 05:00:00+00:00,0,0.0,5,1,12,0
2019-12-10 06:00:00+00:00,0,0.0,6,1,12,0
2019-12-10 07:00:00+00:00,0,0.0,7,1,12,0
2019-12-10 08:00:00+00:00,0,0.0,8,1,12,0
2019-12-10 09:00:00+00:00,0,0.0,9,1,12,0
2019-12-10 10:00:00+00:00,0,0.0,10,1,12,0
2019-12-10 11:00:00+00:00,0,0.0,11,1,12,0
2019-12-10 12:00:00+00:00,0,0.0,12,1,12,0
2019-12-10 13:00:00+00:00,0,0.0,13,1,12,0
2019-12-10 14:00:00+00:00,0,0.0,14,1,12,0
2019-12-10 15:00:00+00:00,3,34.522999999999996,15,1,12,0
2019-12-10 16:00:00+00:00,4,21.719,16,1,12,0
2019-12-10 17:00:00+00:00,10,128.404,17,1,12,0
2019-12-10 18:00:00+00:00,6,44.18,18,1,12,0
2019-12-10 19:00:00+00:00,2,29.188,19,1,12,0
2019-12-10 20:00:00+00:00,0,0.0,20,1,12,0
2019-12-10 21:00:00+00:00,5,29.142000000000003,21,1,12,0
2019-12-10 22:00:00+00:00,0,0.0,22,1,12,0
2019-12-10 23:00:00+00:00,1,13.969,23,1,12,0
2019-12-11 00:00:00+00:00,1,4.016,0,2,12,0
2019-12-11 01:00:00+00:00,2,5.484,1,2,12,0
2019-12-11 02:00:00+00:00,1,10.699,2,2,12,0
2019-12-11 03:00:00+00:00,0,0.0,3,2,12,0
2019-12-11 04:00:00+00:00,4,20.536,4,2,12,0
2019-12-11 05:00:00+00:00,1,0.851,5,2,12,0
2019-12-11 06:00:00+00:00,0,0.0,6,2,12,0
2019-12-11 07:00:00+00:00,1,0.801,7,2,12,0
2019-12-11 08:00:00+00:00,0,0.0,8,2,12,0
2019-12-11 09:00:00+00:00,0,0.0,9,2,12,0
2019-12-11 10:00:00+00:00,0,0.0,10,2,12,0
2019-12-11 11:00:00+00:00,0,0.0,11,2,12,0
2019-12-11 12:00:00+00:00,0,0.0,12,2,12,0
2019-12-11 13:00:00+00:00,0,0.0,13,2,12,0
2019-12-11 14:00:00+00:00,0,0.0,14,2,12,0
2019-12-11 15:00:00+00:00,1,13.156,15,2,12,0
2019-12-11 16:00:00+00:00,7,46.034,16,2,12,0
2019-12-11 17:00:00+00:00,8,61.449,17,2,12,0
2019-12-11 18:00:00+00:00,8,27.259,18,2,12,0
2019-12-11 19:00:00+00:00,6,80.76400000000001,19,2,12,0
2019-12-11 20:00:00+00:00,1,2.418,20,2,12,0
2019-12-11 21:00:00+00:00,4,54.904,21,2,12,0
2019-12-11 22:00:00+00:00,4,9.7491425,22,2,12,0
2019-12-11 23:00:00+00:00,0,0.0,23,2,12,0
2019-12-12 00:00:00+00:00,0,0.0,0,3,12,0
2019-12-12 01:00:00+00:00,1,2.709,1,3,12,0
2019-12-12 02:00:00+00:00,1,4.869,2,3,12,0
2019-12-12 03:00:00+00:00,0,0.0,3,3,12,0
2019-12-12 04:00:00+00:00,0,0.0,4,3,12,0
2019-12-12 05:00:00+00:00,1,14.094,5,3,12,0
2019-12-12 06:00:00+00:00,0,0.0,6,3,12,0
2019-12-12 07:00:00+00:00,0,0.0,7,3,12,0
2019-12-12 08:00:00+00:00,0,0.0,8,3,12,0
2019-12-12 09:00:00+00:00,0,0.0,9,3,12,0
2019-12-12 10:00:00+00:00,0,0.0,10,3,12,0
2019-12-12 11:00:00+00:00,0,0.0,11,3,12,0
2019-12-12 12:00:00+00:00,0,0.0,12,3,12,0
2019-12-12 13:00:00+00:00,0,0.0,13,3,12,0
2019-12-12 14:00:00+00:00,0,0.0,14,3,12,0
2019-12-12 15:00:00+00:00,3,78.994,15,3,12,0
2019-12-12 16:00:00+00:00,5,25.361,16,3,12,0
2019-12-12 17:00:00+00:00,10,119.334,17,3,12,0
2019-12-12 18:00:00+00:00,2,5.343,18,3,12,0
2019-12-12 19:00:00+00:00,2,6.817,19,3,12,0
2019-12-12 20:00:00+00:00,0,0.0,20,3,12,0
2019-12-12 21:00:00+00:00,4,14.148,21,3,12,0
2019-12-12 22:00:00+00:00,0,0.0,22,3,12,0
2019-12-12 23:00:00+00:00,1,0.808,23,3,12,0
2019-12-13 00:00:00+00:00,0,0.0,0,4,12,0
2019-12-13 01:00:00+00:00,1,3.89,1,4,12,0
2019-12-13 02:00:00+00:00,1,1.611,2,4,12,0
2019-12-13 03:00:00+00:00,1,9.773,3,4,12,0
2019-12-13 04:00:00+00:00,1,8.418,4,4,12,0
2019-12-13 05:00:00+00:00,1,40.227,5,4,12,0
2019-12-13 06:00:00+00:00,0,0.0,6,4,12,0
2019-12-13 07:00:00+00:00,0,0.0,7,4,12,0
2019-12-13 08:00:00+00:00,0,0.0,8,4,12,0
2019-12-13 09:00:00+00:00,0,0.0,9,4,12,0
2019-12-13 10:00:00+00:00,0,0.0,10,4,12,0
2019-12-13 11:00:00+00:00,0,0.0,11,4,12,0
2019-12-13 12:00:00+00:00,0,0.0,12,4,12,0
2019-12-13 13:00:00+00:00,0,0.0,13,4,12,0
2019-12-13 14:00:00+00:00,0,0.0,14,4,12,0
2019-12-13 15:00:00+00:00,2,5.423,15,4,12,0
2019-12-13 16:00:00+00:00,3,15.026,16,4,12,0
2019-12-13 17:00:00+00:00,12,143.161,17,4,12,0
2019-12-13 18:00:00+00:00,8,91.85650388291477,18,4,12,0
2019-12-13 19:00:00+00:00,1,5.846,19,4,12,0
2019-12-13 20:00:00+00:00,1,1.264399641576886,20,4,12,0
2019-12-13 21:00:00+00:00,3,5.692176944444444,21,4,12,0
2019-12-13 22:00:00+00:00,5,25.6,22,4,12,0
2019-12-13 23:00:00+00:00,1,0.931,23,4,12,0
2019-12-14 00:00:00+00:00,2,7.694,0,5,12,1
2019-12-14 01:00:00+00:00,0,0.0,1,5,12,1
2019-12-14 02:00:00+00:00,1,34.939,2,5,12,1
2019-12-14 03:00:00+00:00,0,0.0,3,5,12,1
2019-12-14 04:00:00+00:00,0,0.0,4,5,12,1
2019-12-14 05:00:00+00:00,0,0.0,5,5,12,1
2019-12-14 06:00:00+00:00,0,0.0,6,5,12,1
2019-12-14 07:00:00+00:00,1,0.97,7,5,12,1
2019-12-14 08:00:00+00:00,0,0.0,8,5,12,1
2019-12-14 09:00:00+00:00,0,0.0,9,5,12,1
2019-12-14 10:00:00+00:00,0,0.0,10,5,12,1
2019-12-14 11:00:00+00:00,0,0.0,11,5,12,1
2019-12-14 12:00:00+00:00,0,0.0,12,5,12,1
2019-12-14 13:00:00+00:00,0,0.0,13,5,12,1
2019-12-14 14:00:00+00:00,0,0.0,14,5,12,1
2019-12-14 15:00:00+00:00,0,0.0,15,5,12,1
2019-12-14 16:00:00+00:00,0,0.0,16,5,12,1
2019-12-14 17:00:00+00:00,0,0.0,17,5,12,1
2019-12-14 18:00:00+00:00,2,13.076,18,5,12,1
2019-12-14 19:00:00+00:00,0,0.0,19,5,12,1
2019-12-14 20:00:00+00:00,1,0.867,20,5,12,1
2019-12-14 21:00:00+00:00,0,0.0,21,5,12,1
2019-12-14 22:00:00+00:00,3,56.004000000000005,22,5,12,1
2019-12-14 23:00:00+00:00,0,0.0,23,5,12,1
2019-12-15 00:00:00+00:00,1,19.77,0,6,12,1
2019-12-15 01:00:00+00:00,0,0.0,1,6,12,1
2019-12-15 02:00:00+00:00,0,0.0,2,6,12,1
2019-12-15 03:00:00+00:00,0,0.0,3,6,12,1
2019-12-15 04:00:00+00:00,0,0.0,4,6,12,1
2019-12-15 05:00:00+00:00,0,0.0,5,6,12,1
2019-12-15 06:00:00+00:00,1,13.469,6,6,12,1
2019-12-15 07:00:00+00:00,0,0.0,7,6,12,1
2019-12-15 08:00:00+00:00,0,0.0,8,6,12,1
2019-12-15 09:00:00+00:00,0,0.0,9,6,12,1
2019-12-15 10:00:00+00:00,0,0.0,10,6,12,1
2019-12-15 11:00:00+00:00,0,0.0,11,6,12,1
2019-12-15 12:00:00+00:00,0,0.0,12,6,12,1
2019-12-15 13:00:00+00:00,0,0.0,13,6,12,1
2019-12-15 14:00:00+00:00,0,0.0,14,6,12,1
2019-12-15 15:00:00+00:00,0,0.0,15,6,12,1
2019-12-15 16:00:00+00:00,0,0.0,16,6,12,1
2019-12-15 17:00:00+00:00,0,0.0,17,6,12,1
2019-12-15 18:00:00+00:00,3,54.097,18,6,12,1
2019-12-15 19:00:00+00:00,1,2.7,19,6,12,1
2019-12-15 20:00:00+00:00,0,0.0,20,6,12,1
2019-12-15 21:00:00+00:00,1,20.812,21,6,12,1
2019-12-15 22:00:00+00:00,1,4.043,22,6,12,1
2019-12-15 23:00:00+00:00,0,0.0,23,6,12,1
2019-12-16 00:00:00+00:00,0,0.0,0,0,12,0
2019-12-16 01:00:00+00:00,0,0.0,1,0,12,0
2019-12-16 02:00:00+00:00,0,0.0,2,0,12,0
2019-12-16 03:00:00+00:00,1,17.569,3,0,12,0
2019-12-16 04:00:00+00:00,0,0.0,4,0,12,0
2019-12-16 05:00:00+00:00,0,0.0,5,0,12,0
2019-12-16 06:00:00+00:00,0,0.0,6,0,12,0
2019-12-16 07:00:00+00:00,0,0.0,7,0,12,0
2019-12-16 08:00:00+00:00,0,0.0,8,0,12,0
2019-12-16 09:00:00+00:00,0,0.0,9,0,12,0
2019-12-16 10:00:00+00:00,0,0.0,10,0,12,0
2019-12-16 11:00:00+00:00,0,0.0,11,0,12,0
2019-12-16 12:00:00+00:00,0,0.0,12,0,12,0
2019-12-16 13:00:00+00:00,0,0.0,13,0,12,0
2019-12-16 14:00:00+00:00,0,0.0,14,0,12,0
2019-12-16 15:00:00+00:00,2,18.101,15,0,12,0
2019-12-16 16:00:00+00:00,4,20.172,16,0,12,0
2019-12-16 17:00:00+00:00,11,157.31300000000002,17,0,12,0
2019-12-16 18:00:00+00:00,6,66.874,18,0,12,0
2019-12-16 19:00:00+00:00,4,20.087999999999997,19,0,12,0
2019-12-16 20:00:00+00:00,2,15.703,20,0,12,0
2019-12-16 21:00:00+00:00,2,26.736,21,0,12,0
2019-12-16 22:00:00+00:00,1,0.786,22,0,12,0
2019-12-16 23:00:00+00:00,0,0.0,23,0,12,0
2019-12-17 00:00:00+00:00,0,0.0,0,1,12,0
2019-12-17 01:00:00+00:00,3,23.911,1,1,12,0
2019-12-17 02:00:00+00:00,0,0.0,2,1,12,0
2019-12-17 03:00:00+00:00,0,0.0,3,1,12,0
2019-12-17 04:00:00+00:00,0,0.0,4,1,12,0
2019-12-17 05:00:00+00:00,0,0.0,5,1,12,0
2019-12-17 06:00:00+00:00,0,0.0,6,1,12,0
2019-12-17 07:00:00+00:00,0,0.0,7,1,12,0
2019-12-17 08:00:00+00:00,0,0.0,8,1,12,0
2019-12-17 09:00:00+00:00,0,0.0,9,1,12,0
2019-12-17 10:00:00+00:00,0,0.0,10,1,12,0
2019-12-17 11:00:00+00:00,0,0.0,11,1,12,0
2019-12-17 12:00:00+00:00,0,0.0,12,1,12,0
2019-12-17 13:00:00+00:00,0,0.0,13,1,12,0
2019-12-17 14:00:00+00:00,0,0.0,14,1,12,0
2019-12-17 15:00:00+00:00,1,4.663,15,1,12,0
2019-12-17 16:00:00+00:00,7,117.373,16,1,12,0
2019-12-17 17:00:00+00:00,13,78.887,17,1,12,0
2019-12-17 18:00:00+00:00,2,17.914,18,1,12,0
2019-12-17 19:00:00+00:00,3,71.851,19,1,12,0
2019-12-17 20:00:00+00:00,2,2.979,20,1,12,0
2019-12-17 21:00:00+00:00,1,6.385,21,1,12,0
2019-12-17 22:00:00+00:00,2,7.749,22,1,12,0
2019-12-17 23:00:00+00:00,0,0.0,23,1,12,0
2019-12-18 00:00:00+00:00,1,2.12,0,2,12,0
2019-12-18 01:00:00+00:00,2,17.523999999999997,1,2,12,0
2019-12-18 02:00:00+00:00,0,0.0,2,2,12,0
2019-12-18 03:00:00+00:00,1,16.017,3,2,12,0
2019-12-18 04:00:00+00:00,0,0.0,4,2,12,0
2019-12-18 05:00:00+00:00,0,0.0,5,2,12,0
2019-12-18 06:00:00+00:00,0,0.0,6,2,12,0
2019-12-18 07:00:00+00:00,0,0.0,7,2,12,0
2019-12-18 08:00:00+00:00,0,0.0,8,2,12,0
2019-12-18 09:00:00+00:00,0,0.0,9,2,12,0
2019-12-18 10:00:00+00:00,0,0.0,10,2,12,0
2019-12-18 11:00:00+00:00,0,0.0,11,2,12,0
2019-12-18 12:00:00+00:00,0,0.0,12,2,12,0
2019-12-18 13:00:00+00:00,0,0.0,13,2,12,0
2019-12-18 14:00:00+00:00,0,0.0,14,2,12,0
2019-12-18 15:00:00+00:00,0,0.0,15,2,12,0
2019-12-18 16:00:00+00:00,8,94.925,16,2,12,0
2019-12-18 17:00:00+00:00,10,68.179,17,2,12,0
2019-12-18 18:00:00+00:00,9,49.899,18,2,12,0
2019-12-18 19:00:00+00:00,2,23.218,19,2,12,0
2019-12-18 20:00:00+00:00,3,20.039,20,2,12,0
2019-12-18 21:00:00+00:00,2,7.201,21,2,12,0
2019-12-18 22:00:00+00:00,0,0.0,22,2,12,0
2019-12-18 23:00:00+00:00,1,7.822,23,2,12,0
2019-12-19 00:00:00+00:00,0,0.0,0,3,12,0
2019-12-19 01:00:00+00:00,0,0.0,1,3,12,0
2019-12-19 02:00:00+00:00,1,2.541,2,3,12,0
2019-12-19 03:00:00+00:00,0,0.0,3,3,12,0
2019-12-19 04:00:00+00:00,1,12.442,4,3,12,0
2019-12-19 05:00:00+00:00,0,0.0,5,3,12,0
2019-12-19 06:00:00+00:00,0,0.0,6,3,12,0
2019-12-19 07:00:00+00:00,0,0.0,7,3,12,0
2019-12-19 08:00:00+00:00,0,0.0,8,3,12,0
2019-12-19 09:00:00+00:00,0,0.0,9,3,12,0
2019-12-19 10:00:00+00:00,0,0.0,10,3,12,0
2019-12-19 11:00:00+00:00,0,0.0,11,3,12,0
2019-12-19 12:00:00+00:00,0,0.0,12,3,12,0
2019-12-19 13:00:00+00:00,0,0.0,13,3,12,0
2019-12-19 14:00:00+00:00,0,0.0,14,3,12,0
2019-12-19 15:00:00+00:00,1,9.135,15,3,12,0
2019-12-19 16:00:00+00:00,9,60.099,16,3,12,0
2019-12-19 17:00:00+00:00,8,83.98,17,3,12,0
2019-12-19 18:00:00+00:00,4,53.077,18,3,12,0
2019-12-19 19:00:00+00:00,3,15.731000000000002,19,3,12,0
2019-12-19 20:00:00+00:00,7,36.162,20,3,12,0
2019-12-19 21:00:00+00:00,0,0.0,21,3,12,0
2019-12-19 22:00:00+00:00,0,0.0,22,3,12,0
2019-12-19 23:00:00+00:00,2,16.237,23,3,12,0
2019-12-20 00:00:00+00:00,1,1.53,0,4,12,0
2019-12-20 01:00:00+00:00,0,0.0,1,4,12,0
2019-12-20 02:00:00+00:00,1,3.8,2,4,12,0
2019-12-20 03:00:00+00:00,1,11.998,3,4,12,0
2019-12-20 04:00:00+00:00,1,10.683,4,4,12,0
2019-12-20 05:00:00+00:00,0,0.0,5,4,12,0
2019-12-20 06:00:00+00:00,0,0.0,6,4,12,0
2019-12-20 07:00:00+00:00,0,0.0,7,4,12,0
2019-12-20 08:00:00+00:00,0,0.0,8,4,12,0
2019-12-20 09:00:00+00:00,0,0.0,9,4,12,0
2019-12-20 10:00:00+00:00,0,0.0,10,4,12,0
2019-12-20 11:00:00+00:00,0,0.0,11,4,12,0
2019-12-20 12:00:00+00:00,0,0.0,12,4,12,0
2019-12-20 13:00:00+00:00,0,0.0,13,4,12,0
2019-12-20 14:00:00+00:00,0,0.0,14,4,12,0
2019-12-20 15:00:00+00:00,0,0.0,15,4,12,0
2019-12-20 16:00:00+00:00,4,28.046,16,4,12,0
2019-12-20 17:00:00+00:00,8,78.186,17,4,12,0
2019-12-20 18:00:00+00:00,3,38.107,18,4,12,0
2019-12-20 19:00:00+00:00,0,0.0,19,4,12,0
2019-12-20 20:00:00+00:00,3,13.063,20,4,12,0
2019-12-20 21:00:00+00:00,0,0.0,21,4,12,0
2019-12-20 22:00:00+00:00,2,11.822,22,4,12,0
2019-12-20 23:00:00+00:00,0,0.0,23,4,12,0
2019-12-21 00:00:00+00:00,0,0.0,0,5,12,1
2019-12-21 01:00:00+00:00,1,0.878,1,5,12,1
2019-12-21 02:00:00+00:00,0,0.0,2,5,12,1
2019-12-21 03:00:00+00:00,0,0.0,3,5,12,1
2019-12-21 04:00:00+00:00,0,0.0,4,5,12,1
2019-12-21 05:00:00+00:00,0,0.0,5,5,12,1
2019-12-21 06:00:00+00:00,0,0.0,6,5,12,1
2019-12-21 07:00:00+00:00,0,0.0,7,5,12,1
2019-12-21 08:00:00+00:00,0,0.0,8,5,12,1
2019-12-21 09:00:00+00:00,0,0.0,9,5,12,1
2019-12-21 10:00:00+00:00,0,0.0,10,5,12,1
2019-12-21 11:00:00+00:00,0,0.0,11,5,12,1
2019-12-21 12:00:00+00:00,0,0.0,12,5,12,1
2019-12-21 13:00:00+00:00,0,0.0,13,5,12,1
2019-12-21 14:00:00+00:00,0,0.0,14,5,12,1
2019-12-21 15:00:00+00:00,0,0.0,15,5,12,1
2019-12-21 16:00:00+00:00,0,0.0,16,5,12,1
2019-12-21 17:00:00+00:00,0,0.0,17,5,12,1
2019-12-21 18:00:00+00:00,0,0.0,18,5,12,1
2019-12-21 19:00:00+00:00,2,9.398,19,5,12,1
2019-12-21 20:00:00+00:00,0,0.0,20,5,12,1
2019-12-21 21:00:00+00:00,0,0.0,21,5,12,1
2019-12-21 22:00:00+00:00,0,0.0,22,5,12,1
2019-12-21 23:00:00+00:00,1,4.727,23,5,12,1
2019-12-22 00:00:00+00:00,0,0.0,0,6,12,1
2019-12-22 01:00:00+00:00,0,0.0,1,6,12,1
2019-12-22 02:00:00+00:00,0,0.0,2,6,12,1
2019-12-22 03:00:00+00:00,0,0.0,3,6,12,1
2019-12-22 04:00:00+00:00,0,0.0,4,6,12,1
2019-12-22 05:00:00+00:00,0,0.0,5,6,12,1
2019-12-22 06:00:00+00:00,0,0.0,6,6,12,1
2019-12-22 07:00:00+00:00,0,0.0,7,6,12,1
2019-12-22 08:00:00+00:00,1,47.284,8,6,12,1
2019-12-22 09:00:00+00:00,0,0.0,9,6,12,1
2019-12-22 10:00:00+00:00,0,0.0,10,6,12,1
2019-12-22 11:00:00+00:00,0,0.0,11,6,12,1
2019-12-22 12:00:00+00:00,0,0.0,12,6,12,1
2019-12-22 13:00:00+00:00,0,0.0,13,6,12,1
2019-12-22 14:00:00+00:00,0,0.0,14,6,12,1
2019-12-22 15:00:00+00:00,0,0.0,15,6,12,1
2019-12-22 16:00:00+00:00,0,0.0,16,6,12,1
2019-12-22 17:00:00+00:00,1,20.843,17,6,12,1
2019-12-22 18:00:00+00:00,0,0.0,18,6,12,1
2019-12-22 19:00:00+00:00,0,0.0,19,6,12,1
2019-12-22 20:00:00+00:00,1,5.422,20,6,12,1
2019-12-22 21:00:00+00:00,0,0.0,21,6,12,1
2019-12-22 22:00:00+00:00,2,27.488,22,6,12,1
2019-12-22 23:00:00+00:00,0,0.0,23,6,12,1
2019-12-23 00:00:00+00:00,0,0.0,0,0,12,0
2019-12-23 01:00:00+00:00,2,42.27,1,0,12,0
2019-12-23 02:00:00+00:00,0,0.0,2,0,12,0
2019-12-23 03:00:00+00:00,1,2.347,3,0,12,0
2019-12-23 04:00:00+00:00,1,10.324,4,0,12,0
2019-12-23 05:00:00+00:00,0,0.0,5,0,12,0
2019-12-23 06:00:00+00:00,0,0.0,6,0,12,0
2019-12-23 07:00:00+00:00,0,0.0,7,0,12,0
2019-12-23 08:00:00+00:00,0,0.0,8,0,12,0
2019-12-23 09:00:00+00:00,0,0.0,9,0,12,0
2019-12-23 10:00:00+00:00,0,0.0,10,0,12,0
2019-12-23 11:00:00+00:00,0,0.0,11,0,12,0
2019-12-23 12:00:00+00:00,0,0.0,12,0,12,0
2019-12-23 13:00:00+00:00,0,0.0,13,0,12,0
2019-12-23 14:00:00+00:00,0,0.0,14,0,12,0
2019-12-23 15:00:00+00:00,0,0.0,15,0,12,0
2019-12-23 16:00:00+00:00,1,3.001,16,0,12,0
2019-12-23 17:00:00+00:00,2,11.535,17,0,12,0
2019-12-23 18:00:00+00:00,2,12.221,18,0,12,0
2019-12-23 19:00:00+00:00,1,1.089,19,0,12,0
2019-12-23 20:00:00+00:00,1,2.895,20,0,12,0
2019-12-23 21:00:00+00:00,2,22.913,21,0,12,0
2019-12-23 22:00:00+00:00,0,0.0,22,0,12,0
2019-12-23 23:00:00+00:00,0,0.0,23,0,12,0
2019-12-24 00:00:00+00:00,0,0.0,0,1,12,0
2019-12-24 01:00:00+00:00,0,0.0,1,1,12,0
2019-12-24 02:00:00+00:00,1,22.381,2,1,12,0
2019-12-24 03:00:00+00:00,0,0.0,3,1,12,0
2019-12-24 04:00:00+00:00,1,13.86,4,1,12,0
2019-12-24 05:00:00+00:00,0,0.0,5,1,12,0
2019-12-24 06:00:00+00:00,0,0.0,6,1,12,0
2019-12-24 07:00:00+00:00,0,0.0,7,1,12,0
2019-12-24 08:00:00+00:00,0,0.0,8,1,12,0
2019-12-24 09:00:00+00:00,0,0.0,9,1,12,0
2019-12-24 10:00:00+00:00,0,0.0,10,1,12,0
2019-12-24 11:00:00+00:00,0,0.0,11,1,12,0
2019-12-24 12:00:00+00:00,0,0.0,12,1,12,0
2019-12-24 13:00:00+00:00,0,0.0,13,1,12,0
2019-12-24 14:00:00+00:00,0,0.0,14,1,12,0
2019-12-24 15:00:00+00:00,1,9.797,15,1,12,0
2019-12-24 16:00:00+00:00,2,7.809,16,1,12,0
2019-12-24 17:00:00+00:00,3,14.044,17,1,12,0
2019-12-24 18:00:00+00:00,0,0.0,18,1,12,0
2019-12-24 19:00:00+00:00,2,14.531,19,1,12,0
2019-12-24 20:00:00+00:00,1,2.107,20,1,12,0
2019-12-24 21:00:00+00:00,0,0.0,21,1,12,0
2019-12-24 22:00:00+00:00,0,0.0,22,1,12,0
2019-12-24 23:00:00+00:00,0,0.0,23,1,12,0
2019-12-25 00:00:00+00:00,0,0.0,0,2,12,0
2019-12-25 01:00:00+00:00,0,0.0,1,2,12,0
2019-12-25 02:00:00+00:00,0,0.0,2,2,12,0
2019-12-25 03:00:00+00:00,0,0.0,3,2,12,0
2019-12-25 04:00:00+00:00,0,0.0,4,2,12,0
2019-12-25 05:00:00+00:00,0,0.0,5,2,12,0
2019-12-25 06:00:00+00:00,0,0.0,6,2,12,0
2019-12-25 07:00:00+00:00,0,0.0,7,2,12,0
2019-12-25 08:00:00+00:00,0,0.0,8,2,12,0
2019-12-25 09:00:00+00:00,0,0.0,9,2,12,0
2019-12-25 10:00:00+00:00,0,0.0,10,2,12,0
2019-12-25 11:00:00+00:00,0,0.0,11,2,12,0
2019-12-25 12:00:00+00:00,0,0.0,12,2,12,0
2019-12-25 13:00:00+00:00,0,0.0,13,2,12,0
2019-12-25 14:00:00+00:00,0,0.0,14,2,12,0
2019-12-25 15:00:00+00:00,0,0.0,15,2,12,0
2019-12-25 16:00:00+00:00,0,0.0,16,2,12,0
2019-12-25 17:00:00+00:00,0,0.0,17,2,12,0
2019-12-25 18:00:00+00:00,0,0.0,18,2,12,0
2019-12-25 19:00:00+00:00,0,0.0,19,2,12,0
2019-12-25 20:00:00+00:00,0,0.0,20,2,12,0
2019-12-25 21:00:00+00:00,0,0.0,21,2,12,0
2019-12-25 22:00:00+00:00,0,0.0,22,2,12,0
2019-12-25 23:00:00+00:00,0,0.0,23,2,12,0
2019-12-26 00:00:00+00:00,0,0.0,0,3,12,0
2019-12-26 01:00:00+00:00,0,0.0,1,3,12,0
2019-12-26 02:00:00+00:00,0,0.0,2,3,12,0
2019-12-26 03:00:00+00:00,0,0.0,3,3,12,0
2019-12-26 04:00:00+00:00,0,0.0,4,3,12,0
2019-12-26 05:00:00+00:00,0,0.0,5,3,12,0
2019-12-26 06:00:00+00:00,0,0.0,6,3,12,0
2019-12-26 07:00:00+00:00,0,0.0,7,3,12,0
2019-12-26 08:00:00+00:00,0,0.0,8,3,12,0
2019-12-26 09:00:00+00:00,0,0.0,9,3,12,0
2019-12-26 10:00:00+00:00,0,0.0,10,3,12,0
2019-12-26 11:00:00+00:00,0,0.0,11,3,12,0
2019-12-26 12:00:00+00:00,0,0.0,12,3,12,0
2019-12-26 13:00:00+00:00,0,0.0,13,3,12,0
2019-12-26 14:00:00+00:00,0,0.0,14,3,12,0
2019-12-26 15:00:00+00:00,0,0.0,15,3,12,0
2019-12-26 16:00:00+00:00,0,0.0,16,3,12,0
2019-12-26 17:00:00+00:00,0,0.0,17,3,12,0
2019-12-26 18:00:00+00:00,0,0.0,18,3,12,0
2019-12-26 19:00:00+00:00,0,0.0,19,3,12,0
2019-12-26 20:00:00+00:00,0,0.0,20,3,12,0
2019-12-26 21:00:00+00:00,0,0.0,21,3,12,0
2019-12-26 22:00:00+00:00,0,0.0,22,3,12,0
2019-12-26 23:00:00+00:00,0,0.0,23,3,12,0
2019-12-27 00:00:00+00:00,0,0.0,0,4,12,0
2019-12-27 01:00:00+00:00,0,0.0,1,4,12,0
2019-12-27 02:00:00+00:00,1,17.791,2,4,12,0
2019-12-27 03:00:00+00:00,0,0.0,3,4,12,0
2019-12-27 04:00:00+00:00,0,0.0,4,4,12,0
2019-12-27 05:00:00+00:00,0,0.0,5,4,12,0
2019-12-27 06:00:00+00:00,0,0.0,6,4,12,0
2019-12-27 07:00:00+00:00,0,0.0,7,4,12,0
2019-12-27 08:00:00+00:00,0,0.0,8,4,12,0
2019-12-27 09:00:00+00:00,0,0.0,9,4,12,0
2019-12-27 10:00:00+00:00,0,0.0,10,4,12,0
2019-12-27 11:00:00+00:00,0,0.0,11,4,12,0
2019-12-27 12:00:00+00:00,0,0.0,12,4,12,0
2019-12-27 13:00:00+00:00,0,0.0,13,4,12,0
2019-12-27 14:00:00+00:00,0,0.0,14,4,12,0
2019-12-27 15:00:00+00:00,0,0.0,15,4,12,0
2019-12-27 16:00:00+00:00,1,4.045,16,4,12,0
2019-12-27 17:00:00+00:00,3,9.906,17,4,12,0
2019-12-27 18:00:00+00:00,1,6.032,18,4,12,0
2019-12-27 19:00:00+00:00,2,13.427,19,4,12,0
2019-12-27 20:00:00+00:00,1,6.87,20,4,12,0
2019-12-27 21:00:00+00:00,0,0.0,21,4,12,0
2019-12-27 22:00:00+00:00,0,0.0,22,4,12,0
2019-12-27 23:00:00+00:00,0,0.0,23,4,12,0
2019-12-28 00:00:00+00:00,0,0.0,0,5,12,1
2019-12-28 01:00:00+00:00,0,0.0,1,5,12,1
2019-12-28 02:00:00+00:00,0,0.0,2,5,12,1
2019-12-28 03:00:00+00:00,0,0.0,3,5,12,1
2019-12-28 04:00:00+00:00,0,0.0,4,5,12,1
2019-12-28 05:00:00+00:00,0,0.0,5,5,12,1
2019-12-28 06:00:00+00:00,0,0.0,6,5,12,1
2019-12-28 07:00:00+00:00,0,0.0,7,5,12,1
2019-12-28 08:00:00+00:00,0,0.0,8,5,12,1
2019-12-28 09:00:00+00:00,0,0.0,9,5,12,1
2019-12-28 10:00:00+00:00,0,0.0,10,5,12,1
2019-12-28 11:00:00+00:00,0,0.0,11,5,12,1
2019-12-28 12:00:00+00:00,0,0.0,12,5,12,1
2019-12-28 13:00:00+00:00,0,0.0,13,5,12,1
2019-12-28 14:00:00+00:00,0,0.0,14,5,12,1
2019-12-28 15:00:00+00:00,0,0.0,15,5,12,1
2019-12-28 16:00:00+00:00,0,0.0,16,5,12,1
2019-12-28 17:00:00+00:00,2,10.545,17,5,12,1
2019-12-28 18:00:00+00:00,0,0.0,18,5,12,1
2019-12-28 19:00:00+00:00,1,1.465,19,5,12,1
2019-12-28 20:00:00+00:00,0,0.0,20,5,12,1
2019-12-28 21:00:00+00:00,0,0.0,21,5,12,1
2019-12-28 22:00:00+00:00,0,0.0,22,5,12,1
2019-12-28 23:00:00+00:00,1,1.81,23,5,12,1
2019-12-29 00:00:00+00:00,0,0.0,0,6,12,1
2019-12-29 01:00:00+00:00,0,0.0,1,6,12,1
2019-12-29 02:00:00+00:00,1,4.908,2,6,12,1
2019-12-29 03:00:00+00:00,0,0.0,3,6,12,1
2019-12-29 04:00:00+00:00,0,0.0,4,6,12,1
2019-12-29 05:00:00+00:00,0,0.0,5,6,12,1
2019-12-29 06:00:00+00:00,0,0.0,6,6,12,1
2019-12-29 07:00:00+00:00,0,0.0,7,6,12,1
2019-12-29 08:00:00+00:00,0,0.0,8,6,12,1
2019-12-29 09:00:00+00:00,0,0.0,9,6,12,1
2019-12-29 10:00:00+00:00,0,0.0,10,6,12,1
2019-12-29 11:00:00+00:00,0,0.0,11,6,12,1
2019-12-29 12:00:00+00:00,0,0.0,12,6,12,1
2019-12-29 13:00:00+00:00,0,0.0,13,6,12,1
2019-12-29 14:00:00+00:00,0,0.0,14,6,12,1
2019-12-29 15:00:00+00:00,0,0.0,15,6,12,1
2019-12-29 16:00:00+00:00,0,0.0,16,6,12,1
2019-12-29 17:00:00+00:00,0,0.0,17,6,12,1
2019-12-29 18:00:00+00:00,1,19.856,18,6,12,1
2019-12-29 19:00:00+00:00,0,0.0,19,6,12,1
2019-12-29 20:00:00+00:00,1,0.899,20,6,12,1
2019-12-29 21:00:00+00:00,0,0.0,21,6,12,1
2019-12-29 22:00:00+00:00,0,0.0,22,6,12,1
2019-12-29 23:00:00+00:00,0,0.0,23,6,12,1
2019-12-30 00:00:00+00:00,2,3.012,0,0,12,0
2019-12-30 01:00:00+00:00,0,0.0,1,0,12,0
2019-12-30 02:00:00+00:00,1,2.99,2,0,12,0
2019-12-30 03:00:00+00:00,1,17.062,3,0,12,0
2019-12-30 04:00:00+00:00,0,0.0,4,0,12,0
2019-12-30 05:00:00+00:00,0,0.0,5,0,12,0
2019-12-30 06:00:00+00:00,0,0.0,6,0,12,0
2019-12-30 07:00:00+00:00,0,0.0,7,0,12,0
2019-12-30 08:00:00+00:00,0,0.0,8,0,12,0
2019-12-30 09:00:00+00:00,0,0.0,9,0,12,0
2019-12-30 10:00:00+00:00,0,0.0,10,0,12,0
2019-12-30 11:00:00+00:00,0,0.0,11,0,12,0
2019-12-30 12:00:00+00:00,0,0.0,12,0,12,0
2019-12-30 13:00:00+00:00,0,0.0,13,0,12,0
2019-12-30 14:00:00+00:00,0,0.0,14,0,12,0
2019-12-30 15:00:00+00:00,0,0.0,15,0,12,0
2019-12-30 16:00:00+00:00,0,0.0,16,0,12,0
2019-12-30 17:00:00+00:00,2,7.825,17,0,12,0
2019-12-30 18:00:00+00:00,2,14.365,18,0,12,0
2019-12-30 19:00:00+00:00,1,6.759,19,0,12,0
2019-12-30 20:00:00+00:00,1,6.509,20,0,12,0
2019-12-30 21:00:00+00:00,1,1.418,21,0,12,0
2019-12-30 22:00:00+00:00,0,0.0,22,0,12,0
2019-12-30 23:00:00+00:00,1,43.58,23,0,12,0
2019-12-31 00:00:00+00:00,0,0.0,0,1,12,0
2019-12-31 01:00:00+00:00,1,5.463,1,1,12,0
2019-12-31 02:00:00+00:00,0,0.0,2,1,12,0
2019-12-31 03:00:00+00:00,1,2.382,3,1,12,0
2019-12-31 04:00:00+00:00,0,0.0,4,1,12,0
2019-12-31 05:00:00+00:00,0,0.0,5,1,12,0
2019-12-31 06:00:00+00:00,0,0.0,6,1,12,0
2019-12-31 07:00:00+00:00,0,0.0,7,1,12,0
2019-12-31 08:00:00+00:00,0,0.0,8,1,12,0
2019-12-31 09:00:00+00:00,0,0.0,9,1,12,0
2019-12-31 10:00:00+00:00,0,0.0,10,1,12,0
2019-12-31 11:00:00+00:00,0,0.0,11,1,12,0
2019-12-31 12:00:00+00:00,0,0.0,12,1,12,0
2019-12-31 13:00:00+00:00,0,0.0,13,1,12,0
2019-12-31 14:00:00+00:00,0,0.0,14,1,12,0
2019-12-31 15:00:00+00:00,0,0.0,15,1,12,0
2019-12-31 16:00:00+00:00,1,4.793,16,1,12,0
2019-12-31 17:00:00+00:00,1,25.159,17,1,12,0
2019-12-31 18:00:00+00:00,1,15.552,18,1,12,0
2019-12-31 19:00:00+00:00,1,6.618,19,1,12,0
2019-12-31 20:00:00+00:00,1,5.535,20,1,12,0
2019-12-31 21:00:00+00:00,1,0.531,21,1,12,0
2019-12-31 22:00:00+00:00,0,0.0,22,1,12,0
2019-12-31 23:00:00+00:00,0,0.0,23,1,12,0
2020-01-01 00:00:00+00:00,0,0.0,0,2,1,0
2020-01-01 01:00:00+00:00,0,0.0,1,2,1,0
2020-01-01 02:00:00+00:00,1,15.813,2,2,1,0
2020-01-01 03:00:00+00:00,0,0.0,3,2,1,0
2020-01-01 04:00:00+00:00,0,0.0,4,2,1,0
2020-01-01 05:00:00+00:00,0,0.0,5,2,1,0
2020-01-01 06:00:00+00:00,0,0.0,6,2,1,0
2020-01-01 07:00:00+00:00,0,0.0,7,2,1,0
2020-01-01 08:00:00+00:00,0,0.0,8,2,1,0
2020-01-01 09:00:00+00:00,1,32.02,9,2,1,0
2020-01-01 10:00:00+00:00,0,0.0,10,2,1,0
2020-01-01 11:00:00+00:00,0,0.0,11,2,1,0
2020-01-01 12:00:00+00:00,0,0.0,12,2,1,0
2020-01-01 13:00:00+00:00,0,0.0,13,2,1,0
2020-01-01 14:00:00+00:00,0,0.0,14,2,1,0
2020-01-01 15:00:00+00:00,0,0.0,15,2,1,0
2020-01-01 16:00:00+00:00,0,0.0,16,2,1,0
2020-01-01 17:00:00+00:00,0,0.0,17,2,1,0
2020-01-01 18:00:00+00:00,1,2.328,18,2,1,0
2020-01-01 19:00:00+00:00,1,19.868,19,2,1,0
2020-01-01 20:00:00+00:00,0,0.0,20,2,1,0
2020-01-01 21:00:00+00:00,0,0.0,21,2,1,0
2020-01-01 22:00:00+00:00,0,0.0,22,2,1,0
2020-01-01 23:00:00+00:00,0,0.0,23,2,1,0
2020-01-02 00:00:00+00:00,0,0.0,0,3,1,0
2020-01-02 01:00:00+00:00,1,8.336,1,3,1,0
2020-01-02 02:00:00+00:00,0,0.0,2,3,1,0
2020-01-02 03:00:00+00:00,0,0.0,3,3,1,0
2020-01-02 04:00:00+00:00,1,14.731,4,3,1,0
2020-01-02 05:00:00+00:00,0,0.0,5,3,1,0
2020-01-02 06:00:00+00:00,0,0.0,6,3,1,0
2020-01-02 07:00:00+00:00,0,0.0,7,3,1,0
2020-01-02 08:00:00+00:00,0,0.0,8,3,1,0
2020-01-02 09:00:00+00:00,0,0.0,9,3,1,0
2020-01-02 10:00:00+00:00,0,0.0,10,3,1,0
2020-01-02 11:00:00+00:00,0,0.0,11,3,1,0
2020-01-02 12:00:00+00:00,0,0.0,12,3,1,0
2020-01-02 13:00:00+00:00,0,0.0,13,3,1,0
2020-01-02 14:00:00+00:00,0,0.0,14,3,1,0
2020-01-02 15:00:00+00:00,0,0.0,15,3,1,0
2020-01-02 16:00:00+00:00,3,53.726,16,3,1,0
2020-01-02 17:00:00+00:00,4,37.727,17,3,1,0
2020-01-02 18:00:00+00:00,4,21.289,18,3,1,0
2020-01-02 19:00:00+00:00,0,0.0,19,3,1,0
2020-01-02 20:00:00+00:00,0,0.0,20,3,1,0
2020-01-02 21:00:00+00:00,1,0.956,21,3,1,0
2020-01-02 22:00:00+00:00,2,19.425,22,3,1,0
2020-01-02 23:00:00+00:00,0,0.0,23,3,1,0
2020-01-03 00:00:00+00:00,1,0.913,0,4,1,0
2020-01-03 01:00:00+00:00,0,0.0,1,4,1,0
2020-01-03 02:00:00+00:00,1,8.768,2,4,1,0
2020-01-03 03:00:00+00:00,0,0.0,3,4,1,0
2020-01-03 04:00:00+00:00,0,0.0,4,4,1,0
2020-01-03 05:00:00+00:00,0,0.0,5,4,1,0
2020-01-03 06:00:00+00:00,0,0.0,6,4,1,0
2020-01-03 07:00:00+00:00,0,0.0,7,4,1,0
2020-01-03 08:00:00+00:00,0,0.0,8,4,1,0
2020-01-03 09:00:00+00:00,0,0.0,9,4,1,0
2020-01-03 10:00:00+00:00,0,0.0,10,4,1,0
2020-01-03 11:00:00+00:00,0,0.0,11,4,1,0
2020-01-03 12:00:00+00:00,0,0.0,12,4,1,0
2020-01-03 13:00:00+00:00,0,0.0,13,4,1,0
2020-01-03 14:00:00+00:00,0,0.0,14,4,1,0
2020-01-03 15:00:00+00:00,0,0.0,15,4,1,0
2020-01-03 16:00:00+00:00,3,15.591,16,4,1,0
2020-01-03 17:00:00+00:00,4,18.218,17,4,1,0
2020-01-03 18:00:00+00:00,3,14.091,18,4,1,0
2020-01-03 19:00:00+00:00,2,6.499,19,4,1,0
2020-01-03 20:00:00+00:00,0,0.0,20,4,1,0
2020-01-03 21:00:00+00:00,0,0.0,21,4,1,0
2020-01-03 22:00:00+00:00,0,0.0,22,4,1,0
2020-01-03 23:00:00+00:00,0,0.0,23,4,1,0
2020-01-04 00:00:00+00:00,1,4.98,0,5,1,1
2020-01-04 01:00:00+00:00,0,0.0,1,5,1,1
2020-01-04 02:00:00+00:00,1,11.271,2,5,1,1
2020-01-04 03:00:00+00:00,1,2.127,3,5,1,1
2020-01-04 04:00:00+00:00,0,0.0,4,5,1,1
2020-01-04 05:00:00+00:00,0,0.0,5,5,1,1
2020-01-04 06:00:00+00:00,0,0.0,6,5,1,1
2020-01-04 07:00:00+00:00,0,0.0,7,5,1,1
2020-01-04 08:00:00+00:00,0,0.0,8,5,1,1
2020-01-04 09:00:00+00:00,0,0.0,9,5,1,1
2020-01-04 10:00:00+00:00,0,0.0,10,5,1,1
2020-01-04 11:00:00+00:00,0,0.0,11,5,1,1
2020-01-04 12:00:00+00:00,0,0.0,12,5,1,1
2020-01-04 13:00:00+00:00,0,0.0,13,5,1,1
2020-01-04 14:00:00+00:00,0,0.0,14,5,1,1
2020-01-04 15:00:00+00:00,0,0.0,15,5,1,1
2020-01-04 16:00:00+00:00,3,56.92700000000001,16,5,1,1
2020-01-04 17:00:00+00:00,1,3.64,17,5,1,1
2020-01-04 18:00:00+00:00,0,0.0,18,5,1,1
2020-01-04 19:00:00+00:00,1,0.879,19,5,1,1
2020-01-04 20:00:00+00:00,1,2.505,20,5,1,1
2020-01-04 21:00:00+00:00,0,0.0,21,5,1,1
2020-01-04 22:00:00+00:00,0,0.0,22,5,1,1
2020-01-04 23:00:00+00:00,1,0.79,23,5,1,1
2020-01-05 00:00:00+00:00,3,2.442395277777778,0,6,1,1
2020-01-05 01:00:00+00:00,0,0.0,1,6,1,1
2020-01-05 02:00:00+00:00,2,14.645,2,6,1,1
2020-01-05 03:00:00+00:00,0,0.0,3,6,1,1
2020-01-05 04:00:00+00:00,0,0.0,4,6,1,1
2020-01-05 05:00:00+00:00,0,0.0,5,6,1,1
2020-01-05 06:00:00+00:00,0,0.0,6,6,1,1
2020-01-05 07:00:00+00:00,0,0.0,7,6,1,1
2020-01-05 08:00:00+00:00,0,0.0,8,6,1,1
2020-01-05 09:00:00+00:00,0,0.0,9,6,1,1
2020-01-05 10:00:00+00:00,0,0.0,10,6,1,1
2020-01-05 11:00:00+00:00,0,0.0,11,6,1,1
2020-01-05 12:00:00+00:00,0,0.0,12,6,1,1
2020-01-05 13:00:00+00:00,0,0.0,13,6,1,1
2020-01-05 14:00:00+00:00,0,0.0,14,6,1,1
2020-01-05 15:00:00+00:00,0,0.0,15,6,1,1
2020-01-05 16:00:00+00:00,0,0.0,16,6,1,1
2020-01-05 17:00:00+00:00,1,4.689,17,6,1,1
2020-01-05 18:00:00+00:00,0,0.0,18,6,1,1
2020-01-05 19:00:00+00:00,1,1.441,19,6,1,1
2020-01-05 20:00:00+00:00,2,13.912,20,6,1,1
2020-01-05 21:00:00+00:00,0,0.0,21,6,1,1
2020-01-05 22:00:00+00:00,0,0.0,22,6,1,1
2020-01-05 23:00:00+00:00,2,2.927,23,6,1,1
2020-01-06 00:00:00+00:00,0,0.0,0,0,1,0
2020-01-06 01:00:00+00:00,0,0.0,1,0,1,0
2020-01-06 02:00:00+00:00,0,0.0,2,0,1,0
2020-01-06 03:00:00+00:00,0,0.0,3,0,1,0
2020-01-06 04:00:00+00:00,0,0.0,4,0,1,0
2020-01-06 05:00:00+00:00,0,0.0,5,0,1,0
2020-01-06 06:00:00+00:00,0,0.0,6,0,1,0
2020-01-06 07:00:00+00:00,0,0.0,7,0,1,0
2020-01-06 08:00:00+00:00,0,0.0,8,0,1,0
2020-01-06 09:00:00+00:00,0,0.0,9,0,1,0
2020-01-06 10:00:00+00:00,0,0.0,10,0,1,0
2020-01-06 11:00:00+00:00,0,0.0,11,0,1,0
2020-01-06 12:00:00+00:00,0,0.0,12,0,1,0
2020-01-06 13:00:00+00:00,0,0.0,13,0,1,0
2020-01-06 14:00:00+00:00,0,0.0,14,0,1,0
2020-01-06 15:00:00+00:00,2,25.092,15,0,1,0
2020-01-06 16:00:00+00:00,7,58.582,16,0,1,0
2020-01-06 17:00:00+00:00,7,52.635000000000005,17,0,1,0
2020-01-06 18:00:00+00:00,4,18.926,18,0,1,0
2020-01-06 19:00:00+00:00,1,4.693,19,0,1,0
2020-01-06 20:00:00+00:00,1,3.343,20,0,1,0
2020-01-06 21:00:00+00:00,1,0.591,21,0,1,0
2020-01-06 22:00:00+00:00,0,0.0,22,0,1,0
2020-01-06 23:00:00+00:00,2,4.772,23,0,1,0
2020-01-07 00:00:00+00:00,1,0.888,0,1,1,0
2020-01-07 01:00:00+00:00,0,0.0,1,1,1,0
2020-01-07 02:00:00+00:00,0,0.0,2,1,1,0
2020-01-07 03:00:00+00:00,0,0.0,3,1,1,0
2020-01-07 04:00:00+00:00,0,0.0,4,1,1,0
2020-01-07 05:00:00+00:00,0,0.0,5,1,1,0
2020-01-07 06:00:00+00:00,0,0.0,6,1,1,0
2020-01-07 07:00:00+00:00,0,0.0,7,1,1,0
2020-01-07 08:00:00+00:00,0,0.0,8,1,1,0
2020-01-07 09:00:00+00:00,0,0.0,9,1,1,0
2020-01-07 10:00:00+00:00,0,0.0,10,1,1,0
2020-01-07 11:00:00+00:00,0,0.0,11,1,1,0
2020-01-07 12:00:00+00:00,0,0.0,12,1,1,0
2020-01-07 13:00:00+00:00,0,0.0,13,1,1,0
2020-01-07 14:00:00+00:00,0,0.0,14,1,1,0
2020-01-07 15:00:00+00:00,0,0.0,15,1,1,0
2020-01-07 16:00:00+00:00,8,67.412,16,1,1,0
2020-01-07 17:00:00+00:00,4,24.468,17,1,1,0
2020-01-07 18:00:00+00:00,5,34.449,18,1,1,0
2020-01-07 19:00:00+00:00,2,18.566,19,1,1,0
2020-01-07 20:00:00+00:00,6,45.626,20,1,1,0
2020-01-07 21:00:00+00:00,2,6.356,21,1,1,0
2020-01-07 22:00:00+00:00,0,0.0,22,1,1,0
2020-01-07 23:00:00+00:00,0,0.0,23,1,1,0
2020-01-08 00:00:00+00:00,2,7.054,0,2,1,0
2020-01-08 01:00:00+00:00,2,16.732,1,2,1,0
2020-01-08 02:00:00+00:00,0,0.0,2,2,1,0
2020-01-08 03:00:00+00:00,3,17.291,3,2,1,0
2020-01-08 04:00:00+00:00,0,0.0,4,2,1,0
2020-01-08 05:00:00+00:00,0,0.0,5,2,1,0
2020-01-08 06:00:00+00:00,0,0.0,6,2,1,0
2020-01-08 07:00:00+00:00,0,0.0,7,2,1,0
2020-01-08 08:00:00+00:00,0,0.0,8,2,1,0
2020-01-08 09:00:00+00:00,0,0.0,9,2,1,0
2020-01-08 10:00:00+00:00,0,0.0,10,2,1,0
2020-01-08 11:00:00+00:00,0,0.0,11,2,1,0
2020-01-08 12:00:00+00:00,0,0.0,12,2,1,0
2020-01-08 13:00:00+00:00,0,0.0,13,2,1,0
2020-01-08 14:00:00+00:00,0,0.0,14,2,1,0
2020-01-08 15:00:00+00:00,0,0.0,15,2,1,0
2020-01-08 16:00:00+00:00,7,48.442,16,2,1,0
2020-01-08 17:00:00+00:00,6,43.584,17,2,1,0
2020-01-08 18:00:00+00:00,1,13.13,18,2,1,0
2020-01-08 19:00:00+00:00,2,7.039,19,2,1,0
2020-01-08 20:00:00+00:00,3,35.660000000000004,20,2,1,0
2020-01-08 21:00:00+00:00,1,6.756,21,2,1,0
2020-01-08 22:00:00+00:00,0,0.0,22,2,1,0
2020-01-08 23:00:00+00:00,0,0.0,23,2,1,0
2020-01-09 00:00:00+00:00,0,0.0,0,3,1,0
2020-01-09 01:00:00+00:00,0,0.0,1,3,1,0
2020-01-09 02:00:00+00:00,1,11.746,2,3,1,0
2020-01-09 03:00:00+00:00,0,0.0,3,3,1,0
2020-01-09 04:00:00+00:00,1,4.627,4,3,1,0
2020-01-09 05:00:00+00:00,0,0.0,5,3,1,0
2020-01-09 06:00:00+00:00,0,0.0,6,3,1,0
2020-01-09 07:00:00+00:00,0,0.0,7,3,1,0
2020-01-09 08:00:00+00:00,0,0.0,8,3,1,0
2020-01-09 09:00:00+00:00,0,0.0,9,3,1,0
2020-01-09 10:00:00+00:00,0,0.0,10,3,1,0
2020-01-09 11:00:00+00:00,0,0.0,11,3,1,0
2020-01-09 12:00:00+00:00,0,0.0,12,3,1,0
2020-01-09 13:00:00+00:00,0,0.0,13,3,1,0
2020-01-09 14:00:00+00:00,0,0.0,14,3,1,0
2020-01-09 15:00:00+00:00,0,0.0,15,3,1,0
2020-01-09 16:00:00+00:00,8,87.55,16,3,1,0
2020-01-09 17:00:00+00:00,5,25.913,17,3,1,0
2020-01-09 18:00:00+00:00,10,48.845,18,3,1,0
2020-01-09 19:00:00+00:00,3,20.828,19,3,1,0
2020-01-09 20:00:00+00:00,3,6.321,20,3,1,0
2020-01-09 21:00:00+00:00,2,39.013,21,3,1,0
2020-01-09 22:00:00+00:00,0,0.0,22,3,1,0
2020-01-09 23:00:00+00:00,2,4.9079999999999995,23,3,1,0
2020-01-10 00:00:00+00:00,0,0.0,0,4,1,0
2020-01-10 01:00:00+00:00,1,15.375,1,4,1,0
2020-01-10 02:00:00+00:00,3,5.493,2,4,1,0
2020-01-10 03:00:00+00:00,1,15.866,3,4,1,0
2020-01-10 04:00:00+00:00,1,9.097,4,4,1,0
2020-01-10 05:00:00+00:00,0,0.0,5,4,1,0
2020-01-10 06:00:00+00:00,0,0.0,6,4,1,0
2020-01-10 07:00:00+00:00,0,0.0,7,4,1,0
2020-01-10 08:00:00+00:00,0,0.0,8,4,1,0
2020-01-10 09:00:00+00:00,0,0.0,9,4,1,0
2020-01-10 10:00:00+00:00,0,0.0,10,4,1,0
2020-01-10 11:00:00+00:00,0,0.0,11,4,1,0
2020-01-10 12:00:00+00:00,1,7.329,12,4,1,0
2020-01-10 13:00:00+00:00,0,0.0,13,4,1,0
2020-01-10 14:00:00+00:00,0,0.0,14,4,1,0
2020-01-10 15:00:00+00:00,4,31.648,15,4,1,0
2020-01-10 16:00:00+00:00,6,32.599,16,4,1,0
2020-01-10 17:00:00+00:00,6,65.565,17,4,1,0
2020-01-10 18:00:00+00:00,8,31.583,18,4,1,0
2020-01-10 19:00:00+00:00,2,15.677,19,4,1,0
2020-01-10 20:00:00+00:00,6,17.102,20,4,1,0
2020-01-10 21:00:00+00:00,0,0.0,21,4,1,0
2020-01-10 22:00:00+00:00,1,6.545,22,4,1,0
2020-01-10 23:00:00+00:00,1,3.687,23,4,1,0
2020-01-11 00:00:00+00:00,0,0.0,0,5,1,1
2020-01-11 01:00:00+00:00,1,2.056,1,5,1,1
2020-01-11 02:00:00+00:00,0,0.0,2,5,1,1
2020-01-11 03:00:00+00:00,0,0.0,3,5,1,1
2020-01-11 04:00:00+00:00,0,0.0,4,5,1,1
2020-01-11 05:00:00+00:00,0,0.0,5,5,1,1
2020-01-11 06:00:00+00:00,0,0.0,6,5,1,1
2020-01-11 07:00:00+00:00,0,0.0,7,5,1,1
2020-01-11 08:00:00+00:00,0,0.0,8,5,1,1
2020-01-11 09:00:00+00:00,0,0.0,9,5,1,1
2020-01-11 10:00:00+00:00,0,0.0,10,5,1,1
2020-01-11 11:00:00+00:00,0,0.0,11,5,1,1
2020-01-11 12:00:00+00:00,0,0.0,12,5,1,1
2020-01-11 13:00:00+00:00,0,0.0,13,5,1,1
2020-01-11 14:00:00+00:00,1,15.707,14,5,1,1
2020-01-11 15:00:00+00:00,0,0.0,15,5,1,1
2020-01-11 16:00:00+00:00,1,0.98,16,5,1,1
2020-01-11 17:00:00+00:00,1,17.409,17,5,1,1
2020-01-11 18:00:00+00:00,0,0.0,18,5,1,1
2020-01-11 19:00:00+00:00,1,2.063,19,5,1,1
2020-01-11 20:00:00+00:00,0,0.0,20,5,1,1
2020-01-11 21:00:00+00:00,0,0.0,21,5,1,1
2020-01-11 22:00:00+00:00,3,39.217,22,5,1,1
2020-01-11 23:00:00+00:00,0,0.0,23,5,1,1
2020-01-12 00:00:00+00:00,0,0.0,0,6,1,1
2020-01-12 01:00:00+00:00,0,0.0,1,6,1,1
2020-01-12 02:00:00+00:00,0,0.0,2,6,1,1
2020-01-12 03:00:00+00:00,0,0.0,3,6,1,1
2020-01-12 04:00:00+00:00,0,0.0,4,6,1,1
2020-01-12 05:00:00+00:00,0,0.0,5,6,1,1
2020-01-12 06:00:00+00:00,0,0.0,6,6,1,1
2020-01-12 07:00:00+00:00,0,0.0,7,6,1,1
2020-01-12 08:00:00+00:00,0,0.0,8,6,1,1
2020-01-12 09:00:00+00:00,0,0.0,9,6,1,1
2020-01-12 10:00:00+00:00,0,0.0,10,6,1,1
2020-01-12 11:00:00+00:00,0,0.0,11,6,1,1
2020-01-12 12:00:00+00:00,0,0.0,12,6,1,1
2020-01-12 13:00:00+00:00,0,0.0,13,6,1,1
2020-01-12 14:00:00+00:00,0,0.0,14,6,1,1
2020-01-12 15:00:00+00:00,0,0.0,15,6,1,1
2020-01-12 16:00:00+00:00,1,33.232,16,6,1,1
2020-01-12 17:00:00+00:00,1,0.675,17,6,1,1
2020-01-12 18:00:00+00:00,1,7.883,18,6,1,1
2020-01-12 19:00:00+00:00,0,0.0,19,6,1,1
2020-01-12 20:00:00+00:00,1,6.77,20,6,1,1
2020-01-12 21:00:00+00:00,0,0.0,21,6,1,1
2020-01-12 22:00:00+00:00,0,0.0,22,6,1,1
2020-01-12 23:00:00+00:00,0,0.0,23,6,1,1
2020-01-13 00:00:00+00:00,0,0.0,0,0,1,0
2020-01-13 01:00:00+00:00,2,7.471,1,0,1,0
2020-01-13 02:00:00+00:00,2,68.12,2,0,1,0
2020-01-13 03:00:00+00:00,0,0.0,3,0,1,0
2020-01-13 04:00:00+00:00,0,0.0,4,0,1,0
2020-01-13 05:00:00+00:00,0,0.0,5,0,1,0
2020-01-13 06:00:00+00:00,0,0.0,6,0,1,0
2020-01-13 07:00:00+00:00,0,0.0,7,0,1,0
2020-01-13 08:00:00+00:00,0,0.0,8,0,1,0
2020-01-13 09:00:00+00:00,0,0.0,9,0,1,0
2020-01-13 10:00:00+00:00,0,0.0,10,0,1,0
2020-01-13 11:00:00+00:00,0,0.0,11,0,1,0
2020-01-13 12:00:00+00:00,0,0.0,12,0,1,0
2020-01-13 13:00:00+00:00,0,0.0,13,0,1,0
2020-01-13 14:00:00+00:00,2,25.997,14,0,1,0
2020-01-13 15:00:00+00:00,2,21.639,15,0,1,0
2020-01-13 16:00:00+00:00,10,168.807,16,0,1,0
2020-01-13 17:00:00+00:00,14,142.639,17,0,1,0
2020-01-13 18:00:00+00:00,5,77.80799999999999,18,0,1,0
2020-01-13 19:00:00+00:00,1,4.429,19,0,1,0
2020-01-13 20:00:00+00:00,6,48.966,20,0,1,0
2020-01-13 21:00:00+00:00,1,1.007,21,0,1,0
2020-01-13 22:00:00+00:00,0,0.0,22,0,1,0
2020-01-13 23:00:00+00:00,1,7.668,23,0,1,0
2020-01-14 00:00:00+00:00,0,0.0,0,1,1,0
2020-01-14 01:00:00+00:00,1,0.995,1,1,1,0
2020-01-14 02:00:00+00:00,1,0.571,2,1,1,0
2020-01-14 03:00:00+00:00,0,0.0,3,1,1,0
2020-01-14 04:00:00+00:00,0,0.0,4,1,1,0
2020-01-14 05:00:00+00:00,0,0.0,5,1,1,0
2020-01-14 06:00:00+00:00,0,0.0,6,1,1,0
2020-01-14 07:00:00+00:00,0,0.0,7,1,1,0
2020-01-14 08:00:00+00:00,0,0.0,8,1,1,0
2020-01-14 09:00:00+00:00,0,0.0,9,1,1,0
2020-01-14 10:00:00+00:00,0,0.0,10,1,1,0
2020-01-14 11:00:00+00:00,0,0.0,11,1,1,0
2020-01-14 12:00:00+00:00,0,0.0,12,1,1,0
2020-01-14 13:00:00+00:00,0,0.0,13,1,1,0
2020-01-14 14:00:00+00:00,0,0.0,14,1,1,0
2020-01-14 15:00:00+00:00,2,26.618,15,1,1,0
2020-01-14 16:00:00+00:00,10,56.454,16,1,1,0
2020-01-14 17:00:00+00:00,8,89.258,17,1,1,0
2020-01-14 18:00:00+00:00,9,49.771,18,1,1,0
2020-01-14 19:00:00+00:00,3,52.376000000000005,19,1,1,0
2020-01-14 20:00:00+00:00,3,16.35,20,1,1,0
2020-01-14 21:00:00+00:00,1,1.997,21,1,1,0
2020-01-14 22:00:00+00:00,2,5.996,22,1,1,0
2020-01-14 23:00:00+00:00,3,13.424,23,1,1,0
2020-01-15 00:00:00+00:00,1,12.187,0,2,1,0
2020-01-15 01:00:00+00:00,0,0.0,1,2,1,0
2020-01-15 02:00:00+00:00,2,2.2649999999999997,2,2,1,0
2020-01-15 03:00:00+00:00,1,13.406,3,2,1,0
2020-01-15 04:00:00+00:00,1,10.748,4,2,1,0
2020-01-15 05:00:00+00:00,0,0.0,5,2,1,0
2020-01-15 06:00:00+00:00,0,0.0,6,2,1,0
2020-01-15 07:00:00+00:00,0,0.0,7,2,1,0
2020-01-15 08:00:00+00:00,0,0.0,8,2,1,0
2020-01-15 09:00:00+00:00,0,0.0,9,2,1,0
2020-01-15 10:00:00+00:00,0,0.0,10,2,1,0
2020-01-15 11:00:00+00:00,0,0.0,11,2,1,0
2020-01-15 12:00:00+00:00,1,12.955,12,2,1,0
2020-01-15 13:00:00+00:00,0,0.0,13,2,1,0
2020-01-15 14:00:00+00:00,1,14.574,14,2,1,0
2020-01-15 15:00:00+00:00,1,0.845,15,2,1,0
2020-01-15 16:00:00+00:00,6,91.942,16,2,1,0
2020-01-15 17:00:00+00:00,10,67.79756055555555,17,2,1,0
2020-01-15 18:00:00+00:00,9,82.868,18,2,1,0
2020-01-15 19:00:00+00:00,1,25.256,19,2,1,0
2020-01-15 20:00:00+00:00,4,36.617,20,2,1,0
2020-01-15 21:00:00+00:00,3,37.538,21,2,1,0
2020-01-15 22:00:00+00:00,2,7.932,22,2,1,0
2020-01-15 23:00:00+00:00,0,0.0,23,2,1,0
2020-01-16 00:00:00+00:00,1,3.644,0,3,1,0
2020-01-16 01:00:00+00:00,0,0.0,1,3,1,0
2020-01-16 02:00:00+00:00,1,4.953,2,3,1,0
2020-01-16 03:00:00+00:00,1,5.312,3,3,1,0
2020-01-16 04:00:00+00:00,0,0.0,4,3,1,0
2020-01-16 05:00:00+00:00,0,0.0,5,3,1,0
2020-01-16 06:00:00+00:00,0,0.0,6,3,1,0
2020-01-16 07:00:00+00:00,0,0.0,7,3,1,0
2020-01-16 08:00:00+00:00,0,0.0,8,3,1,0
2020-01-16 09:00:00+00:00,0,0.0,9,3,1,0
2020-01-16 10:00:00+00:00,0,0.0,10,3,1,0
2020-01-16 11:00:00+00:00,0,0.0,11,3,1,0
2020-01-16 12:00:00+00:00,0,0.0,12,3,1,0
2020-01-16 13:00:00+00:00,0,0.0,13,3,1,0
2020-01-16 14:00:00+00:00,0,0.0,14,3,1,0
2020-01-16 15:00:00+00:00,2,7.389,15,3,1,0
2020-01-16 16:00:00+00:00,10,75.651,16,3,1,0
2020-01-16 17:00:00+00:00,10,75.975,17,3,1,0
2020-01-16 18:00:00+00:00,10,68.742,18,3,1,0
2020-01-16 19:00:00+00:00,2,22.832,19,3,1,0
2020-01-16 20:00:00+00:00,3,20.338,20,3,1,0
2020-01-16 21:00:00+00:00,4,32.106,21,3,1,0
2020-01-16 22:00:00+00:00,3,13.136,22,3,1,0
2020-01-16 23:00:00+00:00,1,3.739,23,3,1,0
2020-01-17 00:00:00+00:00,1,7.716,0,4,1,0
2020-01-17 01:00:00+00:00,2,8.011,1,4,1,0
2020-01-17 02:00:00+00:00,1,13.85,2,4,1,0
2020-01-17 03:00:00+00:00,0,0.0,3,4,1,0
2020-01-17 04:00:00+00:00,1,9.503,4,4,1,0
2020-01-17 05:00:00+00:00,0,0.0,5,4,1,0
2020-01-17 06:00:00+00:00,1,48.767,6,4,1,0
2020-01-17 07:00:00+00:00,0,0.0,7,4,1,0
2020-01-17 08:00:00+00:00,0,0.0,8,4,1,0
2020-01-17 09:00:00+00:00,0,0.0,9,4,1,0
2020-01-17 10:00:00+00:00,0,0.0,10,4,1,0
2020-01-17 11:00:00+00:00,0,0.0,11,4,1,0
2020-01-17 12:00:00+00:00,0,0.0,12,4,1,0
2020-01-17 13:00:00+00:00,0,0.0,13,4,1,0
2020-01-17 14:00:00+00:00,1,3.628,14,4,1,0
2020-01-17 15:00:00+00:00,0,0.0,15,4,1,0
2020-01-17 16:00:00+00:00,9,62.89,16,4,1,0
2020-01-17 17:00:00+00:00,12,140.241,17,4,1,0
2020-01-17 18:00:00+00:00,3,39.82,18,4,1,0
2020-01-17 19:00:00+00:00,0,0.0,19,4,1,0
2020-01-17 20:00:00+00:00,1,0.808,20,4,1,0
2020-01-17 21:00:00+00:00,2,8.143,21,4,1,0
2020-01-17 22:00:00+00:00,1,10.541,22,4,1,0
2020-01-17 23:00:00+00:00,0,0.0,23,4,1,0
2020-01-18 00:00:00+00:00,1,0.896,0,5,1,1
2020-01-18 01:00:00+00:00,2,3.1689999999999996,1,5,1,1
2020-01-18 02:00:00+00:00,0,0.0,2,5,1,1
2020-01-18 03:00:00+00:00,1,39.954,3,5,1,1
2020-01-18 04:00:00+00:00,0,0.0,4,5,1,1
2020-01-18 05:00:00+00:00,0,0.0,5,5,1,1
2020-01-18 06:00:00+00:00,0,0.0,6,5,1,1
2020-01-18 07:00:00+00:00,0,0.0,7,5,1,1
2020-01-18 08:00:00+00:00,0,0.0,8,5,1,1
2020-01-18 09:00:00+00:00,0,0.0,9,5,1,1
2020-01-18 10:00:00+00:00,0,0.0,10,5,1,1
2020-01-18 11:00:00+00:00,0,0.0,11,5,1,1
2020-01-18 12:00:00+00:00,0,0.0,12,5,1,1
2020-01-18 13:00:00+00:00,0,0.0,13,5,1,1
2020-01-18 14:00:00+00:00,0,0.0,14,5,1,1
2020-01-18 15:00:00+00:00,0,0.0,15,5,1,1
2020-01-18 16:00:00+00:00,0,0.0,16,5,1,1
2020-01-18 17:00:00+00:00,0,0.0,17,5,1,1
2020-01-18 18:00:00+00:00,2,4.599,18,5,1,1
2020-01-18 19:00:00+00:00,0,0.0,19,5,1,1
2020-01-18 20:00:00+00:00,1,5.862,20,5,1,1
2020-01-18 21:00:00+00:00,0,0.0,21,5,1,1
2020-01-18 22:00:00+00:00,1,0.903,22,5,1,1
2020-01-18 23:00:00+00:00,1,5.122,23,5,1,1
2020-01-19 00:00:00+00:00,0,0.0,0,6,1,1
2020-01-19 01:00:00+00:00,0,0.0,1,6,1,1
2020-01-19 02:00:00+00:00,0,0.0,2,6,1,1
2020-01-19 03:00:00+00:00,0,0.0,3,6,1,1
2020-01-19 04:00:00+00:00,0,0.0,4,6,1,1
2020-01-19 05:00:00+00:00,0,0.0,5,6,1,1
2020-01-19 06:00:00+00:00,0,0.0,6,6,1,1
2020-01-19 07:00:00+00:00,0,0.0,7,6,1,1
2020-01-19 08:00:00+00:00,0,0.0,8,6,1,1
2020-01-19 09:00:00+00:00,0,0.0,9,6,1,1
2020-01-19 10:00:00+00:00,1,5.761,10,6,1,1
2020-01-19 11:00:00+00:00,0,0.0,11,6,1,1
2020-01-19 12:00:00+00:00,0,0.0,12,6,1,1
2020-01-19 13:00:00+00:00,0,0.0,13,6,1,1
2020-01-19 14:00:00+00:00,0,0.0,14,6,1,1
2020-01-19 15:00:00+00:00,0,0.0,15,6,1,1
2020-01-19 16:00:00+00:00,0,0.0,16,6,1,1
2020-01-19 17:00:00+00:00,0,0.0,17,6,1,1
2020-01-19 18:00:00+00:00,1,4.848,18,6,1,1
2020-01-19 19:00:00+00:00,0,0.0,19,6,1,1
2020-01-19 20:00:00+00:00,1,9.755,20,6,1,1
2020-01-19 21:00:00+00:00,1,6.491,21,6,1,1
2020-01-19 22:00:00+00:00,0,0.0,22,6,1,1
2020-01-19 23:00:00+00:00,0,0.0,23,6,1,1
2020-01-20 00:00:00+00:00,0,0.0,0,0,1,0
2020-01-20 01:00:00+00:00,1,10.846,1,0,1,0
2020-01-20 02:00:00+00:00,1,0.884,2,0,1,0
2020-01-20 03:00:00+00:00,0,0.0,3,0,1,0
2020-01-20 04:00:00+00:00,1,0.989,4,0,1,0
2020-01-20 05:00:00+00:00,0,0.0,5,0,1,0
2020-01-20 06:00:00+00:00,0,0.0,6,0,1,0
2020-01-20 07:00:00+00:00,0,0.0,7,0,1,0
2020-01-20 08:00:00+00:00,0,0.0,8,0,1,0
2020-01-20 09:00:00+00:00,0,0.0,9,0,1,0
2020-01-20 10:00:00+00:00,0,0.0,10,0,1,0
2020-01-20 11:00:00+00:00,0,0.0,11,0,1,0
2020-01-20 12:00:00+00:00,0,0.0,12,0,1,0
2020-01-20 13:00:00+00:00,0,0.0,13,0,1,0
2020-01-20 14:00:00+00:00,0,0.0,14,0,1,0
2020-01-20 15:00:00+00:00,0,0.0,15,0,1,0
2020-01-20 16:00:00+00:00,0,0.0,16,0,1,0
2020-01-20 17:00:00+00:00,4,57.131,17,0,1,0
2020-01-20 18:00:00+00:00,3,6.0169999999999995,18,0,1,0
2020-01-20 19:00:00+00:00,0,0.0,19,0,1,0
2020-01-20 20:00:00+00:00,0,0.0,20,0,1,0
2020-01-20 21:00:00+00:00,0,0.0,21,0,1,0
2020-01-20 22:00:00+00:00,0,0.0,22,0,1,0
2020-01-20 23:00:00+00:00,0,0.0,23,0,1,0
2020-01-21 00:00:00+00:00,1,3.287,0,1,1,0
2020-01-21 01:00:00+00:00,2,8.168000000000001,1,1,1,0
2020-01-21 02:00:00+00:00,1,12.002,2,1,1,0
2020-01-21 03:00:00+00:00,0,0.0,3,1,1,0
2020-01-21 04:00:00+00:00,0,0.0,4,1,1,0
2020-01-21 05:00:00+00:00,0,0.0,5,1,1,0
2020-01-21 06:00:00+00:00,0,0.0,6,1,1,0
2020-01-21 07:00:00+00:00,0,0.0,7,1,1,0
2020-01-21 08:00:00+00:00,0,0.0,8,1,1,0
2020-01-21 09:00:00+00:00,0,0.0,9,1,1,0
2020-01-21 10:00:00+00:00,0,0.0,10,1,1,0
2020-01-21 11:00:00+00:00,0,0.0,11,1,1,0
2020-01-21 12:00:00+00:00,0,0.0,12,1,1,0
2020-01-21 13:00:00+00:00,0,0.0,13,1,1,0
2020-01-21 14:00:00+00:00,2,25.009,14,1,1,0
2020-01-21 15:00:00+00:00,2,22.391,15,1,1,0
2020-01-21 16:00:00+00:00,8,41.978,16,1,1,0
2020-01-21 17:00:00+00:00,11,71.965,17,1,1,0
2020-01-21 18:00:00+00:00,8,133.546,18,1,1,0
2020-01-21 19:00:00+00:00,4,37.314,19,1,1,0
2020-01-21 20:00:00+00:00,3,9.221,20,1,1,0
2020-01-21 21:00:00+00:00,1,7.017,21,1,1,0
2020-01-21 22:00:00+00:00,2,7.337,22,1,1,0
2020-01-21 23:00:00+00:00,1,0.892,23,1,1,0
2020-01-22 00:00:00+00:00,0,0.0,0,2,1,0
2020-01-22 01:00:00+00:00,1,42.768,1,2,1,0
2020-01-22 02:00:00+00:00,0,0.0,2,2,1,0
2020-01-22 03:00:00+00:00,2,14.997,3,2,1,0
2020-01-22 04:00:00+00:00,1,9.14,4,2,1,0
2020-01-22 05:00:00+00:00,0,0.0,5,2,1,0
2020-01-22 06:00:00+00:00,0,0.0,6,2,1,0
2020-01-22 07:00:00+00:00,0,0.0,7,2,1,0
2020-01-22 08:00:00+00:00,0,0.0,8,2,1,0
2020-01-22 09:00:00+00:00,0,0.0,9,2,1,0
2020-01-22 10:00:00+00:00,0,0.0,10,2,1,0
2020-01-22 11:00:00+00:00,0,0.0,11,2,1,0
2020-01-22 12:00:00+00:00,0,0.0,12,2,1,0
2020-01-22 13:00:00+00:00,0,0.0,13,2,1,0
2020-01-22 14:00:00+00:00,0,0.0,14,2,1,0
2020-01-22 15:00:00+00:00,0,0.0,15,2,1,0
2020-01-22 16:00:00+00:00,5,39.67,16,2,1,0
2020-01-22 17:00:00+00:00,15,72.778,17,2,1,0
2020-01-22 18:00:00+00:00,7,50.205000000000005,18,2,1,0
2020-01-22 19:00:00+00:00,3,28.693,19,2,1,0
2020-01-22 20:00:00+00:00,0,0.0,20,2,1,0
2020-01-22 21:00:00+00:00,3,2.671,21,2,1,0
2020-01-22 22:00:00+00:00,1,0.894,22,2,1,0
2020-01-22 23:00:00+00:00,2,19.596,23,2,1,0
2020-01-23 00:00:00+00:00,0,0.0,0,3,1,0
2020-01-23 01:00:00+00:00,1,2.232,1,3,1,0
2020-01-23 02:00:00+00:00,0,0.0,2,3,1,0
2020-01-23 03:00:00+00:00,0,0.0,3,3,1,0
2020-01-23 04:00:00+00:00,0,0.0,4,3,1,0
2020-01-23 05:00:00+00:00,0,0.0,5,3,1,0
2020-01-23 06:00:00+00:00,0,0.0,6,3,1,0
2020-01-23 07:00:00+00:00,0,0.0,7,3,1,0
2020-01-23 08:00:00+00:00,0,0.0,8,3,1,0
2020-01-23 09:00:00+00:00,0,0.0,9,3,1,0
2020-01-23 10:00:00+00:00,0,0.0,10,3,1,0
2020-01-23 11:00:00+00:00,0,0.0,11,3,1,0
2020-01-23 12:00:00+00:00,0,0.0,12,3,1,0
2020-01-23 13:00:00+00:00,0,0.0,13,3,1,0
2020-01-23 14:00:00+00:00,0,0.0,14,3,1,0
2020-01-23 15:00:00+00:00,3,19.014,15,3,1,0
2020-01-23 16:00:00+00:00,11,108.31,16,3,1,0
2020-01-23 17:00:00+00:00,6,34.969,17,3,1,0
2020-01-23 18:00:00+00:00,5,28.333,18,3,1,0
2020-01-23 19:00:00+00:00,2,13.121,19,3,1,0
2020-01-23 20:00:00+00:00,3,12.742,20,3,1,0
2020-01-23 21:00:00+00:00,1,0.752,21,3,1,0
2020-01-23 22:00:00+00:00,0,0.0,22,3,1,0
2020-01-23 23:00:00+00:00,2,10.975,23,3,1,0
2020-01-24 00:00:00+00:00,1,1.946,0,4,1,0
2020-01-24 01:00:00+00:00,1,3.87,1,4,1,0
2020-01-24 02:00:00+00:00,2,14.216,2,4,1,0
2020-01-24 03:00:00+00:00,2,6.404,3,4,1,0
2020-01-24 04:00:00+00:00,1,8.499,4,4,1,0
2020-01-24 05:00:00+00:00,0,0.0,5,4,1,0
2020-01-24 06:00:00+00:00,0,0.0,6,4,1,0
2020-01-24 07:00:00+00:00,0,0.0,7,4,1,0
2020-01-24 08:00:00+00:00,0,0.0,8,4,1,0
2020-01-24 09:00:00+00:00,0,0.0,9,4,1,0
2020-01-24 10:00:00+00:00,0,0.0,10,4,1,0
2020-01-24 11:00:00+00:00,0,0.0,11,4,1,0
2020-01-24 12:00:00+00:00,0,0.0,12,4,1,0
2020-01-24 13:00:00+00:00,0,0.0,13,4,1,0
2020-01-24 14:00:00+00:00,0,0.0,14,4,1,0
2020-01-24 15:00:00+00:00,4,37.693,15,4,1,0
2020-01-24 16:00:00+00:00,3,42.607,16,4,1,0
2020-01-24 17:00:00+00:00,12,97.765,17,4,1,0
2020-01-24 18:00:00+00:00,3,30.176,18,4,1,0
2020-01-24 19:00:00+00:00,3,49.49699999999999,19,4,1,0
2020-01-24 20:00:00+00:00,2,13.158,20,4,1,0
2020-01-24 21:00:00+00:00,5,12.036,21,4,1,0
2020-01-24 22:00:00+00:00,1,2.034,22,4,1,0
2020-01-24 23:00:00+00:00,1,5.24,23,4,1,0
2020-01-25 00:00:00+00:00,1,1.998,0,5,1,1
2020-01-25 01:00:00+00:00,1,4.377,1,5,1,1
2020-01-25 02:00:00+00:00,0,0.0,2,5,1,1
2020-01-25 03:00:00+00:00,0,0.0,3,5,1,1
2020-01-25 04:00:00+00:00,1,27.916,4,5,1,1
2020-01-25 05:00:00+00:00,0,0.0,5,5,1,1
2020-01-25 06:00:00+00:00,0,0.0,6,5,1,1
2020-01-25 07:00:00+00:00,0,0.0,7,5,1,1
2020-01-25 08:00:00+00:00,0,0.0,8,5,1,1
2020-01-25 09:00:00+00:00,0,0.0,9,5,1,1
2020-01-25 10:00:00+00:00,0,0.0,10,5,1,1
2020-01-25 11:00:00+00:00,0,0.0,11,5,1,1
2020-01-25 12:00:00+00:00,0,0.0,12,5,1,1
2020-01-25 13:00:00+00:00,0,0.0,13,5,1,1
2020-01-25 14:00:00+00:00,0,0.0,14,5,1,1
2020-01-25 15:00:00+00:00,0,0.0,15,5,1,1
2020-01-25 16:00:00+00:00,1,13.199,16,5,1,1
2020-01-25 17:00:00+00:00,1,7.923,17,5,1,1
2020-01-25 18:00:00+00:00,1,0.571,18,5,1,1
2020-01-25 19:00:00+00:00,1,0.716,19,5,1,1
2020-01-25 20:00:00+00:00,0,0.0,20,5,1,1
2020-01-25 21:00:00+00:00,0,0.0,21,5,1,1
2020-01-25 22:00:00+00:00,0,0.0,22,5,1,1
2020-01-25 23:00:00+00:00,1,0.837,23,5,1,1
2020-01-26 00:00:00+00:00,1,2.064,0,6,1,1
2020-01-26 01:00:00+00:00,0,0.0,1,6,1,1
2020-01-26 02:00:00+00:00,1,3.532,2,6,1,1
2020-01-26 03:00:00+00:00,0,0.0,3,6,1,1
2020-01-26 04:00:00+00:00,0,0.0,4,6,1,1
2020-01-26 05:00:00+00:00,0,0.0,5,6,1,1
2020-01-26 06:00:00+00:00,0,0.0,6,6,1,1
2020-01-26 07:00:00+00:00,0,0.0,7,6,1,1
2020-01-26 08:00:00+00:00,0,0.0,8,6,1,1
2020-01-26 09:00:00+00:00,0,0.0,9,6,1,1
2020-01-26 10:00:00+00:00,0,0.0,10,6,1,1
2020-01-26 11:00:00+00:00,0,0.0,11,6,1,1
2020-01-26 12:00:00+00:00,0,0.0,12,6,1,1
2020-01-26 13:00:00+00:00,0,0.0,13,6,1,1
2020-01-26 14:00:00+00:00,0,0.0,14,6,1,1
2020-01-26 15:00:00+00:00,0,0.0,15,6,1,1
2020-01-26 16:00:00+00:00,0,0.0,16,6,1,1
2020-01-26 17:00:00+00:00,2,39.277,17,6,1,1
2020-01-26 18:00:00+00:00,0,0.0,18,6,1,1
2020-01-26 19:00:00+00:00,0,0.0,19,6,1,1
2020-01-26 20:00:00+00:00,1,0.829,20,6,1,1
2020-01-26 21:00:00+00:00,1,5.494,21,6,1,1
2020-01-26 22:00:00+00:00,0,0.0,22,6,1,1
2020-01-26 23:00:00+00:00,0,0.0,23,6,1,1
2020-01-27 00:00:00+00:00,0,0.0,0,0,1,0
2020-01-27 01:00:00+00:00,2,28.285,1,0,1,0
2020-01-27 02:00:00+00:00,0,0.0,2,0,1,0
2020-01-27 03:00:00+00:00,0,0.0,3,0,1,0
2020-01-27 04:00:00+00:00,0,0.0,4,0,1,0
2020-01-27 05:00:00+00:00,0,0.0,5,0,1,0
2020-01-27 06:00:00+00:00,0,0.0,6,0,1,0
2020-01-27 07:00:00+00:00,0,0.0,7,0,1,0
2020-01-27 08:00:00+00:00,0,0.0,8,0,1,0
2020-01-27 09:00:00+00:00,0,0.0,9,0,1,0
2020-01-27 10:00:00+00:00,0,0.0,10,0,1,0
2020-01-27 11:00:00+00:00,0,0.0,11,0,1,0
2020-01-27 12:00:00+00:00,0,0.0,12,0,1,0
2020-01-27 13:00:00+00:00,0,0.0,13,0,1,0
2020-01-27 14:00:00+00:00,1,15.137,14,0,1,0
2020-01-27 15:00:00+00:00,2,30.241,15,0,1,0
2020-01-27 16:00:00+00:00,12,156.981,16,0,1,0
2020-01-27 17:00:00+00:00,6,61.59700055555555,17,0,1,0
2020-01-27 18:00:00+00:00,6,72.173,18,0,1,0
2020-01-27 19:00:00+00:00,2,9.06,19,0,1,0
2020-01-27 20:00:00+00:00,0,0.0,20,0,1,0
2020-01-27 21:00:00+00:00,3,9.087,21,0,1,0
2020-01-27 22:00:00+00:00,0,0.0,22,0,1,0
2020-01-27 23:00:00+00:00,0,0.0,23,0,1,0
2020-01-28 00:00:00+00:00,1,0.828,0,1,1,0
2020-01-28 01:00:00+00:00,0,0.0,1,1,1,0
2020-01-28 02:00:00+00:00,0,0.0,2,1,1,0
2020-01-28 03:00:00+00:00,0,0.0,3,1,1,0
2020-01-28 04:00:00+00:00,0,0.0,4,1,1,0
2020-01-28 05:00:00+00:00,1,3.408,5,1,1,0
2020-01-28 06:00:00+00:00,1,5.973,6,1,1,0
2020-01-28 07:00:00+00:00,0,0.0,7,1,1,0
2020-01-28 08:00:00+00:00,0,0.0,8,1,1,0
2020-01-28 09:00:00+00:00,0,0.0,9,1,1,0
2020-01-28 10:00:00+00:00,0,0.0,10,1,1,0
2020-01-28 11:00:00+00:00,0,0.0,11,1,1,0
2020-01-28 12:00:00+00:00,0,0.0,12,1,1,0
2020-01-28 13:00:00+00:00,0,0.0,13,1,1,0
2020-01-28 14:00:00+00:00,0,0.0,14,1,1,0
2020-01-28 15:00:00+00:00,0,0.0,15,1,1,0
2020-01-28 16:00:00+00:00,8,110.397,16,1,1,0
2020-01-28 17:00:00+00:00,12,95.099,17,1,1,0
2020-01-28 18:00:00+00:00,8,40.64,18,1,1,0
2020-01-28 19:00:00+00:00,3,4.995,19,1,1,0
2020-01-28 20:00:00+00:00,3,9.899,20,1,1,0
2020-01-28 21:00:00+00:00,1,1.666,21,1,1,0
2020-01-28 22:00:00+00:00,3,17.704,22,1,1,0
2020-01-28 23:00:00+00:00,1,11.847,23,1,1,0
2020-01-29 00:00:00+00:00,1,21.29,0,2,1,0
2020-01-29 01:00:00+00:00,1,1.176,1,2,1,0
2020-01-29 02:00:00+00:00,1,12.695,2,2,1,0
2020-01-29 03:00:00+00:00,1,5.578,3,2,1,0
2020-01-29 04:00:00+00:00,0,0.0,4,2,1,0
2020-01-29 05:00:00+00:00,0,0.0,5,2,1,0
2020-01-29 06:00:00+00:00,0,0.0,6,2,1,0
2020-01-29 07:00:00+00:00,0,0.0,7,2,1,0
2020-01-29 08:00:00+00:00,0,0.0,8,2,1,0
2020-01-29 09:00:00+00:00,0,0.0,9,2,1,0
2020-01-29 10:00:00+00:00,0,0.0,10,2,1,0
2020-01-29 11:00:00+00:00,0,0.0,11,2,1,0
2020-01-29 12:00:00+00:00,0,0.0,12,2,1,0
2020-01-29 13:00:00+00:00,0,0.0,13,2,1,0
2020-01-29 14:00:00+00:00,1,14.054,14,2,1,0
2020-01-29 15:00:00+00:00,1,16.594,15,2,1,0
2020-01-29 16:00:00+00:00,7,43.997,16,2,1,0
2020-01-29 17:00:00+00:00,9,75.719,17,2,1,0
2020-01-29 18:00:00+00:00,3,14.006,18,2,1,0
2020-01-29 19:00:00+00:00,2,18.191,19,2,1,0
2020-01-29 20:00:00+00:00,4,75.114,20,2,1,0
2020-01-29 21:00:00+00:00,2,7.364,21,2,1,0
2020-01-29 22:00:00+00:00,2,8.530999999999999,22,2,1,0
2020-01-29 23:00:00+00:00,1,0.842,23,2,1,0
2020-01-30 00:00:00+00:00,0,0.0,0,3,1,0
2020-01-30 01:00:00+00:00,1,0.892,1,3,1,0
2020-01-30 02:00:00+00:00,1,6.368,2,3,1,0
2020-01-30 03:00:00+00:00,1,0.833,3,3,1,0
2020-01-30 04:00:00+00:00,0,0.0,4,3,1,0
2020-01-30 05:00:00+00:00,0,0.0,5,3,1,0
2020-01-30 06:00:00+00:00,0,0.0,6,3,1,0
2020-01-30 07:00:00+00:00,0,0.0,7,3,1,0
2020-01-30 08:00:00+00:00,0,0.0,8,3,1,0
2020-01-30 09:00:00+00:00,0,0.0,9,3,1,0
2020-01-30 10:00:00+00:00,0,0.0,10,3,1,0
2020-01-30 11:00:00+00:00,0,0.0,11,3,1,0
2020-01-30 12:00:00+00:00,0,0.0,12,3,1,0
2020-01-30 13:00:00+00:00,0,0.0,13,3,1,0
2020-01-30 14:00:00+00:00,0,0.0,14,3,1,0
2020-01-30 15:00:00+00:00,3,64.742,15,3,1,0
2020-01-30 16:00:00+00:00,14,79.76299999999999,16,3,1,0
2020-01-30 17:00:00+00:00,4,36.297,17,3,1,0
2020-01-30 18:00:00+00:00,5,26.651,18,3,1,0
2020-01-30 19:00:00+00:00,1,1.849,19,3,1,0
2020-01-30 20:00:00+00:00,1,0.897,20,3,1,0
2020-01-30 21:00:00+00:00,1,1.414,21,3,1,0
2020-01-30 22:00:00+00:00,1,2.88,22,3,1,0
2020-01-30 23:00:00+00:00,0,0.0,23,3,1,0
2020-01-31 00:00:00+00:00,2,13.163,0,4,1,0
2020-01-31 01:00:00+00:00,0,0.0,1,4,1,0
2020-01-31 02:00:00+00:00,1,12.743,2,4,1,0
2020-01-31 03:00:00+00:00,0,0.0,3,4,1,0
2020-01-31 04:00:00+00:00,1,2.929,4,4,1,0
2020-01-31 05:00:00+00:00,0,0.0,5,4,1,0
2020-01-31 06:00:00+00:00,0,0.0,6,4,1,0
2020-01-31 07:00:00+00:00,0,0.0,7,4,1,0
2020-01-31 08:00:00+00:00,0,0.0,8,4,1,0
2020-01-31 09:00:00+00:00,0,0.0,9,4,1,0
2020-01-31 10:00:00+00:00,0,0.0,10,4,1,0
2020-01-31 11:00:00+00:00,0,0.0,11,4,1,0
2020-01-31 12:00:00+00:00,1,8.193,12,4,1,0
2020-01-31 13:00:00+00:00,0,0.0,13,4,1,0
2020-01-31 14:00:00+00:00,1,13.5,14,4,1,0
2020-01-31 15:00:00+00:00,4,23.962999999999997,15,4,1,0
2020-01-31 16:00:00+00:00,6,93.882,16,4,1,0
2020-01-31 17:00:00+00:00,9,70.405,17,4,1,0
2020-01-31 18:00:00+00:00,5,49.076,18,4,1,0
2020-01-31 19:00:00+00:00,3,26.049,19,4,1,0
2020-01-31 20:00:00+00:00,1,6.524,20,4,1,0
2020-01-31 21:00:00+00:00,4,11.12,21,4,1,0
2020-01-31 22:00:00+00:00,1,0.827,22,4,1,0
2020-01-31 23:00:00+00:00,0,0.0,23,4,1,0
2020-02-01 00:00:00+00:00,1,1.973,0,5,2,1
2020-02-01 01:00:00+00:00,0,0.0,1,5,2,1
2020-02-01 02:00:00+00:00,1,0.658,2,5,2,1
2020-02-01 03:00:00+00:00,1,0.614,3,5,2,1
2020-02-01 04:00:00+00:00,0,0.0,4,5,2,1
2020-02-01 05:00:00+00:00,0,0.0,5,5,2,1
2020-02-01 06:00:00+00:00,0,0.0,6,5,2,1
2020-02-01 07:00:00+00:00,0,0.0,7,5,2,1
2020-02-01 08:00:00+00:00,0,0.0,8,5,2,1
2020-02-01 09:00:00+00:00,0,0.0,9,5,2,1
2020-02-01 10:00:00+00:00,0,0.0,10,5,2,1
2020-02-01 11:00:00+00:00,0,0.0,11,5,2,1
2020-02-01 12:00:00+00:00,0,0.0,12,5,2,1
2020-02-01 13:00:00+00:00,0,0.0,13,5,2,1
2020-02-01 14:00:00+00:00,0,0.0,14,5,2,1
2020-02-01 15:00:00+00:00,0,0.0,15,5,2,1
2020-02-01 16:00:00+00:00,0,0.0,16,5,2,1
2020-02-01 17:00:00+00:00,1,10.575,17,5,2,1
2020-02-01 18:00:00+00:00,1,1.984,18,5,2,1
2020-02-01 19:00:00+00:00,1,7.767,19,5,2,1
2020-02-01 20:00:00+00:00,0,0.0,20,5,2,1
2020-02-01 21:00:00+00:00,0,0.0,21,5,2,1
2020-02-01 22:00:00+00:00,0,0.0,22,5,2,1
2020-02-01 23:00:00+00:00,1,2.063,23,5,2,1
2020-02-02 00:00:00+00:00,0,0.0,0,6,2,1
2020-02-02 01:00:00+00:00,2,7.259,1,6,2,1
2020-02-02 02:00:00+00:00,1,0.853,2,6,2,1
2020-02-02 03:00:00+00:00,2,51.633,3,6,2,1
2020-02-02 04:00:00+00:00,0,0.0,4,6,2,1
2020-02-02 05:00:00+00:00,0,0.0,5,6,2,1
2020-02-02 06:00:00+00:00,0,0.0,6,6,2,1
2020-02-02 07:00:00+00:00,0,0.0,7,6,2,1
2020-02-02 08:00:00+00:00,0,0.0,8,6,2,1
2020-02-02 09:00:00+00:00,0,0.0,9,6,2,1
2020-02-02 10:00:00+00:00,0,0.0,10,6,2,1
2020-02-02 11:00:00+00:00,0,0.0,11,6,2,1
2020-02-02 12:00:00+00:00,0,0.0,12,6,2,1
2020-02-02 13:00:00+00:00,0,0.0,13,6,2,1
2020-02-02 14:00:00+00:00,0,0.0,14,6,2,1
2020-02-02 15:00:00+00:00,0,0.0,15,6,2,1
2020-02-02 16:00:00+00:00,1,4.019,16,6,2,1
2020-02-02 17:00:00+00:00,0,0.0,17,6,2,1
2020-02-02 18:00:00+00:00,3,23.34,18,6,2,1
2020-02-02 19:00:00+00:00,1,5.162,19,6,2,1
2020-02-02 20:00:00+00:00,2,10.903,20,6,2,1
2020-02-02 21:00:00+00:00,0,0.0,21,6,2,1
2020-02-02 22:00:00+00:00,1,5.244,22,6,2,1
2020-02-02 23:00:00+00:00,0,0.0,23,6,2,1
2020-02-03 00:00:00+00:00,0,0.0,0,0,2,0
2020-02-03 01:00:00+00:00,0,0.0,1,0,2,0
2020-02-03 02:00:00+00:00,0,0.0,2,0,2,0
2020-02-03 03:00:00+00:00,0,0.0,3,0,2,0
2020-02-03 04:00:00+00:00,0,0.0,4,0,2,0
2020-02-03 05:00:00+00:00,0,0.0,5,0,2,0
2020-02-03 06:00:00+00:00,0,0.0,6,0,2,0
2020-02-03 07:00:00+00:00,0,0.0,7,0,2,0
2020-02-03 08:00:00+00:00,0,0.0,8,0,2,0
2020-02-03 09:00:00+00:00,0,0.0,9,0,2,0
2020-02-03 10:00:00+00:00,0,0.0,10,0,2,0
2020-02-03 11:00:00+00:00,0,0.0,11,0,2,0
2020-02-03 12:00:00+00:00,0,0.0,12,0,2,0
2020-02-03 13:00:00+00:00,0,0.0,13,0,2,0
2020-02-03 14:00:00+00:00,1,12.521,14,0,2,0
2020-02-03 15:00:00+00:00,1,0.771,15,0,2,0
2020-02-03 16:00:00+00:00,12,96.651,16,0,2,0
2020-02-03 17:00:00+00:00,7,46.545,17,0,2,0
2020-02-03 18:00:00+00:00,5,84.237,18,0,2,0
2020-02-03 19:00:00+00:00,2,1.717,19,0,2,0
2020-02-03 20:00:00+00:00,4,50.532,20,0,2,0
2020-02-03 21:00:00+00:00,4,12.915,21,0,2,0
2020-02-03 22:00:00+00:00,0,0.0,22,0,2,0
2020-02-03 23:00:00+00:00,0,0.0,23,0,2,0
2020-02-04 00:00:00+00:00,1,7.671,0,1,2,0
2020-02-04 01:00:00+00:00,1,0.875,1,1,2,0
2020-02-04 02:00:00+00:00,1,1.491,2,1,2,0
2020-02-04 03:00:00+00:00,0,0.0,3,1,2,0
2020-02-04 04:00:00+00:00,1,15.067,4,1,2,0
2020-02-04 05:00:00+00:00,0,0.0,5,1,2,0
2020-02-04 06:00:00+00:00,0,0.0,6,1,2,0
2020-02-04 07:00:00+00:00,0,0.0,7,1,2,0
2020-02-04 08:00:00+00:00,0,0.0,8,1,2,0
2020-02-04 09:00:00+00:00,0,0.0,9,1,2,0
2020-02-04 10:00:00+00:00,0,0.0,10,1,2,0
2020-02-04 11:00:00+00:00,0,0.0,11,1,2,0
2020-02-04 12:00:00+00:00,0,0.0,12,1,2,0
2020-02-04 13:00:00+00:00,0,0.0,13,1,2,0
2020-02-04 14:00:00+00:00,0,0.0,14,1,2,0
2020-02-04 15:00:00+00:00,0,0.0,15,1,2,0
2020-02-04 16:00:00+00:00,11,61.469,16,1,2,0
2020-02-04 17:00:00+00:00,11,104.548,17,1,2,0
2020-02-04 18:00:00+00:00,5,32.885,18,1,2,0
2020-02-04 19:00:00+00:00,4,31.75,19,1,2,0
2020-02-04 20:00:00+00:00,1,0.865,20,1,2,0
2020-02-04 21:00:00+00:00,4,20.581,21,1,2,0
2020-02-04 22:00:00+00:00,2,6.251,22,1,2,0
2020-02-04 23:00:00+00:00,1,14.165,23,1,2,0
2020-02-05 00:00:00+00:00,1,5.622,0,2,2,0
2020-02-05 01:00:00+00:00,1,1.495,1,2,2,0
2020-02-05 02:00:00+00:00,1,0.869,2,2,2,0
2020-02-05 03:00:00+00:00,0,0.0,3,2,2,0
2020-02-05 04:00:00+00:00,1,0.869,4,2,2,0
2020-02-05 05:00:00+00:00,0,0.0,5,2,2,0
2020-02-05 06:00:00+00:00,0,0.0,6,2,2,0
2020-02-05 07:00:00+00:00,0,0.0,7,2,2,0
2020-02-05 08:00:00+00:00,0,0.0,8,2,2,0
2020-02-05 09:00:00+00:00,0,0.0,9,2,2,0
2020-02-05 10:00:00+00:00,0,0.0,10,2,2,0
2020-02-05 11:00:00+00:00,0,0.0,11,2,2,0
2020-02-05 12:00:00+00:00,0,0.0,12,2,2,0
2020-02-05 13:00:00+00:00,0,0.0,13,2,2,0
2020-02-05 14:00:00+00:00,2,15.528,14,2,2,0
2020-02-05 15:00:00+00:00,2,5.163,15,2,2,0
2020-02-05 16:00:00+00:00,7,76.443,16,2,2,0
2020-02-05 17:00:00+00:00,8,52.37,17,2,2,0
2020-02-05 18:00:00+00:00,6,38.057,18,2,2,0
2020-02-05 19:00:00+00:00,5,78.066,19,2,2,0
2020-02-05 20:00:00+00:00,4,52.347,20,2,2,0
2020-02-05 21:00:00+00:00,2,26.577,21,2,2,0
2020-02-05 22:00:00+00:00,0,0.0,22,2,2,0
2020-02-05 23:00:00+00:00,0,0.0,23,2,2,0
2020-02-06 00:00:00+00:00,1,5.292,0,3,2,0
2020-02-06 01:00:00+00:00,0,0.0,1,3,2,0
2020-02-06 02:00:00+00:00,2,11.135,2,3,2,0
2020-02-06 03:00:00+00:00,1,2.216,3,3,2,0
2020-02-06 04:00:00+00:00,1,4.146,4,3,2,0
2020-02-06 05:00:00+00:00,0,0.0,5,3,2,0
2020-02-06 06:00:00+00:00,0,0.0,6,3,2,0
2020-02-06 07:00:00+00:00,0,0.0,7,3,2,0
2020-02-06 08:00:00+00:00,0,0.0,8,3,2,0
2020-02-06 09:00:00+00:00,0,0.0,9,3,2,0
2020-02-06 10:00:00+00:00,0,0.0,10,3,2,0
2020-02-06 11:00:00+00:00,0,0.0,11,3,2,0
2020-02-06 12:00:00+00:00,0,0.0,12,3,2,0
2020-02-06 13:00:00+00:00,0,0.0,13,3,2,0
2020-02-06 14:00:00+00:00,0,0.0,14,3,2,0
2020-02-06 15:00:00+00:00,2,7.261,15,3,2,0
2020-02-06 16:00:00+00:00,10,94.434,16,3,2,0
2020-02-06 17:00:00+00:00,9,77.636,17,3,2,0
2020-02-06 18:00:00+00:00,2,2.29,18,3,2,0
2020-02-06 19:00:00+00:00,0,0.0,19,3,2,0
2020-02-06 20:00:00+00:00,0,0.0,20,3,2,0
2020-02-06 21:00:00+00:00,3,8.343,21,3,2,0
2020-02-06 22:00:00+00:00,1,1.069,22,3,2,0
2020-02-06 23:00:00+00:00,1,1.233,23,3,2,0
2020-02-07 00:00:00+00:00,0,0.0,0,4,2,0
2020-02-07 01:00:00+00:00,3,7.125,1,4,2,0
2020-02-07 02:00:00+00:00,2,26.819,2,4,2,0
2020-02-07 03:00:00+00:00,0,0.0,3,4,2,0
2020-02-07 04:00:00+00:00,1,4.525,4,4,2,0
2020-02-07 05:00:00+00:00,1,2.975,5,4,2,0
2020-02-07 06:00:00+00:00,0,0.0,6,4,2,0
2020-02-07 07:00:00+00:00,0,0.0,7,4,2,0
2020-02-07 08:00:00+00:00,1,0.902,8,4,2,0
2020-02-07 09:00:00+00:00,1,0.881,9,4,2,0
2020-02-07 10:00:00+00:00,0,0.0,10,4,2,0
2020-02-07 11:00:00+00:00,0,0.0,11,4,2,0
2020-02-07 12:00:00+00:00,0,0.0,12,4,2,0
2020-02-07 13:00:00+00:00,0,0.0,13,4,2,0
2020-02-07 14:00:00+00:00,2,16.644,14,4,2,0
2020-02-07 15:00:00+00:00,1,4.206,15,4,2,0
2020-02-07 16:00:00+00:00,14,124.675,16,4,2,0
2020-02-07 17:00:00+00:00,8,64.515,17,4,2,0
2020-02-07 18:00:00+00:00,7,48.318,18,4,2,0
2020-02-07 19:00:00+00:00,0,0.0,19,4,2,0
2020-02-07 20:00:00+00:00,1,6.62,20,4,2,0
2020-02-07 21:00:00+00:00,1,2.021,21,4,2,0
2020-02-07 22:00:00+00:00,2,55.507000000000005,22,4,2,0
2020-02-07 23:00:00+00:00,0,0.0,23,4,2,0
2020-02-08 00:00:00+00:00,0,0.0,0,5,2,1
2020-02-08 01:00:00+00:00,1,0.846,1,5,2,1
2020-02-08 02:00:00+00:00,0,0.0,2,5,2,1
2020-02-08 03:00:00+00:00,0,0.0,3,5,2,1
2020-02-08 04:00:00+00:00,0,0.0,4,5,2,1
2020-02-08 05:00:00+00:00,0,0.0,5,5,2,1
2020-02-08 06:00:00+00:00,0,0.0,6,5,2,1
2020-02-08 07:00:00+00:00,0,0.0,7,5,2,1
2020-02-08 08:00:00+00:00,1,13.897,8,5,2,1
2020-02-08 09:00:00+00:00,0,0.0,9,5,2,1
2020-02-08 10:00:00+00:00,0,0.0,10,5,2,1
2020-02-08 11:00:00+00:00,0,0.0,11,5,2,1
2020-02-08 12:00:00+00:00,0,0.0,12,5,2,1
2020-02-08 13:00:00+00:00,0,0.0,13,5,2,1
2020-02-08 14:00:00+00:00,0,0.0,14,5,2,1
2020-02-08 15:00:00+00:00,0,0.0,15,5,2,1
2020-02-08 16:00:00+00:00,0,0.0,16,5,2,1
2020-02-08 17:00:00+00:00,1,9.878,17,5,2,1
2020-02-08 18:00:00+00:00,1,1.435,18,5,2,1
2020-02-08 19:00:00+00:00,0,0.0,19,5,2,1
2020-02-08 20:00:00+00:00,3,23.074,20,5,2,1
2020-02-08 21:00:00+00:00,0,0.0,21,5,2,1
2020-02-08 22:00:00+00:00,0,0.0,22,5,2,1
2020-02-08 23:00:00+00:00,0,0.0,23,5,2,1
2020-02-09 00:00:00+00:00,0,0.0,0,6,2,1
2020-02-09 01:00:00+00:00,0,0.0,1,6,2,1
2020-02-09 02:00:00+00:00,1,5.6,2,6,2,1
2020-02-09 03:00:00+00:00,1,1.224,3,6,2,1
2020-02-09 04:00:00+00:00,1,0.912,4,6,2,1
2020-02-09 05:00:00+00:00,1,40.713,5,6,2,1
2020-02-09 06:00:00+00:00,1,24.842,6,6,2,1
2020-02-09 07:00:00+00:00,0,0.0,7,6,2,1
2020-02-09 08:00:00+00:00,0,0.0,8,6,2,1
2020-02-09 09:00:00+00:00,0,0.0,9,6,2,1
2020-02-09 10:00:00+00:00,0,0.0,10,6,2,1
2020-02-09 11:00:00+00:00,0,0.0,11,6,2,1
2020-02-09 12:00:00+00:00,0,0.0,12,6,2,1
2020-02-09 13:00:00+00:00,0,0.0,13,6,2,1
2020-02-09 14:00:00+00:00,0,0.0,14,6,2,1
2020-02-09 15:00:00+00:00,0,0.0,15,6,2,1
2020-02-09 16:00:00+00:00,0,0.0,16,6,2,1
2020-02-09 17:00:00+00:00,1,4.306,17,6,2,1
2020-02-09 18:00:00+00:00,0,0.0,18,6,2,1
2020-02-09 19:00:00+00:00,2,9.035,19,6,2,1
2020-02-09 20:00:00+00:00,2,13.437,20,6,2,1
2020-02-09 21:00:00+00:00,2,14.208817222222224,21,6,2,1
2020-02-09 22:00:00+00:00,3,21.311,22,6,2,1
2020-02-09 23:00:00+00:00,0,0.0,23,6,2,1
2020-02-10 00:00:00+00:00,1,0.865,0,0,2,0
2020-02-10 01:00:00+00:00,0,0.0,1,0,2,0
2020-02-10 02:00:00+00:00,0,0.0,2,0,2,0
2020-02-10 03:00:00+00:00,1,2.621,3,0,2,0
2020-02-10 04:00:00+00:00,0,0.0,4,0,2,0
2020-02-10 05:00:00+00:00,0,0.0,5,0,2,0
2020-02-10 06:00:00+00:00,0,0.0,6,0,2,0
2020-02-10 07:00:00+00:00,0,0.0,7,0,2,0
2020-02-10 08:00:00+00:00,0,0.0,8,0,2,0
2020-02-10 09:00:00+00:00,0,0.0,9,0,2,0
2020-02-10 10:00:00+00:00,0,0.0,10,0,2,0
2020-02-10 11:00:00+00:00,0,0.0,11,0,2,0
2020-02-10 12:00:00+00:00,0,0.0,12,0,2,0
2020-02-10 13:00:00+00:00,0,0.0,13,0,2,0
2020-02-10 14:00:00+00:00,1,3.538,14,0,2,0
2020-02-10 15:00:00+00:00,3,55.74999999999999,15,0,2,0
2020-02-10 16:00:00+00:00,2,29.475,16,0,2,0
2020-02-10 17:00:00+00:00,9,77.157,17,0,2,0
2020-02-10 18:00:00+00:00,4,22.515,18,0,2,0
2020-02-10 19:00:00+00:00,4,23.777,19,0,2,0
2020-02-10 20:00:00+00:00,2,13.523,20,0,2,0
2020-02-10 21:00:00+00:00,3,8.647,21,0,2,0
2020-02-10 22:00:00+00:00,2,5.175,22,0,2,0
2020-02-10 23:00:00+00:00,0,0.0,23,0,2,0
2020-02-11 00:00:00+00:00,2,1.761,0,1,2,0
2020-02-11 01:00:00+00:00,0,0.0,1,1,2,0
2020-02-11 02:00:00+00:00,0,0.0,2,1,2,0
2020-02-11 03:00:00+00:00,0,0.0,3,1,2,0
2020-02-11 04:00:00+00:00,0,0.0,4,1,2,0
2020-02-11 05:00:00+00:00,1,41.061,5,1,2,0
2020-02-11 06:00:00+00:00,0,0.0,6,1,2,0
2020-02-11 07:00:00+00:00,0,0.0,7,1,2,0
2020-02-11 08:00:00+00:00,0,0.0,8,1,2,0
2020-02-11 09:00:00+00:00,0,0.0,9,1,2,0
2020-02-11 10:00:00+00:00,0,0.0,10,1,2,0
2020-02-11 11:00:00+00:00,0,0.0,11,1,2,0
2020-02-11 12:00:00+00:00,0,0.0,12,1,2,0
2020-02-11 13:00:00+00:00,0,0.0,13,1,2,0
2020-02-11 14:00:00+00:00,0,0.0,14,1,2,0
2020-02-11 15:00:00+00:00,2,8.979,15,1,2,0
2020-02-11 16:00:00+00:00,11,128.535,16,1,2,0
2020-02-11 17:00:00+00:00,10,81.303,17,1,2,0
2020-02-11 18:00:00+00:00,1,12.029,18,1,2,0
2020-02-11 19:00:00+00:00,0,0.0,19,1,2,0
2020-02-11 20:00:00+00:00,3,33.057,20,1,2,0
2020-02-11 21:00:00+00:00,2,6.93,21,1,2,0
2020-02-11 22:00:00+00:00,2,8.814,22,1,2,0
2020-02-11 23:00:00+00:00,4,42.791999999999994,23,1,2,0
2020-02-12 00:00:00+00:00,1,2.389,0,2,2,0
2020-02-12 01:00:00+00:00,3,11.744,1,2,2,0
2020-02-12 02:00:00+00:00,1,1.106,2,2,2,0
2020-02-12 03:00:00+00:00,1,7.245,3,2,2,0
2020-02-12 04:00:00+00:00,1,5.115,4,2,2,0
2020-02-12 05:00:00+00:00,0,0.0,5,2,2,0
2020-02-12 06:00:00+00:00,0,0.0,6,2,2,0
2020-02-12 07:00:00+00:00,0,0.0,7,2,2,0
2020-02-12 08:00:00+00:00,0,0.0,8,2,2,0
2020-02-12 09:00:00+00:00,0,0.0,9,2,2,0
2020-02-12 10:00:00+00:00,0,0.0,10,2,2,0
2020-02-12 11:00:00+00:00,0,0.0,11,2,2,0
2020-02-12 12:00:00+00:00,0,0.0,12,2,2,0
2020-02-12 13:00:00+00:00,0,0.0,13,2,2,0
2020-02-12 14:00:00+00:00,1,1.316,14,2,2,0
2020-02-12 15:00:00+00:00,2,3.609,15,2,2,0
2020-02-12 16:00:00+00:00,12,119.266,16,2,2,0
2020-02-12 17:00:00+00:00,11,74.826,17,2,2,0
2020-02-12 18:00:00+00:00,5,28.294,18,2,2,0
2020-02-12 19:00:00+00:00,1,2.522,19,2,2,0
2020-02-12 20:00:00+00:00,2,5.664,20,2,2,0
2020-02-12 21:00:00+00:00,1,0.771,21,2,2,0
2020-02-12 22:00:00+00:00,0,0.0,22,2,2,0
2020-02-12 23:00:00+00:00,4,30.451,23,2,2,0
2020-02-13 00:00:00+00:00,0,0.0,0,3,2,0
2020-02-13 01:00:00+00:00,1,1.181,1,3,2,0
2020-02-13 02:00:00+00:00,1,6.676,2,3,2,0
2020-02-13 03:00:00+00:00,0,0.0,3,3,2,0
2020-02-13 04:00:00+00:00,0,0.0,4,3,2,0
2020-02-13 05:00:00+00:00,0,0.0,5,3,2,0
2020-02-13 06:00:00+00:00,0,0.0,6,3,2,0
2020-02-13 07:00:00+00:00,0,0.0,7,3,2,0
2020-02-13 08:00:00+00:00,0,0.0,8,3,2,0
2020-02-13 09:00:00+00:00,0,0.0,9,3,2,0
2020-02-13 10:00:00+00:00,0,0.0,10,3,2,0
2020-02-13 11:00:00+00:00,0,0.0,11,3,2,0
2020-02-13 12:00:00+00:00,0,0.0,12,3,2,0
2020-02-13 13:00:00+00:00,0,0.0,13,3,2,0
2020-02-13 14:00:00+00:00,0,0.0,14,3,2,0
2020-02-13 15:00:00+00:00,3,17.493000000000002,15,3,2,0
2020-02-13 16:00:00+00:00,13,114.624,16,3,2,0
2020-02-13 17:00:00+00:00,7,66.773,17,3,2,0
2020-02-13 18:00:00+00:00,3,20.196,18,3,2,0
2020-02-13 19:00:00+00:00,1,14.448,19,3,2,0
2020-02-13 20:00:00+00:00,2,7.397,20,3,2,0
2020-02-13 21:00:00+00:00,1,10.24,21,3,2,0
2020-02-13 22:00:00+00:00,2,3.075,22,3,2,0
2020-02-13 23:00:00+00:00,3,4.184,23,3,2,0
2020-02-14 00:00:00+00:00,2,12.494,0,4,2,0
2020-02-14 01:00:00+00:00,1,3.889,1,4,2,0
2020-02-14 02:00:00+00:00,2,6.396000000000001,2,4,2,0
2020-02-14 03:00:00+00:00,0,0.0,3,4,2,0
2020-02-14 04:00:00+00:00,1,4.48,4,4,2,0
2020-02-14 05:00:00+00:00,0,0.0,5,4,2,0
2020-02-14 06:00:00+00:00,0,0.0,6,4,2,0
2020-02-14 07:00:00+00:00,0,0.0,7,4,2,0
2020-02-14 08:00:00+00:00,0,0.0,8,4,2,0
2020-02-14 09:00:00+00:00,0,0.0,9,4,2,0
2020-02-14 10:00:00+00:00,0,0.0,10,4,2,0
2020-02-14 11:00:00+00:00,0,0.0,11,4,2,0
2020-02-14 12:00:00+00:00,0,0.0,12,4,2,0
2020-02-14 13:00:00+00:00,0,0.0,13,4,2,0
2020-02-14 14:00:00+00:00,2,20.029,14,4,2,0
2020-02-14 15:00:00+00:00,3,30.514,15,4,2,0
2020-02-14 16:00:00+00:00,7,57.328,16,4,2,0
2020-02-14 17:00:00+00:00,6,36.337,17,4,2,0
2020-02-14 18:00:00+00:00,7,44.704,18,4,2,0
2020-02-14 19:00:00+00:00,2,10.885,19,4,2,0
2020-02-14 20:00:00+00:00,1,4.645,20,4,2,0
2020-02-14 21:00:00+00:00,2,8.311,21,4,2,0
2020-02-14 22:00:00+00:00,4,19.064,22,4,2,0
2020-02-14 23:00:00+00:00,0,0.0,23,4,2,0
2020-02-15 00:00:00+00:00,0,0.0,0,5,2,1
2020-02-15 01:00:00+00:00,2,4.36,1,5,2,1
2020-02-15 02:00:00+00:00,0,0.0,2,5,2,1
2020-02-15 03:00:00+00:00,0,0.0,3,5,2,1
2020-02-15 04:00:00+00:00,0,0.0,4,5,2,1
2020-02-15 05:00:00+00:00,0,0.0,5,5,2,1
2020-02-15 06:00:00+00:00,0,0.0,6,5,2,1
2020-02-15 07:00:00+00:00,0,0.0,7,5,2,1
2020-02-15 08:00:00+00:00,0,0.0,8,5,2,1
2020-02-15 09:00:00+00:00,0,0.0,9,5,2,1
2020-02-15 10:00:00+00:00,0,0.0,10,5,2,1
2020-02-15 11:00:00+00:00,0,0.0,11,5,2,1
2020-02-15 12:00:00+00:00,0,0.0,12,5,2,1
2020-02-15 13:00:00+00:00,0,0.0,13,5,2,1
2020-02-15 14:00:00+00:00,0,0.0,14,5,2,1
2020-02-15 15:00:00+00:00,0,0.0,15,5,2,1
2020-02-15 16:00:00+00:00,1,0.827,16,5,2,1
2020-02-15 17:00:00+00:00,1,8.443,17,5,2,1
2020-02-15 18:00:00+00:00,0,0.0,18,5,2,1
2020-02-15 19:00:00+00:00,0,0.0,19,5,2,1
2020-02-15 20:00:00+00:00,1,5.378,20,5,2,1
2020-02-15 21:00:00+00:00,1,5.572,21,5,2,1
2020-02-15 22:00:00+00:00,0,0.0,22,5,2,1
2020-02-15 23:00:00+00:00,0,0.0,23,5,2,1
2020-02-16 00:00:00+00:00,1,1.881,0,6,2,1
2020-02-16 01:00:00+00:00,0,0.0,1,6,2,1
2020-02-16 02:00:00+00:00,2,1.732,2,6,2,1
2020-02-16 03:00:00+00:00,1,51.346,3,6,2,1
2020-02-16 04:00:00+00:00,0,0.0,4,6,2,1
2020-02-16 05:00:00+00:00,0,0.0,5,6,2,1
2020-02-16 06:00:00+00:00,0,0.0,6,6,2,1
2020-02-16 07:00:00+00:00,0,0.0,7,6,2,1
2020-02-16 08:00:00+00:00,0,0.0,8,6,2,1
2020-02-16 09:00:00+00:00,0,0.0,9,6,2,1
2020-02-16 10:00:00+00:00,0,0.0,10,6,2,1
2020-02-16 11:00:00+00:00,0,0.0,11,6,2,1
2020-02-16 12:00:00+00:00,0,0.0,12,6,2,1
2020-02-16 13:00:00+00:00,0,0.0,13,6,2,1
2020-02-16 14:00:00+00:00,0,0.0,14,6,2,1
2020-02-16 15:00:00+00:00,0,0.0,15,6,2,1
2020-02-16 16:00:00+00:00,0,0.0,16,6,2,1
2020-02-16 17:00:00+00:00,1,4.869,17,6,2,1
2020-02-16 18:00:00+00:00,0,0.0,18,6,2,1
2020-02-16 19:00:00+00:00,0,0.0,19,6,2,1
2020-02-16 20:00:00+00:00,0,0.0,20,6,2,1
2020-02-16 21:00:00+00:00,2,16.851,21,6,2,1
2020-02-16 22:00:00+00:00,0,0.0,22,6,2,1
2020-02-16 23:00:00+00:00,2,4.784,23,6,2,1
2020-02-17 00:00:00+00:00,0,0.0,0,0,2,0
2020-02-17 01:00:00+00:00,0,0.0,1,0,2,0
2020-02-17 02:00:00+00:00,0,0.0,2,0,2,0
2020-02-17 03:00:00+00:00,0,0.0,3,0,2,0
2020-02-17 04:00:00+00:00,0,0.0,4,0,2,0
2020-02-17 05:00:00+00:00,0,0.0,5,0,2,0
2020-02-17 06:00:00+00:00,0,0.0,6,0,2,0
2020-02-17 07:00:00+00:00,0,0.0,7,0,2,0
2020-02-17 08:00:00+00:00,0,0.0,8,0,2,0
2020-02-17 09:00:00+00:00,0,0.0,9,0,2,0
2020-02-17 10:00:00+00:00,0,0.0,10,0,2,0
2020-02-17 11:00:00+00:00,0,0.0,11,0,2,0
2020-02-17 12:00:00+00:00,0,0.0,12,0,2,0
2020-02-17 13:00:00+00:00,0,0.0,13,0,2,0
2020-02-17 14:00:00+00:00,0,0.0,14,0,2,0
2020-02-17 15:00:00+00:00,0,0.0,15,0,2,0
2020-02-17 16:00:00+00:00,0,0.0,16,0,2,0
2020-02-17 17:00:00+00:00,1,0.836,17,0,2,0
2020-02-17 18:00:00+00:00,4,26.623,18,0,2,0
2020-02-17 19:00:00+00:00,2,14.094,19,0,2,0
2020-02-17 20:00:00+00:00,0,0.0,20,0,2,0
2020-02-17 21:00:00+00:00,1,0.836,21,0,2,0
2020-02-17 22:00:00+00:00,1,6.47,22,0,2,0
2020-02-17 23:00:00+00:00,0,0.0,23,0,2,0
2020-02-18 00:00:00+00:00,1,36.936,0,1,2,0
2020-02-18 01:00:00+00:00,0,0.0,1,1,2,0
2020-02-18 02:00:00+00:00,1,6.323,2,1,2,0
2020-02-18 03:00:00+00:00,2,7.507,3,1,2,0
2020-02-18 04:00:00+00:00,0,0.0,4,1,2,0
2020-02-18 05:00:00+00:00,0,0.0,5,1,2,0
2020-02-18 06:00:00+00:00,0,0.0,6,1,2,0
2020-02-18 07:00:00+00:00,0,0.0,7,1,2,0
2020-02-18 08:00:00+00:00,0,0.0,8,1,2,0
2020-02-18 09:00:00+00:00,0,0.0,9,1,2,0
2020-02-18 10:00:00+00:00,0,0.0,10,1,2,0
2020-02-18 11:00:00+00:00,0,0.0,11,1,2,0
2020-02-18 12:00:00+00:00,0,0.0,12,1,2,0
2020-02-18 13:00:00+00:00,0,0.0,13,1,2,0
2020-02-18 14:00:00+00:00,0,0.0,14,1,2,0
2020-02-18 15:00:00+00:00,1,6.447,15,1,2,0
2020-02-18 16:00:00+00:00,11,113.937,16,1,2,0
2020-02-18 17:00:00+00:00,9,83.065,17,1,2,0
2020-02-18 18:00:00+00:00,6,52.894000000000005,18,1,2,0
2020-02-18 19:00:00+00:00,4,15.454,19,1,2,0
2020-02-18 20:00:00+00:00,5,12.415,20,1,2,0
2020-02-18 21:00:00+00:00,3,8.594,21,1,2,0
2020-02-18 22:00:00+00:00,1,1.055,22,1,2,0
2020-02-18 23:00:00+00:00,1,1.04,23,1,2,0
2020-02-19 00:00:00+00:00,2,1.434,0,2,2,0
2020-02-19 01:00:00+00:00,1,1.254,1,2,2,0
2020-02-19 02:00:00+00:00,0,0.0,2,2,2,0
2020-02-19 03:00:00+00:00,1,14.506,3,2,2,0
2020-02-19 04:00:00+00:00,1,4.652,4,2,2,0
2020-02-19 05:00:00+00:00,0,0.0,5,2,2,0
2020-02-19 06:00:00+00:00,0,0.0,6,2,2,0
2020-02-19 07:00:00+00:00,0,0.0,7,2,2,0
2020-02-19 08:00:00+00:00,0,0.0,8,2,2,0
2020-02-19 09:00:00+00:00,0,0.0,9,2,2,0
2020-02-19 10:00:00+00:00,1,13.206,10,2,2,0
2020-02-19 11:00:00+00:00,0,0.0,11,2,2,0
2020-02-19 12:00:00+00:00,0,0.0,12,2,2,0
2020-02-19 13:00:00+00:00,0,0.0,13,2,2,0
2020-02-19 14:00:00+00:00,0,0.0,14,2,2,0
2020-02-19 15:00:00+00:00,3,7.611,15,2,2,0
2020-02-19 16:00:00+00:00,6,97.817,16,2,2,0
2020-02-19 17:00:00+00:00,11,55.946,17,2,2,0
2020-02-19 18:00:00+00:00,4,23.636,18,2,2,0
2020-02-19 19:00:00+00:00,4,11.541,19,2,2,0
2020-02-19 20:00:00+00:00,4,42.597,20,2,2,0
2020-02-19 21:00:00+00:00,4,29.092,21,2,2,0
2020-02-19 22:00:00+00:00,1,0.893,22,2,2,0
2020-02-19 23:00:00+00:00,2,6.896,23,2,2,0
2020-02-20 00:00:00+00:00,2,4.85,0,3,2,0
2020-02-20 01:00:00+00:00,1,9.223,1,3,2,0
2020-02-20 02:00:00+00:00,1,6.529,2,3,2,0
2020-02-20 03:00:00+00:00,1,0.847,3,3,2,0
2020-02-20 04:00:00+00:00,1,6.405,4,3,2,0
2020-02-20 05:00:00+00:00,0,0.0,5,3,2,0
2020-02-20 06:00:00+00:00,0,0.0,6,3,2,0
2020-02-20 07:00:00+00:00,0,0.0,7,3,2,0
2020-02-20 08:00:00+00:00,0,0.0,8,3,2,0
2020-02-20 09:00:00+00:00,0,0.0,9,3,2,0
2020-02-20 10:00:00+00:00,0,0.0,10,3,2,0
2020-02-20 11:00:00+00:00,0,0.0,11,3,2,0
2020-02-20 12:00:00+00:00,0,0.0,12,3,2,0
2020-02-20 13:00:00+00:00,0,0.0,13,3,2,0
2020-02-20 14:00:00+00:00,0,0.0,14,3,2,0
2020-02-20 15:00:00+00:00,2,7.32,15,3,2,0
2020-02-20 16:00:00+00:00,9,101.661,16,3,2,0
2020-02-20 17:00:00+00:00,9,95.17,17,3,2,0
2020-02-20 18:00:00+00:00,7,39.796,18,3,2,0
2020-02-20 19:00:00+00:00,2,11.903,19,3,2,0
2020-02-20 20:00:00+00:00,2,15.392,20,3,2,0
2020-02-20 21:00:00+00:00,4,36.134,21,3,2,0
2020-02-20 22:00:00+00:00,1,7.768,22,3,2,0
2020-02-20 23:00:00+00:00,2,1.762,23,3,2,0
2020-02-21 00:00:00+00:00,2,2.785,0,4,2,0
2020-02-21 01:00:00+00:00,1,0.865,1,4,2,0
2020-02-21 02:00:00+00:00,0,0.0,2,4,2,0
2020-02-21 03:00:00+00:00,1,6.065,3,4,2,0
2020-02-21 04:00:00+00:00,1,4.036,4,4,2,0
2020-02-21 05:00:00+00:00,0,0.0,5,4,2,0
2020-02-21 06:00:00+00:00,0,0.0,6,4,2,0
2020-02-21 07:00:00+00:00,0,0.0,7,4,2,0
2020-02-21 08:00:00+00:00,0,0.0,8,4,2,0
2020-02-21 09:00:00+00:00,0,0.0,9,4,2,0
2020-02-21 10:00:00+00:00,0,0.0,10,4,2,0
2020-02-21 11:00:00+00:00,0,0.0,11,4,2,0
2020-02-21 12:00:00+00:00,0,0.0,12,4,2,0
2020-02-21 13:00:00+00:00,0,0.0,13,4,2,0
2020-02-21 14:00:00+00:00,0,0.0,14,4,2,0
2020-02-21 15:00:00+00:00,2,6.6129999999999995,15,4,2,0
2020-02-21 16:00:00+00:00,14,96.35,16,4,2,0
2020-02-21 17:00:00+00:00,10,69.026,17,4,2,0
2020-02-21 18:00:00+00:00,2,25.189,18,4,2,0
2020-02-21 19:00:00+00:00,2,1.936,19,4,2,0
2020-02-21 20:00:00+00:00,3,36.322,20,4,2,0
2020-02-21 21:00:00+00:00,3,3.813,21,4,2,0
2020-02-21 22:00:00+00:00,1,0.893,22,4,2,0
2020-02-21 23:00:00+00:00,0,0.0,23,4,2,0
2020-02-22 00:00:00+00:00,1,9.013,0,5,2,1
2020-02-22 01:00:00+00:00,2,12.111999999999998,1,5,2,1
2020-02-22 02:00:00+00:00,0,0.0,2,5,2,1
2020-02-22 03:00:00+00:00,1,20.185,3,5,2,1
2020-02-22 04:00:00+00:00,0,0.0,4,5,2,1
2020-02-22 05:00:00+00:00,0,0.0,5,5,2,1
2020-02-22 06:00:00+00:00,0,0.0,6,5,2,1
2020-02-22 07:00:00+00:00,0,0.0,7,5,2,1
2020-02-22 08:00:00+00:00,0,0.0,8,5,2,1
2020-02-22 09:00:00+00:00,0,0.0,9,5,2,1
2020-02-22 10:00:00+00:00,0,0.0,10,5,2,1
2020-02-22 11:00:00+00:00,0,0.0,11,5,2,1
2020-02-22 12:00:00+00:00,0,0.0,12,5,2,1
2020-02-22 13:00:00+00:00,0,0.0,13,5,2,1
2020-02-22 14:00:00+00:00,0,0.0,14,5,2,1
2020-02-22 15:00:00+00:00,0,0.0,15,5,2,1
2020-02-22 16:00:00+00:00,4,14.819,16,5,2,1
2020-02-22 17:00:00+00:00,3,15.81,17,5,2,1
2020-02-22 18:00:00+00:00,1,1.399,18,5,2,1
2020-02-22 19:00:00+00:00,0,0.0,19,5,2,1
2020-02-22 20:00:00+00:00,1,4.917,20,5,2,1
2020-02-22 21:00:00+00:00,0,0.0,21,5,2,1
2020-02-22 22:00:00+00:00,1,9.91,22,5,2,1
2020-02-22 23:00:00+00:00,0,0.0,23,5,2,1
2020-02-23 00:00:00+00:00,1,6.861,0,6,2,1
2020-02-23 01:00:00+00:00,1,20.722,1,6,2,1
2020-02-23 02:00:00+00:00,0,0.0,2,6,2,1
2020-02-23 03:00:00+00:00,2,4.686,3,6,2,1
2020-02-23 04:00:00+00:00,0,0.0,4,6,2,1
2020-02-23 05:00:00+00:00,0,0.0,5,6,2,1
2020-02-23 06:00:00+00:00,0,0.0,6,6,2,1
2020-02-23 07:00:00+00:00,0,0.0,7,6,2,1
2020-02-23 08:00:00+00:00,0,0.0,8,6,2,1
2020-02-23 09:00:00+00:00,0,0.0,9,6,2,1
2020-02-23 10:00:00+00:00,0,0.0,10,6,2,1
2020-02-23 11:00:00+00:00,0,0.0,11,6,2,1
2020-02-23 12:00:00+00:00,0,0.0,12,6,2,1
2020-02-23 13:00:00+00:00,0,0.0,13,6,2,1
2020-02-23 14:00:00+00:00,0,0.0,14,6,2,1
2020-02-23 15:00:00+00:00,0,0.0,15,6,2,1
2020-02-23 16:00:00+00:00,0,0.0,16,6,2,1
2020-02-23 17:00:00+00:00,0,0.0,17,6,2,1
2020-02-23 18:00:00+00:00,0,0.0,18,6,2,1
2020-02-23 19:00:00+00:00,0,0.0,19,6,2,1
2020-02-23 20:00:00+00:00,1,5.235,20,6,2,1
2020-02-23 21:00:00+00:00,0,0.0,21,6,2,1
2020-02-23 22:00:00+00:00,1,0.883,22,6,2,1
2020-02-23 23:00:00+00:00,0,0.0,23,6,2,1
2020-02-24 00:00:00+00:00,0,0.0,0,0,2,0
2020-02-24 01:00:00+00:00,1,0.525,1,0,2,0
2020-02-24 02:00:00+00:00,2,15.923,2,0,2,0
2020-02-24 03:00:00+00:00,0,0.0,3,0,2,0
2020-02-24 04:00:00+00:00,0,0.0,4,0,2,0
2020-02-24 05:00:00+00:00,0,0.0,5,0,2,0
2020-02-24 06:00:00+00:00,0,0.0,6,0,2,0
2020-02-24 07:00:00+00:00,0,0.0,7,0,2,0
2020-02-24 08:00:00+00:00,0,0.0,8,0,2,0
2020-02-24 09:00:00+00:00,0,0.0,9,0,2,0
2020-02-24 10:00:00+00:00,0,0.0,10,0,2,0
2020-02-24 11:00:00+00:00,0,0.0,11,0,2,0
2020-02-24 12:00:00+00:00,0,0.0,12,0,2,0
2020-02-24 13:00:00+00:00,0,0.0,13,0,2,0
2020-02-24 14:00:00+00:00,1,28.692,14,0,2,0
2020-02-24 15:00:00+00:00,2,3.821,15,0,2,0
2020-02-24 16:00:00+00:00,8,69.973,16,0,2,0
2020-02-24 17:00:00+00:00,6,37.151,17,0,2,0
2020-02-24 18:00:00+00:00,3,52.643,18,0,2,0
2020-02-24 19:00:00+00:00,2,16.043,19,0,2,0
2020-02-24 20:00:00+00:00,1,6.885,20,0,2,0
2020-02-24 21:00:00+00:00,2,9.922,21,0,2,0
2020-02-24 22:00:00+00:00,2,6.731,22,0,2,0
2020-02-24 23:00:00+00:00,1,0.883,23,0,2,0
2020-02-25 00:00:00+00:00,0,0.0,0,1,2,0
2020-02-25 01:00:00+00:00,0,0.0,1,1,2,0
2020-02-25 02:00:00+00:00,0,0.0,2,1,2,0
2020-02-25 03:00:00+00:00,0,0.0,3,1,2,0
2020-02-25 04:00:00+00:00,0,0.0,4,1,2,0
2020-02-25 05:00:00+00:00,0,0.0,5,1,2,0
2020-02-25 06:00:00+00:00,1,31.879,6,1,2,0
2020-02-25 07:00:00+00:00,0,0.0,7,1,2,0
2020-02-25 08:00:00+00:00,0,0.0,8,1,2,0
2020-02-25 09:00:00+00:00,0,0.0,9,1,2,0
2020-02-25 10:00:00+00:00,0,0.0,10,1,2,0
2020-02-25 11:00:00+00:00,0,0.0,11,1,2,0
2020-02-25 12:00:00+00:00,0,0.0,12,1,2,0
2020-02-25 13:00:00+00:00,1,14.197,13,1,2,0
2020-02-25 14:00:00+00:00,0,0.0,14,1,2,0
2020-02-25 15:00:00+00:00,1,8.263,15,1,2,0
2020-02-25 16:00:00+00:00,6,39.912,16,1,2,0
2020-02-25 17:00:00+00:00,14,66.447,17,1,2,0
2020-02-25 18:00:00+00:00,2,20.015,18,1,2,0
2020-02-25 19:00:00+00:00,1,0.821,19,1,2,0
2020-02-25 20:00:00+00:00,4,20.415,20,1,2,0
2020-02-25 21:00:00+00:00,4,16.507,21,1,2,0
2020-02-25 22:00:00+00:00,0,0.0,22,1,2,0
2020-02-25 23:00:00+00:00,1,2.237,23,1,2,0
2020-02-26 00:00:00+00:00,4,10.201,0,2,2,0
2020-02-26 01:00:00+00:00,1,1.283,1,2,2,0
2020-02-26 02:00:00+00:00,1,12.172,2,2,2,0
2020-02-26 03:00:00+00:00,0,0.0,3,2,2,0
2020-02-26 04:00:00+00:00,2,18.423,4,2,2,0
2020-02-26 05:00:00+00:00,0,0.0,5,2,2,0
2020-02-26 06:00:00+00:00,0,0.0,6,2,2,0
2020-02-26 07:00:00+00:00,0,0.0,7,2,2,0
2020-02-26 08:00:00+00:00,1,10.09,8,2,2,0
2020-02-26 09:00:00+00:00,0,0.0,9,2,2,0
2020-02-26 10:00:00+00:00,0,0.0,10,2,2,0
2020-02-26 11:00:00+00:00,0,0.0,11,2,2,0
2020-02-26 12:00:00+00:00,0,0.0,12,2,2,0
2020-02-26 13:00:00+00:00,0,0.0,13,2,2,0
2020-02-26 14:00:00+00:00,1,14.770036111111112,14,2,2,0
2020-02-26 15:00:00+00:00,3,10.295,15,2,2,0
2020-02-26 16:00:00+00:00,7,90.64,16,2,2,0
2020-02-26 17:00:00+00:00,9,50.943,17,2,2,0
2020-02-26 18:00:00+00:00,7,89.17031083333333,18,2,2,0
2020-02-26 19:00:00+00:00,0,0.0,19,2,2,0
2020-02-26 20:00:00+00:00,4,12.586,20,2,2,0
2020-02-26 21:00:00+00:00,2,9.029,21,2,2,0
2020-02-26 22:00:00+00:00,1,0.726923536439364,22,2,2,0
2020-02-26 23:00:00+00:00,1,2.855,23,2,2,0
2020-02-27 00:00:00+00:00,2,17.377,0,3,2,0
2020-02-27 01:00:00+00:00,1,5.886,1,3,2,0
2020-02-27 02:00:00+00:00,1,6.151,2,3,2,0
2020-02-27 03:00:00+00:00,1,15.263,3,3,2,0
2020-02-27 04:00:00+00:00,1,0.87,4,3,2,0
2020-02-27 05:00:00+00:00,0,0.0,5,3,2,0
2020-02-27 06:00:00+00:00,0,0.0,6,3,2,0
2020-02-27 07:00:00+00:00,0,0.0,7,3,2,0
2020-02-27 08:00:00+00:00,0,0.0,8,3,2,0
2020-02-27 09:00:00+00:00,0,0.0,9,3,2,0
2020-02-27 10:00:00+00:00,0,0.0,10,3,2,0
2020-02-27 11:00:00+00:00,0,0.0,11,3,2,0
2020-02-27 12:00:00+00:00,0,0.0,12,3,2,0
2020-02-27 13:00:00+00:00,0,0.0,13,3,2,0
2020-02-27 14:00:00+00:00,0,0.0,14,3,2,0
2020-02-27 15:00:00+00:00,2,6.066,15,3,2,0
2020-02-27 16:00:00+00:00,10,53.811822879330705,16,3,2,0
2020-02-27 17:00:00+00:00,5,40.132000000000005,17,3,2,0
2020-02-27 18:00:00+00:00,4,28.022,18,3,2,0
2020-02-27 19:00:00+00:00,1,13.923,19,3,2,0
2020-02-27 20:00:00+00:00,2,4.617628733571818,20,3,2,0
2020-02-27 21:00:00+00:00,4,34.592,21,3,2,0
2020-02-27 22:00:00+00:00,2,5.413,22,3,2,0
2020-02-27 23:00:00+00:00,0,0.0,23,3,2,0
2020-02-28 00:00:00+00:00,3,18.086,0,4,2,0
2020-02-28 01:00:00+00:00,1,0.833,1,4,2,0
2020-02-28 02:00:00+00:00,0,0.0,2,4,2,0
2020-02-28 03:00:00+00:00,1,9.559,3,4,2,0
2020-02-28 04:00:00+00:00,1,2.737,4,4,2,0
2020-02-28 05:00:00+00:00,0,0.0,5,4,2,0
2020-02-28 06:00:00+00:00,0,0.0,6,4,2,0
2020-02-28 07:00:00+00:00,0,0.0,7,4,2,0
2020-02-28 08:00:00+00:00,0,0.0,8,4,2,0
2020-02-28 09:00:00+00:00,0,0.0,9,4,2,0
2020-02-28 10:00:00+00:00,0,0.0,10,4,2,0
2020-02-28 11:00:00+00:00,0,0.0,11,4,2,0
2020-02-28 12:00:00+00:00,0,0.0,12,4,2,0
2020-02-28 13:00:00+00:00,0,0.0,13,4,2,0
2020-02-28 14:00:00+00:00,1,13.25,14,4,2,0
2020-02-28 15:00:00+00:00,3,7.992,15,4,2,0
2020-02-28 16:00:00+00:00,8,55.762,16,4,2,0
2020-02-28 17:00:00+00:00,10,57.318,17,4,2,0
2020-02-28 18:00:00+00:00,4,25.17,18,4,2,0
2020-02-28 19:00:00+00:00,2,41.219,19,4,2,0
2020-02-28 20:00:00+00:00,2,7.808,20,4,2,0
2020-02-28 21:00:00+00:00,2,27.769,21,4,2,0
2020-02-28 22:00:00+00:00,1,8.509,22,4,2,0
2020-02-28 23:00:00+00:00,2,1.445,23,4,2,0
2020-02-29 00:00:00+00:00,0,0.0,0,5,2,1
2020-02-29 01:00:00+00:00,0,0.0,1,5,2,1
2020-02-29 02:00:00+00:00,0,0.0,2,5,2,1
2020-02-29 03:00:00+00:00,0,0.0,3,5,2,1
2020-02-29 04:00:00+00:00,1,2.997,4,5,2,1
2020-02-29 05:00:00+00:00,0,0.0,5,5,2,1
2020-02-29 06:00:00+00:00,0,0.0,6,5,2,1
2020-02-29 07:00:00+00:00,0,0.0,7,5,2,1
2020-02-29 08:00:00+00:00,0,0.0,8,5,2,1
2020-02-29 09:00:00+00:00,0,0.0,9,5,2,1
2020-02-29 10:00:00+00:00,0,0.0,10,5,2,1
2020-02-29 11:00:00+00:00,0,0.0,11,5,2,1
2020-02-29 12:00:00+00:00,0,0.0,12,5,2,1
2020-02-29 13:00:00+00:00,0,0.0,13,5,2,1
2020-02-29 14:00:00+00:00,0,0.0,14,5,2,1
2020-02-29 15:00:00+00:00,0,0.0,15,5,2,1
2020-02-29 16:00:00+00:00,1,7.346,16,5,2,1
2020-02-29 17:00:00+00:00,2,9.985,17,5,2,1
2020-02-29 18:00:00+00:00,1,4.46,18,5,2,1
2020-02-29 19:00:00+00:00,2,24.762,19,5,2,1
2020-02-29 20:00:00+00:00,1,7.942,20,5,2,1
2020-02-29 21:00:00+00:00,1,0.856,21,5,2,1
2020-02-29 22:00:00+00:00,0,0.0,22,5,2,1
2020-02-29 23:00:00+00:00,2,16.87,23,5,2,1
2020-03-01 00:00:00+00:00,0,0.0,0,6,3,1
2020-03-01 01:00:00+00:00,0,0.0,1,6,3,1
2020-03-01 02:00:00+00:00,0,0.0,2,6,3,1
2020-03-01 03:00:00+00:00,0,0.0,3,6,3,1
2020-03-01 04:00:00+00:00,0,0.0,4,6,3,1
2020-03-01 05:00:00+00:00,0,0.0,5,6,3,1
2020-03-01 06:00:00+00:00,0,0.0,6,6,3,1
2020-03-01 07:00:00+00:00,0,0.0,7,6,3,1
2020-03-01 08:00:00+00:00,0,0.0,8,6,3,1
2020-03-01 09:00:00+00:00,0,0.0,9,6,3,1
2020-03-01 10:00:00+00:00,0,0.0,10,6,3,1
2020-03-01 11:00:00+00:00,0,0.0,11,6,3,1
2020-03-01 12:00:00+00:00,0,0.0,12,6,3,1
2020-03-01 13:00:00+00:00,0,0.0,13,6,3,1
2020-03-01 14:00:00+00:00,0,0.0,14,6,3,1
2020-03-01 15:00:00+00:00,0,0.0,15,6,3,1
2020-03-01 16:00:00+00:00,0,0.0,16,6,3,1
2020-03-01 17:00:00+00:00,0,0.0,17,6,3,1
2020-03-01 18:00:00+00:00,2,7.861000000000001,18,6,3,1
2020-03-01 19:00:00+00:00,0,0.0,19,6,3,1
2020-03-01 20:00:00+00:00,0,0.0,20,6,3,1
2020-03-01 21:00:00+00:00,0,0.0,21,6,3,1
2020-03-01 22:00:00+00:00,0,0.0,22,6,3,1
2020-03-01 23:00:00+00:00,0,0.0,23,6,3,1
2020-03-02 00:00:00+00:00,2,35.85,0,0,3,0
2020-03-02 01:00:00+00:00,1,0.541,1,0,3,0
2020-03-02 02:00:00+00:00,2,12.131,2,0,3,0
2020-03-02 03:00:00+00:00,0,0.0,3,0,3,0
2020-03-02 04:00:00+00:00,0,0.0,4,0,3,0
2020-03-02 05:00:00+00:00,0,0.0,5,0,3,0
2020-03-02 06:00:00+00:00,0,0.0,6,0,3,0
2020-03-02 07:00:00+00:00,0,0.0,7,0,3,0
2020-03-02 08:00:00+00:00,0,0.0,8,0,3,0
2020-03-02 09:00:00+00:00,0,0.0,9,0,3,0
2020-03-02 10:00:00+00:00,0,0.0,10,0,3,0
2020-03-02 11:00:00+00:00,0,0.0,11,0,3,0
2020-03-02 12:00:00+00:00,0,0.0,12,0,3,0
2020-03-02 13:00:00+00:00,0,0.0,13,0,3,0
2020-03-02 14:00:00+00:00,1,25.355,14,0,3,0
2020-03-02 15:00:00+00:00,2,5.438000000000001,15,0,3,0
2020-03-02 16:00:00+00:00,7,73.665,16,0,3,0
2020-03-02 17:00:00+00:00,7,67.776,17,0,3,0
2020-03-02 18:00:00+00:00,5,32.762,18,0,3,0
2020-03-02 19:00:00+00:00,3,70.762,19,0,3,0
2020-03-02 20:00:00+00:00,1,2.371,20,0,3,0
2020-03-02 21:00:00+00:00,4,14.9,21,0,3,0
2020-03-02 22:00:00+00:00,2,9.234,22,0,3,0
2020-03-02 23:00:00+00:00,2,10.576,23,0,3,0
2020-03-03 00:00:00+00:00,1,3.728,0,1,3,0
2020-03-03 01:00:00+00:00,2,7.0,1,1,3,0
2020-03-03 02:00:00+00:00,0,0.0,2,1,3,0
2020-03-03 03:00:00+00:00,0,0.0,3,1,3,0
2020-03-03 04:00:00+00:00,1,0.898,4,1,3,0
2020-03-03 05:00:00+00:00,0,0.0,5,1,3,0
2020-03-03 06:00:00+00:00,0,0.0,6,1,3,0
2020-03-03 07:00:00+00:00,0,0.0,7,1,3,0
2020-03-03 08:00:00+00:00,0,0.0,8,1,3,0
2020-03-03 09:00:00+00:00,0,0.0,9,1,3,0
2020-03-03 10:00:00+00:00,0,0.0,10,1,3,0
2020-03-03 11:00:00+00:00,0,0.0,11,1,3,0
2020-03-03 12:00:00+00:00,0,0.0,12,1,3,0
2020-03-03 13:00:00+00:00,0,0.0,13,1,3,0
2020-03-03 14:00:00+00:00,1,3.259,14,1,3,0
2020-03-03 15:00:00+00:00,1,11.41,15,1,3,0
2020-03-03 16:00:00+00:00,7,27.346,16,1,3,0
2020-03-03 17:00:00+00:00,5,33.009,17,1,3,0
2020-03-03 18:00:00+00:00,5,33.608,18,1,3,0
2020-03-03 19:00:00+00:00,4,19.111,19,1,3,0
2020-03-03 20:00:00+00:00,4,35.248,20,1,3,0
2020-03-03 21:00:00+00:00,2,1.796,21,1,3,0
2020-03-03 22:00:00+00:00,1,0.882,22,1,3,0
2020-03-03 23:00:00+00:00,1,2.766,23,1,3,0
2020-03-04 00:00:00+00:00,0,0.0,0,2,3,0
2020-03-04 01:00:00+00:00,1,4.572,1,2,3,0
2020-03-04 02:00:00+00:00,0,0.0,2,2,3,0
2020-03-04 03:00:00+00:00,0,0.0,3,2,3,0
2020-03-04 04:00:00+00:00,1,4.813,4,2,3,0
2020-03-04 05:00:00+00:00,0,0.0,5,2,3,0
2020-03-04 06:00:00+00:00,0,0.0,6,2,3,0
2020-03-04 07:00:00+00:00,0,0.0,7,2,3,0
2020-03-04 08:00:00+00:00,0,0.0,8,2,3,0
2020-03-04 09:00:00+00:00,0,0.0,9,2,3,0
2020-03-04 10:00:00+00:00,0,0.0,10,2,3,0
2020-03-04 11:00:00+00:00,0,0.0,11,2,3,0
2020-03-04 12:00:00+00:00,0,0.0,12,2,3,0
2020-03-04 13:00:00+00:00,0,0.0,13,2,3,0
2020-03-04 14:00:00+00:00,1,13.595,14,2,3,0
2020-03-04 15:00:00+00:00,1,10.441,15,2,3,0
2020-03-04 16:00:00+00:00,7,22.311,16,2,3,0
2020-03-04 17:00:00+00:00,14,104.708,17,2,3,0
2020-03-04 18:00:00+00:00,2,17.841,18,2,3,0
2020-03-04 19:00:00+00:00,0,0.0,19,2,3,0
2020-03-04 20:00:00+00:00,2,5.011,20,2,3,0
2020-03-04 21:00:00+00:00,1,6.489,21,2,3,0
2020-03-04 22:00:00+00:00,2,42.819,22,2,3,0
2020-03-04 23:00:00+00:00,0,0.0,23,2,3,0
2020-03-05 00:00:00+00:00,0,0.0,0,3,3,0
2020-03-05 01:00:00+00:00,0,0.0,1,3,3,0
2020-03-05 02:00:00+00:00,0,0.0,2,3,3,0
2020-03-05 03:00:00+00:00,0,0.0,3,3,3,0
2020-03-05 04:00:00+00:00,1,3.885,4,3,3,0
2020-03-05 05:00:00+00:00,0,0.0,5,3,3,0
2020-03-05 06:00:00+00:00,0,0.0,6,3,3,0
2020-03-05 07:00:00+00:00,0,0.0,7,3,3,0
2020-03-05 08:00:00+00:00,0,0.0,8,3,3,0
2020-03-05 09:00:00+00:00,0,0.0,9,3,3,0
2020-03-05 10:00:00+00:00,0,0.0,10,3,3,0
2020-03-05 11:00:00+00:00,0,0.0,11,3,3,0
2020-03-05 12:00:00+00:00,0,0.0,12,3,3,0
2020-03-05 13:00:00+00:00,0,0.0,13,3,3,0
2020-03-05 14:00:00+00:00,0,0.0,14,3,3,0
2020-03-05 15:00:00+00:00,2,7.575,15,3,3,0
2020-03-05 16:00:00+00:00,6,55.766842293904894,16,3,3,0
2020-03-05 17:00:00+00:00,12,53.789,17,3,3,0
2020-03-05 18:00:00+00:00,5,18.219,18,3,3,0
2020-03-05 19:00:00+00:00,6,46.21147072878949,19,3,3,0
2020-03-05 20:00:00+00:00,1,0.976,20,3,3,0
2020-03-05 21:00:00+00:00,2,14.966,21,3,3,0
2020-03-05 22:00:00+00:00,2,8.754,22,3,3,0
2020-03-05 23:00:00+00:00,1,15.876,23,3,3,0
2020-03-06 00:00:00+00:00,2,7.009230585423858,0,4,3,0
2020-03-06 01:00:00+00:00,1,0.937,1,4,3,0
2020-03-06 02:00:00+00:00,0,0.0,2,4,3,0
2020-03-06 03:00:00+00:00,1,3.443,3,4,3,0
2020-03-06 04:00:00+00:00,1,3.361,4,4,3,0
2020-03-06 05:00:00+00:00,0,0.0,5,4,3,0
2020-03-06 06:00:00+00:00,0,0.0,6,4,3,0
2020-03-06 07:00:00+00:00,0,0.0,7,4,3,0
2020-03-06 08:00:00+00:00,0,0.0,8,4,3,0
2020-03-06 09:00:00+00:00,0,0.0,9,4,3,0
2020-03-06 10:00:00+00:00,0,0.0,10,4,3,0
2020-03-06 11:00:00+00:00,0,0.0,11,4,3,0
2020-03-06 12:00:00+00:00,0,0.0,12,4,3,0
2020-03-06 13:00:00+00:00,0,0.0,13,4,3,0
2020-03-06 14:00:00+00:00,1,4.335,14,4,3,0
2020-03-06 15:00:00+00:00,4,12.55907888888889,15,4,3,0
2020-03-06 16:00:00+00:00,5,19.926,16,4,3,0
2020-03-06 17:00:00+00:00,10,91.493,17,4,3,0
2020-03-06 18:00:00+00:00,7,49.97791581839949,18,4,3,0
2020-03-06 19:00:00+00:00,1,8.473,19,4,3,0
2020-03-06 20:00:00+00:00,5,36.16420055555555,20,4,3,0
2020-03-06 21:00:00+00:00,1,4.223,21,4,3,0
2020-03-06 22:00:00+00:00,0,0.0,22,4,3,0
2020-03-06 23:00:00+00:00,1,1.06,23,4,3,0
2020-03-07 00:00:00+00:00,3,11.248,0,5,3,1
2020-03-07 01:00:00+00:00,1,52.302,1,5,3,1
2020-03-07 02:00:00+00:00,2,5.545,2,5,3,1
2020-03-07 03:00:00+00:00,0,0.0,3,5,3,1
2020-03-07 04:00:00+00:00,0,0.0,4,5,3,1
2020-03-07 05:00:00+00:00,0,0.0,5,5,3,1
2020-03-07 06:00:00+00:00,1,23.162,6,5,3,1
2020-03-07 07:00:00+00:00,0,0.0,7,5,3,1
2020-03-07 08:00:00+00:00,0,0.0,8,5,3,1
2020-03-07 09:00:00+00:00,0,0.0,9,5,3,1
2020-03-07 10:00:00+00:00,0,0.0,10,5,3,1
2020-03-07 11:00:00+00:00,0,0.0,11,5,3,1
2020-03-07 12:00:00+00:00,0,0.0,12,5,3,1
2020-03-07 13:00:00+00:00,0,0.0,13,5,3,1
2020-03-07 14:00:00+00:00,0,0.0,14,5,3,1
2020-03-07 15:00:00+00:00,1,3.662,15,5,3,1
2020-03-07 16:00:00+00:00,0,0.0,16,5,3,1
2020-03-07 17:00:00+00:00,0,0.0,17,5,3,1
2020-03-07 18:00:00+00:00,3,12.03,18,5,3,1
2020-03-07 19:00:00+00:00,0,0.0,19,5,3,1
2020-03-07 20:00:00+00:00,0,0.0,20,5,3,1
2020-03-07 21:00:00+00:00,0,0.0,21,5,3,1
2020-03-07 22:00:00+00:00,1,0.822,22,5,3,1
2020-03-07 23:00:00+00:00,1,6.249,23,5,3,1
2020-03-08 00:00:00+00:00,0,0.0,0,6,3,1
2020-03-08 01:00:00+00:00,1,5.428,1,6,3,1
2020-03-08 02:00:00+00:00,0,0.0,2,6,3,1
2020-03-08 03:00:00+00:00,0,0.0,3,6,3,1
2020-03-08 04:00:00+00:00,0,0.0,4,6,3,1
2020-03-08 05:00:00+00:00,0,0.0,5,6,3,1
2020-03-08 06:00:00+00:00,0,0.0,6,6,3,1
2020-03-08 07:00:00+00:00,0,0.0,7,6,3,1
2020-03-08 08:00:00+00:00,0,0.0,8,6,3,1
2020-03-08 09:00:00+00:00,0,0.0,9,6,3,1
2020-03-08 10:00:00+00:00,0,0.0,10,6,3,1
2020-03-08 11:00:00+00:00,0,0.0,11,6,3,1
2020-03-08 12:00:00+00:00,0,0.0,12,6,3,1
2020-03-08 13:00:00+00:00,0,0.0,13,6,3,1
2020-03-08 14:00:00+00:00,0,0.0,14,6,3,1
2020-03-08 15:00:00+00:00,0,0.0,15,6,3,1
2020-03-08 16:00:00+00:00,1,4.31,16,6,3,1
2020-03-08 17:00:00+00:00,0,0.0,17,6,3,1
2020-03-08 18:00:00+00:00,4,56.254,18,6,3,1
2020-03-08 19:00:00+00:00,0,0.0,19,6,3,1
2020-03-08 20:00:00+00:00,1,0.901,20,6,3,1
2020-03-08 21:00:00+00:00,1,5.708,21,6,3,1
2020-03-08 22:00:00+00:00,0,0.0,22,6,3,1
2020-03-08 23:00:00+00:00,0,0.0,23,6,3,1
2020-03-09 00:00:00+00:00,1,0.795,0,0,3,0
2020-03-09 01:00:00+00:00,0,0.0,1,0,3,0
2020-03-09 02:00:00+00:00,0,0.0,2,0,3,0
2020-03-09 03:00:00+00:00,0,0.0,3,0,3,0
2020-03-09 04:00:00+00:00,1,7.353,4,0,3,0
2020-03-09 05:00:00+00:00,0,0.0,5,0,3,0
2020-03-09 06:00:00+00:00,0,0.0,6,0,3,0
2020-03-09 07:00:00+00:00,0,0.0,7,0,3,0
2020-03-09 08:00:00+00:00,0,0.0,8,0,3,0
2020-03-09 09:00:00+00:00,0,0.0,9,0,3,0
2020-03-09 10:00:00+00:00,0,0.0,10,0,3,0
2020-03-09 11:00:00+00:00,0,0.0,11,0,3,0
2020-03-09 12:00:00+00:00,0,0.0,12,0,3,0
2020-03-09 13:00:00+00:00,1,14.034,13,0,3,0
2020-03-09 14:00:00+00:00,2,6.561,14,0,3,0
2020-03-09 15:00:00+00:00,10,73.366,15,0,3,0
2020-03-09 16:00:00+00:00,5,49.168,16,0,3,0
2020-03-09 17:00:00+00:00,7,52.172,17,0,3,0
2020-03-09 18:00:00+00:00,2,15.01,18,0,3,0
2020-03-09 19:00:00+00:00,0,0.0,19,0,3,0
2020-03-09 20:00:00+00:00,4,24.801,20,0,3,0
2020-03-09 21:00:00+00:00,1,7.03,21,0,3,0
2020-03-09 22:00:00+00:00,0,0.0,22,0,3,0
2020-03-09 23:00:00+00:00,0,0.0,23,0,3,0
2020-03-10 00:00:00+00:00,1,43.811,0,1,3,0
2020-03-10 01:00:00+00:00,2,11.67,1,1,3,0
2020-03-10 02:00:00+00:00,0,0.0,2,1,3,0
2020-03-10 03:00:00+00:00,1,4.06,3,1,3,0
2020-03-10 04:00:00+00:00,1,1.765,4,1,3,0
2020-03-10 05:00:00+00:00,0,0.0,5,1,3,0
2020-03-10 06:00:00+00:00,0,0.0,6,1,3,0
2020-03-10 07:00:00+00:00,0,0.0,7,1,3,0
2020-03-10 08:00:00+00:00,0,0.0,8,1,3,0
2020-03-10 09:00:00+00:00,0,0.0,9,1,3,0
2020-03-10 10:00:00+00:00,0,0.0,10,1,3,0
2020-03-10 11:00:00+00:00,0,0.0,11,1,3,0
2020-03-10 12:00:00+00:00,1,5.061,12,1,3,0
2020-03-10 13:00:00+00:00,0,0.0,13,1,3,0
2020-03-10 14:00:00+00:00,2,6.096,14,1,3,0
2020-03-10 15:00:00+00:00,9,53.092,15,1,3,0
2020-03-10 16:00:00+00:00,4,30.193,16,1,3,0
2020-03-10 17:00:00+00:00,4,29.503,17,1,3,0
2020-03-10 18:00:00+00:00,2,12.836,18,1,3,0
2020-03-10 19:00:00+00:00,0,0.0,19,1,3,0
2020-03-10 20:00:00+00:00,2,2.031,20,1,3,0
2020-03-10 21:00:00+00:00,1,4.918,21,1,3,0
2020-03-10 22:00:00+00:00,0,0.0,22,1,3,0
2020-03-10 23:00:00+00:00,0,0.0,23,1,3,0
2020-03-11 00:00:00+00:00,1,4.54,0,2,3,0
2020-03-11 01:00:00+00:00,0,0.0,1,2,3,0
2020-03-11 02:00:00+00:00,0,0.0,2,2,3,0
2020-03-11 03:00:00+00:00,1,4.487,3,2,3,0
2020-03-11 04:00:00+00:00,0,0.0,4,2,3,0
2020-03-11 05:00:00+00:00,0,0.0,5,2,3,0
2020-03-11 06:00:00+00:00,0,0.0,6,2,3,0
2020-03-11 07:00:00+00:00,0,0.0,7,2,3,0
2020-03-11 08:00:00+00:00,0,0.0,8,2,3,0
2020-03-11 09:00:00+00:00,0,0.0,9,2,3,0
2020-03-11 10:00:00+00:00,0,0.0,10,2,3,0
2020-03-11 11:00:00+00:00,0,0.0,11,2,3,0
2020-03-11 12:00:00+00:00,0,0.0,12,2,3,0
2020-03-11 13:00:00+00:00,0,0.0,13,2,3,0
2020-03-11 14:00:00+00:00,1,3.953,14,2,3,0
2020-03-11 15:00:00+00:00,8,30.06642203404999,15,2,3,0
2020-03-11 16:00:00+00:00,7,48.694,16,2,3,0
2020-03-11 17:00:00+00:00,2,55.736,17,2,3,0
2020-03-11 18:00:00+00:00,2,4.631,18,2,3,0
2020-03-11 19:00:00+00:00,0,0.0,19,2,3,0
2020-03-11 20:00:00+00:00,4,17.601,20,2,3,0
2020-03-11 21:00:00+00:00,0,0.0,21,2,3,0
2020-03-11 22:00:00+00:00,1,6.374,22,2,3,0
2020-03-11 23:00:00+00:00,0,0.0,23,2,3,0
2020-03-12 00:00:00+00:00,1,5.99,0,3,3,0
2020-03-12 01:00:00+00:00,0,0.0,1,3,3,0
2020-03-12 02:00:00+00:00,0,0.0,2,3,3,0
2020-03-12 03:00:00+00:00,1,1.153,3,3,3,0
2020-03-12 04:00:00+00:00,0,0.0,4,3,3,0
2020-03-12 05:00:00+00:00,0,0.0,5,3,3,0
2020-03-12 06:00:00+00:00,0,0.0,6,3,3,0
2020-03-12 07:00:00+00:00,0,0.0,7,3,3,0
2020-03-12 08:00:00+00:00,0,0.0,8,3,3,0
2020-03-12 09:00:00+00:00,0,0.0,9,3,3,0
2020-03-12 10:00:00+00:00,0,0.0,10,3,3,0
2020-03-12 11:00:00+00:00,0,0.0,11,3,3,0
2020-03-12 12:00:00+00:00,0,0.0,12,3,3,0
2020-03-12 13:00:00+00:00,0,0.0,13,3,3,0
2020-03-12 14:00:00+00:00,3,39.756,14,3,3,0
2020-03-12 15:00:00+00:00,6,28.985294504180075,15,3,3,0
2020-03-12 16:00:00+00:00,4,22.189,16,3,3,0
2020-03-12 17:00:00+00:00,4,12.943761511349695,17,3,3,0
2020-03-12 18:00:00+00:00,3,24.647,18,3,3,0
2020-03-12 19:00:00+00:00,1,3.855,19,3,3,0
2020-03-12 20:00:00+00:00,2,7.264461768219581,20,3,3,0
2020-03-12 21:00:00+00:00,0,0.0,21,3,3,0
2020-03-12 22:00:00+00:00,0,0.0,22,3,3,0
2020-03-12 23:00:00+00:00,1,4.212,23,3,3,0
2020-03-13 00:00:00+00:00,0,0.0,0,4,3,0
2020-03-13 01:00:00+00:00,0,0.0,1,4,3,0
2020-03-13 02:00:00+00:00,0,0.0,2,4,3,0
2020-03-13 03:00:00+00:00,2,18.545,3,4,3,0
2020-03-13 04:00:00+00:00,0,0.0,4,4,3,0
2020-03-13 05:00:00+00:00,0,0.0,5,4,3,0
2020-03-13 06:00:00+00:00,0,0.0,6,4,3,0
2020-03-13 07:00:00+00:00,0,0.0,7,4,3,0
2020-03-13 08:00:00+00:00,0,0.0,8,4,3,0
2020-03-13 09:00:00+00:00,0,0.0,9,4,3,0
2020-03-13 10:00:00+00:00,0,0.0,10,4,3,0
2020-03-13 11:00:00+00:00,0,0.0,11,4,3,0
2020-03-13 12:00:00+00:00,0,0.0,12,4,3,0
2020-03-13 13:00:00+00:00,0,0.0,13,4,3,0
2020-03-13 14:00:00+00:00,0,0.0,14,4,3,0
2020-03-13 15:00:00+00:00,1,1.473,15,4,3,0
2020-03-13 16:00:00+00:00,1,9.844,16,4,3,0
2020-03-13 17:00:00+00:00,3,17.366999999999997,17,4,3,0
2020-03-13 18:00:00+00:00,1,11.79,18,4,3,0
2020-03-13 19:00:00+00:00,0,0.0,19,4,3,0
2020-03-13 20:00:00+00:00,0,0.0,20,4,3,0
2020-03-13 21:00:00+00:00,1,6.371,21,4,3,0
2020-03-13 22:00:00+00:00,1,1.746,22,4,3,0
2020-03-13 23:00:00+00:00,0,0.0,23,4,3,0
2020-03-14 00:00:00+00:00,1,3.277,0,5,3,1
2020-03-14 01:00:00+00:00,0,0.0,1,5,3,1
2020-03-14 02:00:00+00:00,1,14.172,2,5,3,1
2020-03-14 03:00:00+00:00,1,3.493,3,5,3,1
2020-03-14 04:00:00+00:00,0,0.0,4,5,3,1
2020-03-14 05:00:00+00:00,0,0.0,5,5,3,1
2020-03-14 06:00:00+00:00,0,0.0,6,5,3,1
2020-03-14 07:00:00+00:00,0,0.0,7,5,3,1
2020-03-14 08:00:00+00:00,0,0.0,8,5,3,1
2020-03-14 09:00:00+00:00,0,0.0,9,5,3,1
2020-03-14 10:00:00+00:00,0,0.0,10,5,3,1
2020-03-14 11:00:00+00:00,0,0.0,11,5,3,1
2020-03-14 12:00:00+00:00,0,0.0,12,5,3,1
2020-03-14 13:00:00+00:00,0,0.0,13,5,3,1
2020-03-14 14:00:00+00:00,0,0.0,14,5,3,1
2020-03-14 15:00:00+00:00,0,0.0,15,5,3,1
2020-03-14 16:00:00+00:00,0,0.0,16,5,3,1
2020-03-14 17:00:00+00:00,0,0.0,17,5,3,1
2020-03-14 18:00:00+00:00,0,0.0,18,5,3,1
2020-03-14 19:00:00+00:00,0,0.0,19,5,3,1
2020-03-14 20:00:00+00:00,0,0.0,20,5,3,1
2020-03-14 21:00:00+00:00,0,0.0,21,5,3,1
2020-03-14 22:00:00+00:00,1,4.421,22,5,3,1
2020-03-14 23:00:00+00:00,1,0.83,23,5,3,1
2020-03-15 00:00:00+00:00,1,3.868,0,6,3,1
2020-03-15 01:00:00+00:00,0,0.0,1,6,3,1
2020-03-15 02:00:00+00:00,0,0.0,2,6,3,1
2020-03-15 03:00:00+00:00,0,0.0,3,6,3,1
2020-03-15 04:00:00+00:00,0,0.0,4,6,3,1
2020-03-15 05:00:00+00:00,1,29.647,5,6,3,1
2020-03-15 06:00:00+00:00,0,0.0,6,6,3,1
2020-03-15 07:00:00+00:00,0,0.0,7,6,3,1
2020-03-15 08:00:00+00:00,0,0.0,8,6,3,1
2020-03-15 09:00:00+00:00,0,0.0,9,6,3,1
2020-03-15 10:00:00+00:00,0,0.0,10,6,3,1
2020-03-15 11:00:00+00:00,0,0.0,11,6,3,1
2020-03-15 12:00:00+00:00,0,0.0,12,6,3,1
2020-03-15 13:00:00+00:00,0,0.0,13,6,3,1
2020-03-15 14:00:00+00:00,0,0.0,14,6,3,1
2020-03-15 15:00:00+00:00,0,0.0,15,6,3,1
2020-03-15 16:00:00+00:00,0,0.0,16,6,3,1
2020-03-15 17:00:00+00:00,1,18.497,17,6,3,1
2020-03-15 18:00:00+00:00,2,56.004025000000006,18,6,3,1
2020-03-15 19:00:00+00:00,2,22.692,19,6,3,1
2020-03-15 20:00:00+00:00,1,6.368,20,6,3,1
2020-03-15 21:00:00+00:00,0,0.0,21,6,3,1
2020-03-15 22:00:00+00:00,2,36.913,22,6,3,1
2020-03-15 23:00:00+00:00,0,0.0,23,6,3,1
2020-03-16 00:00:00+00:00,1,2.073,0,0,3,0
2020-03-16 01:00:00+00:00,0,0.0,1,0,3,0
2020-03-16 02:00:00+00:00,0,0.0,2,0,3,0
2020-03-16 03:00:00+00:00,0,0.0,3,0,3,0
2020-03-16 04:00:00+00:00,0,0.0,4,0,3,0
2020-03-16 05:00:00+00:00,0,0.0,5,0,3,0
2020-03-16 06:00:00+00:00,0,0.0,6,0,3,0
2020-03-16 07:00:00+00:00,1,51.237,7,0,3,0
2020-03-16 08:00:00+00:00,0,0.0,8,0,3,0
2020-03-16 09:00:00+00:00,0,0.0,9,0,3,0
2020-03-16 10:00:00+00:00,0,0.0,10,0,3,0
2020-03-16 11:00:00+00:00,0,0.0,11,0,3,0
2020-03-16 12:00:00+00:00,0,0.0,12,0,3,0
2020-03-16 13:00:00+00:00,0,0.0,13,0,3,0
2020-03-16 14:00:00+00:00,2,18.736,14,0,3,0
2020-03-16 15:00:00+00:00,1,5.773,15,0,3,0
2020-03-16 16:00:00+00:00,1,4.375,16,0,3,0
2020-03-16 17:00:00+00:00,0,0.0,17,0,3,0
2020-03-16 18:00:00+00:00,1,6.356,18,0,3,0
2020-03-16 19:00:00+00:00,0,0.0,19,0,3,0
2020-03-16 20:00:00+00:00,1,4.575,20,0,3,0
2020-03-16 21:00:00+00:00,1,2.741,21,0,3,0
2020-03-16 22:00:00+00:00,0,0.0,22,0,3,0
2020-03-16 23:00:00+00:00,0,0.0,23,0,3,0
2020-03-17 00:00:00+00:00,0,0.0,0,1,3,0
2020-03-17 01:00:00+00:00,0,0.0,1,1,3,0
2020-03-17 02:00:00+00:00,0,0.0,2,1,3,0
2020-03-17 03:00:00+00:00,0,0.0,3,1,3,0
2020-03-17 04:00:00+00:00,0,0.0,4,1,3,0
2020-03-17 05:00:00+00:00,0,0.0,5,1,3,0
2020-03-17 06:00:00+00:00,0,0.0,6,1,3,0
2020-03-17 07:00:00+00:00,0,0.0,7,1,3,0
2020-03-17 08:00:00+00:00,0,0.0,8,1,3,0
2020-03-17 09:00:00+00:00,0,0.0,9,1,3,0
2020-03-17 10:00:00+00:00,0,0.0,10,1,3,0
2020-03-17 11:00:00+00:00,0,0.0,11,1,3,0
2020-03-17 12:00:00+00:00,0,0.0,12,1,3,0
2020-03-17 13:00:00+00:00,0,0.0,13,1,3,0
2020-03-17 14:00:00+00:00,1,7.929,14,1,3,0
2020-03-17 15:00:00+00:00,0,0.0,15,1,3,0
2020-03-17 16:00:00+00:00,0,0.0,16,1,3,0
2020-03-17 17:00:00+00:00,1,5.742,17,1,3,0
2020-03-17 18:00:00+00:00,0,0.0,18,1,3,0
2020-03-17 19:00:00+00:00,1,13.311,19,1,3,0
2020-03-17 20:00:00+00:00,0,0.0,20,1,3,0
2020-03-17 21:00:00+00:00,0,0.0,21,1,3,0
2020-03-17 22:00:00+00:00,0,0.0,22,1,3,0
2020-03-17 23:00:00+00:00,0,0.0,23,1,3,0
2020-03-18 00:00:00+00:00,0,0.0,0,2,3,0
2020-03-18 01:00:00+00:00,1,9.841,1,2,3,0
2020-03-18 02:00:00+00:00,0,0.0,2,2,3,0
2020-03-18 03:00:00+00:00,0,0.0,3,2,3,0
2020-03-18 04:00:00+00:00,0,0.0,4,2,3,0
2020-03-18 05:00:00+00:00,0,0.0,5,2,3,0
2020-03-18 06:00:00+00:00,0,0.0,6,2,3,0
2020-03-18 07:00:00+00:00,0,0.0,7,2,3,0
2020-03-18 08:00:00+00:00,0,0.0,8,2,3,0
2020-03-18 09:00:00+00:00,0,0.0,9,2,3,0
2020-03-18 10:00:00+00:00,0,0.0,10,2,3,0
2020-03-18 11:00:00+00:00,0,0.0,11,2,3,0
2020-03-18 12:00:00+00:00,0,0.0,12,2,3,0
2020-03-18 13:00:00+00:00,0,0.0,13,2,3,0
2020-03-18 14:00:00+00:00,0,0.0,14,2,3,0
2020-03-18 15:00:00+00:00,0,0.0,15,2,3,0
2020-03-18 16:00:00+00:00,1,0.886,16,2,3,0
2020-03-18 17:00:00+00:00,0,0.0,17,2,3,0
2020-03-18 18:00:00+00:00,0,0.0,18,2,3,0
2020-03-18 19:00:00+00:00,0,0.0,19,2,3,0
2020-03-18 20:00:00+00:00,2,16.934,20,2,3,0
2020-03-18 21:00:00+00:00,0,0.0,21,2,3,0
2020-03-18 22:00:00+00:00,0,0.0,22,2,3,0
2020-03-18 23:00:00+00:00,0,0.0,23,2,3,0
2020-03-19 00:00:00+00:00,0,0.0,0,3,3,0
2020-03-19 01:00:00+00:00,0,0.0,1,3,3,0
2020-03-19 02:00:00+00:00,1,9.133,2,3,3,0
2020-03-19 03:00:00+00:00,0,0.0,3,3,3,0
2020-03-19 04:00:00+00:00,0,0.0,4,3,3,0
2020-03-19 05:00:00+00:00,0,0.0,5,3,3,0
2020-03-19 06:00:00+00:00,0,0.0,6,3,3,0
2020-03-19 07:00:00+00:00,0,0.0,7,3,3,0
2020-03-19 08:00:00+00:00,0,0.0,8,3,3,0
2020-03-19 09:00:00+00:00,0,0.0,9,3,3,0
2020-03-19 10:00:00+00:00,0,0.0,10,3,3,0
2020-03-19 11:00:00+00:00,0,0.0,11,3,3,0
2020-03-19 12:00:00+00:00,0,0.0,12,3,3,0
2020-03-19 13:00:00+00:00,1,23.089,13,3,3,0
2020-03-19 14:00:00+00:00,0,0.0,14,3,3,0
2020-03-19 15:00:00+00:00,0,0.0,15,3,3,0
2020-03-19 16:00:00+00:00,0,0.0,16,3,3,0
2020-03-19 17:00:00+00:00,0,0.0,17,3,3,0
2020-03-19 18:00:00+00:00,1,4.944,18,3,3,0
2020-03-19 19:00:00+00:00,1,1.521,19,3,3,0
2020-03-19 20:00:00+00:00,0,0.0,20,3,3,0
2020-03-19 21:00:00+00:00,0,0.0,21,3,3,0
2020-03-19 22:00:00+00:00,0,0.0,22,3,3,0
2020-03-19 23:00:00+00:00,0,0.0,23,3,3,0
2020-03-20 00:00:00+00:00,0,0.0,0,4,3,0
2020-03-20 01:00:00+00:00,0,0.0,1,4,3,0
2020-03-20 02:00:00+00:00,0,0.0,2,4,3,0
2020-03-20 03:00:00+00:00,0,0.0,3,4,3,0
2020-03-20 04:00:00+00:00,0,0.0,4,4,3,0
2020-03-20 05:00:00+00:00,0,0.0,5,4,3,0
2020-03-20 06:00:00+00:00,0,0.0,6,4,3,0
2020-03-20 07:00:00+00:00,0,0.0,7,4,3,0
2020-03-20 08:00:00+00:00,0,0.0,8,4,3,0
2020-03-20 09:00:00+00:00,0,0.0,9,4,3,0
2020-03-20 10:00:00+00:00,0,0.0,10,4,3,0
2020-03-20 11:00:00+00:00,0,0.0,11,4,3,0
2020-03-20 12:00:00+00:00,0,0.0,12,4,3,0
2020-03-20 13:00:00+00:00,0,0.0,13,4,3,0
2020-03-20 14:00:00+00:00,0,0.0,14,4,3,0
2020-03-20 15:00:00+00:00,0,0.0,15,4,3,0
2020-03-20 16:00:00+00:00,0,0.0,16,4,3,0
2020-03-20 17:00:00+00:00,0,0.0,17,4,3,0
2020-03-20 18:00:00+00:00,0,0.0,18,4,3,0
2020-03-20 19:00:00+00:00,0,0.0,19,4,3,0
2020-03-20 20:00:00+00:00,0,0.0,20,4,3,0
2020-03-20 21:00:00+00:00,0,0.0,21,4,3,0
2020-03-20 22:00:00+00:00,0,0.0,22,4,3,0
2020-03-20 23:00:00+00:00,0,0.0,23,4,3,0
2020-03-21 00:00:00+00:00,0,0.0,0,5,3,1
2020-03-21 01:00:00+00:00,0,0.0,1,5,3,1
2020-03-21 02:00:00+00:00,0,0.0,2,5,3,1
2020-03-21 03:00:00+00:00,0,0.0,3,5,3,1
2020-03-21 04:00:00+00:00,0,0.0,4,5,3,1
2020-03-21 05:00:00+00:00,0,0.0,5,5,3,1
2020-03-21 06:00:00+00:00,0,0.0,6,5,3,1
2020-03-21 07:00:00+00:00,0,0.0,7,5,3,1
2020-03-21 08:00:00+00:00,0,0.0,8,5,3,1
2020-03-21 09:00:00+00:00,0,0.0,9,5,3,1
2020-03-21 10:00:00+00:00,0,0.0,10,5,3,1
2020-03-21 11:00:00+00:00,0,0.0,11,5,3,1
2020-03-21 12:00:00+00:00,0,0.0,12,5,3,1
2020-03-21 13:00:00+00:00,0,0.0,13,5,3,1
2020-03-21 14:00:00+00:00,0,0.0,14,5,3,1
2020-03-21 15:00:00+00:00,0,0.0,15,5,3,1
2020-03-21 16:00:00+00:00,0,0.0,16,5,3,1
2020-03-21 17:00:00+00:00,0,0.0,17,5,3,1
2020-03-21 18:00:00+00:00,0,0.0,18,5,3,1
2020-03-21 19:00:00+00:00,0,0.0,19,5,3,1
2020-03-21 20:00:00+00:00,0,0.0,20,5,3,1
2020-03-21 21:00:00+00:00,0,0.0,21,5,3,1
2020-03-21 22:00:00+00:00,0,0.0,22,5,3,1
2020-03-21 23:00:00+00:00,0,0.0,23,5,3,1
2020-03-22 00:00:00+00:00,0,0.0,0,6,3,1
2020-03-22 01:00:00+00:00,0,0.0,1,6,3,1
2020-03-22 02:00:00+00:00,0,0.0,2,6,3,1
2020-03-22 03:00:00+00:00,0,0.0,3,6,3,1
2020-03-22 04:00:00+00:00,0,0.0,4,6,3,1
2020-03-22 05:00:00+00:00,0,0.0,5,6,3,1
2020-03-22 06:00:00+00:00,0,0.0,6,6,3,1
2020-03-22 07:00:00+00:00,0,0.0,7,6,3,1
2020-03-22 08:00:00+00:00,0,0.0,8,6,3,1
2020-03-22 09:00:00+00:00,0,0.0,9,6,3,1
2020-03-22 10:00:00+00:00,0,0.0,10,6,3,1
2020-03-22 11:00:00+00:00,0,0.0,11,6,3,1
2020-03-22 12:00:00+00:00,0,0.0,12,6,3,1
2020-03-22 13:00:00+00:00,1,23.796,13,6,3,1
2020-03-22 14:00:00+00:00,0,0.0,14,6,3,1
2020-03-22 15:00:00+00:00,0,0.0,15,6,3,1
2020-03-22 16:00:00+00:00,0,0.0,16,6,3,1
2020-03-22 17:00:00+00:00,0,0.0,17,6,3,1
2020-03-22 18:00:00+00:00,0,0.0,18,6,3,1
2020-03-22 19:00:00+00:00,1,7.799,19,6,3,1
2020-03-22 20:00:00+00:00,0,0.0,20,6,3,1
2020-03-22 21:00:00+00:00,1,5.82,21,6,3,1
2020-03-22 22:00:00+00:00,0,0.0,22,6,3,1
2020-03-22 23:00:00+00:00,0,0.0,23,6,3,1
2020-03-23 00:00:00+00:00,0,0.0,0,0,3,0
2020-03-23 01:00:00+00:00,0,0.0,1,0,3,0
2020-03-23 02:00:00+00:00,0,0.0,2,0,3,0
2020-03-23 03:00:00+00:00,0,0.0,3,0,3,0
2020-03-23 04:00:00+00:00,0,0.0,4,0,3,0
2020-03-23 05:00:00+00:00,0,0.0,5,0,3,0
2020-03-23 06:00:00+00:00,0,0.0,6,0,3,0
2020-03-23 07:00:00+00:00,0,0.0,7,0,3,0
2020-03-23 08:00:00+00:00,0,0.0,8,0,3,0
2020-03-23 09:00:00+00:00,0,0.0,9,0,3,0
2020-03-23 10:00:00+00:00,0,0.0,10,0,3,0
2020-03-23 11:00:00+00:00,0,0.0,11,0,3,0
2020-03-23 12:00:00+00:00,0,0.0,12,0,3,0
2020-03-23 13:00:00+00:00,0,0.0,13,0,3,0
2020-03-23 14:00:00+00:00,0,0.0,14,0,3,0
2020-03-23 15:00:00+00:00,0,0.0,15,0,3,0
2020-03-23 16:00:00+00:00,0,0.0,16,0,3,0
2020-03-23 17:00:00+00:00,0,0.0,17,0,3,0
2020-03-23 18:00:00+00:00,0,0.0,18,0,3,0
2020-03-23 19:00:00+00:00,0,0.0,19,0,3,0
2020-03-23 20:00:00+00:00,0,0.0,20,0,3,0
2020-03-23 21:00:00+00:00,0,0.0,21,0,3,0
2020-03-23 22:00:00+00:00,0,0.0,22,0,3,0
2020-03-23 23:00:00+00:00,0,0.0,23,0,3,0
2020-03-24 00:00:00+00:00,0,0.0,0,1,3,0
2020-03-24 01:00:00+00:00,0,0.0,1,1,3,0
2020-03-24 02:00:00+00:00,0,0.0,2,1,3,0
2020-03-24 03:00:00+00:00,1,10.221,3,1,3,0
2020-03-24 04:00:00+00:00,0,0.0,4,1,3,0
2020-03-24 05:00:00+00:00,0,0.0,5,1,3,0
2020-03-24 06:00:00+00:00,0,0.0,6,1,3,0
2020-03-24 07:00:00+00:00,0,0.0,7,1,3,0
2020-03-24 08:00:00+00:00,0,0.0,8,1,3,0
2020-03-24 09:00:00+00:00,0,0.0,9,1,3,0
2020-03-24 10:00:00+00:00,0,0.0,10,1,3,0
2020-03-24 11:00:00+00:00,0,0.0,11,1,3,0
2020-03-24 12:00:00+00:00,0,0.0,12,1,3,0
2020-03-24 13:00:00+00:00,0,0.0,13,1,3,0
2020-03-24 14:00:00+00:00,0,0.0,14,1,3,0
2020-03-24 15:00:00+00:00,0,0.0,15,1,3,0
2020-03-24 16:00:00+00:00,0,0.0,16,1,3,0
2020-03-24 17:00:00+00:00,2,1.6509999999999998,17,1,3,0
2020-03-24 18:00:00+00:00,0,0.0,18,1,3,0
2020-03-24 19:00:00+00:00,0,0.0,19,1,3,0
2020-03-24 20:00:00+00:00,0,0.0,20,1,3,0
2020-03-24 21:00:00+00:00,0,0.0,21,1,3,0
2020-03-24 22:00:00+00:00,0,0.0,22,1,3,0
2020-03-24 23:00:00+00:00,0,0.0,23,1,3,0
2020-03-25 00:00:00+00:00,0,0.0,0,2,3,0
2020-03-25 01:00:00+00:00,0,0.0,1,2,3,0
2020-03-25 02:00:00+00:00,0,0.0,2,2,3,0
2020-03-25 03:00:00+00:00,0,0.0,3,2,3,0
2020-03-25 04:00:00+00:00,0,0.0,4,2,3,0
2020-03-25 05:00:00+00:00,0,0.0,5,2,3,0
2020-03-25 06:00:00+00:00,0,0.0,6,2,3,0
2020-03-25 07:00:00+00:00,0,0.0,7,2,3,0
2020-03-25 08:00:00+00:00,0,0.0,8,2,3,0
2020-03-25 09:00:00+00:00,0,0.0,9,2,3,0
2020-03-25 10:00:00+00:00,0,0.0,10,2,3,0
2020-03-25 11:00:00+00:00,0,0.0,11,2,3,0
2020-03-25 12:00:00+00:00,0,0.0,12,2,3,0
2020-03-25 13:00:00+00:00,0,0.0,13,2,3,0
2020-03-25 14:00:00+00:00,0,0.0,14,2,3,0
2020-03-25 15:00:00+00:00,0,0.0,15,2,3,0
2020-03-25 16:00:00+00:00,0,0.0,16,2,3,0
2020-03-25 17:00:00+00:00,0,0.0,17,2,3,0
2020-03-25 18:00:00+00:00,0,0.0,18,2,3,0
2020-03-25 19:00:00+00:00,0,0.0,19,2,3,0
2020-03-25 20:00:00+00:00,0,0.0,20,2,3,0
2020-03-25 21:00:00+00:00,0,0.0,21,2,3,0
2020-03-25 22:00:00+00:00,0,0.0,22,2,3,0
2020-03-25 23:00:00+00:00,1,0.798,23,2,3,0
2020-03-26 00:00:00+00:00,0,0.0,0,3,3,0
2020-03-26 01:00:00+00:00,0,0.0,1,3,3,0
2020-03-26 02:00:00+00:00,0,0.0,2,3,3,0
2020-03-26 03:00:00+00:00,0,0.0,3,3,3,0
2020-03-26 04:00:00+00:00,0,0.0,4,3,3,0
2020-03-26 05:00:00+00:00,0,0.0,5,3,3,0
2020-03-26 06:00:00+00:00,0,0.0,6,3,3,0
2020-03-26 07:00:00+00:00,0,0.0,7,3,3,0
2020-03-26 08:00:00+00:00,0,0.0,8,3,3,0
2020-03-26 09:00:00+00:00,0,0.0,9,3,3,0
2020-03-26 10:00:00+00:00,0,0.0,10,3,3,0
2020-03-26 11:00:00+00:00,0,0.0,11,3,3,0
2020-03-26 12:00:00+00:00,0,0.0,12,3,3,0
2020-03-26 13:00:00+00:00,0,0.0,13,3,3,0
2020-03-26 14:00:00+00:00,0,0.0,14,3,3,0
2020-03-26 15:00:00+00:00,0,0.0,15,3,3,0
2020-03-26 16:00:00+00:00,0,0.0,16,3,3,0
2020-03-26 17:00:00+00:00,0,0.0,17,3,3,0
2020-03-26 18:00:00+00:00,0,0.0,18,3,3,0
2020-03-26 19:00:00+00:00,0,0.0,19,3,3,0
2020-03-26 20:00:00+00:00,0,0.0,20,3,3,0
2020-03-26 21:00:00+00:00,0,0.0,21,3,3,0
2020-03-26 22:00:00+00:00,0,0.0,22,3,3,0
2020-03-26 23:00:00+00:00,0,0.0,23,3,3,0
2020-03-27 00:00:00+00:00,0,0.0,0,4,3,0
2020-03-27 01:00:00+00:00,0,0.0,1,4,3,0
2020-03-27 02:00:00+00:00,0,0.0,2,4,3,0
2020-03-27 03:00:00+00:00,0,0.0,3,4,3,0
2020-03-27 04:00:00+00:00,0,0.0,4,4,3,0
2020-03-27 05:00:00+00:00,0,0.0,5,4,3,0
2020-03-27 06:00:00+00:00,0,0.0,6,4,3,0
2020-03-27 07:00:00+00:00,0,0.0,7,4,3,0
2020-03-27 08:00:00+00:00,0,0.0,8,4,3,0
2020-03-27 09:00:00+00:00,0,0.0,9,4,3,0
2020-03-27 10:00:00+00:00,0,0.0,10,4,3,0
2020-03-27 11:00:00+00:00,0,0.0,11,4,3,0
2020-03-27 12:00:00+00:00,0,0.0,12,4,3,0
2020-03-27 13:00:00+00:00,0,0.0,13,4,3,0
2020-03-27 14:00:00+00:00,0,0.0,14,4,3,0
2020-03-27 15:00:00+00:00,1,6.47,15,4,3,0
2020-03-27 16:00:00+00:00,0,0.0,16,4,3,0
2020-03-27 17:00:00+00:00,0,0.0,17,4,3,0
2020-03-27 18:00:00+00:00,0,0.0,18,4,3,0
2020-03-27 19:00:00+00:00,0,0.0,19,4,3,0
2020-03-27 20:00:00+00:00,0,0.0,20,4,3,0
2020-03-27 21:00:00+00:00,0,0.0,21,4,3,0
2020-03-27 22:00:00+00:00,0,0.0,22,4,3,0
2020-03-27 23:00:00+00:00,0,0.0,23,4,3,0
2020-03-28 00:00:00+00:00,0,0.0,0,5,3,1
2020-03-28 01:00:00+00:00,0,0.0,1,5,3,1
2020-03-28 02:00:00+00:00,0,0.0,2,5,3,1
2020-03-28 03:00:00+00:00,0,0.0,3,5,3,1
2020-03-28 04:00:00+00:00,0,0.0,4,5,3,1
2020-03-28 05:00:00+00:00,0,0.0,5,5,3,1
2020-03-28 06:00:00+00:00,0,0.0,6,5,3,1
2020-03-28 07:00:00+00:00,0,0.0,7,5,3,1
2020-03-28 08:00:00+00:00,0,0.0,8,5,3,1
2020-03-28 09:00:00+00:00,0,0.0,9,5,3,1
2020-03-28 10:00:00+00:00,0,0.0,10,5,3,1
2020-03-28 11:00:00+00:00,0,0.0,11,5,3,1
2020-03-28 12:00:00+00:00,0,0.0,12,5,3,1
2020-03-28 13:00:00+00:00,0,0.0,13,5,3,1
2020-03-28 14:00:00+00:00,0,0.0,14,5,3,1
2020-03-28 15:00:00+00:00,0,0.0,15,5,3,1
2020-03-28 16:00:00+00:00,0,0.0,16,5,3,1
2020-03-28 17:00:00+00:00,0,0.0,17,5,3,1
2020-03-28 18:00:00+00:00,0,0.0,18,5,3,1
2020-03-28 19:00:00+00:00,0,0.0,19,5,3,1
2020-03-28 20:00:00+00:00,0,0.0,20,5,3,1
2020-03-28 21:00:00+00:00,0,0.0,21,5,3,1
2020-03-28 22:00:00+00:00,0,0.0,22,5,3,1
2020-03-28 23:00:00+00:00,0,0.0,23,5,3,1
2020-03-29 00:00:00+00:00,1,33.191,0,6,3,1
2020-03-29 01:00:00+00:00,1,32.873,1,6,3,1
2020-03-29 02:00:00+00:00,0,0.0,2,6,3,1
2020-03-29 03:00:00+00:00,0,0.0,3,6,3,1
2020-03-29 04:00:00+00:00,0,0.0,4,6,3,1
2020-03-29 05:00:00+00:00,0,0.0,5,6,3,1
2020-03-29 06:00:00+00:00,0,0.0,6,6,3,1
2020-03-29 07:00:00+00:00,0,0.0,7,6,3,1
2020-03-29 08:00:00+00:00,0,0.0,8,6,3,1
2020-03-29 09:00:00+00:00,0,0.0,9,6,3,1
2020-03-29 10:00:00+00:00,0,0.0,10,6,3,1
2020-03-29 11:00:00+00:00,0,0.0,11,6,3,1
2020-03-29 12:00:00+00:00,0,0.0,12,6,3,1
2020-03-29 13:00:00+00:00,0,0.0,13,6,3,1
2020-03-29 14:00:00+00:00,0,0.0,14,6,3,1
2020-03-29 15:00:00+00:00,0,0.0,15,6,3,1
2020-03-29 16:00:00+00:00,0,0.0,16,6,3,1
2020-03-29 17:00:00+00:00,0,0.0,17,6,3,1
2020-03-29 18:00:00+00:00,0,0.0,18,6,3,1
2020-03-29 19:00:00+00:00,0,0.0,19,6,3,1
2020-03-29 20:00:00+00:00,0,0.0,20,6,3,1
2020-03-29 21:00:00+00:00,0,0.0,21,6,3,1
2020-03-29 22:00:00+00:00,0,0.0,22,6,3,1
2020-03-29 23:00:00+00:00,1,34.148,23,6,3,1
2020-03-30 00:00:00+00:00,0,0.0,0,0,3,0
2020-03-30 01:00:00+00:00,0,0.0,1,0,3,0
2020-03-30 02:00:00+00:00,0,0.0,2,0,3,0
2020-03-30 03:00:00+00:00,0,0.0,3,0,3,0
2020-03-30 04:00:00+00:00,0,0.0,4,0,3,0
2020-03-30 05:00:00+00:00,0,0.0,5,0,3,0
2020-03-30 06:00:00+00:00,0,0.0,6,0,3,0
2020-03-30 07:00:00+00:00,0,0.0,7,0,3,0
2020-03-30 08:00:00+00:00,0,0.0,8,0,3,0
2020-03-30 09:00:00+00:00,0,0.0,9,0,3,0
2020-03-30 10:00:00+00:00,0,0.0,10,0,3,0
2020-03-30 11:00:00+00:00,0,0.0,11,0,3,0
2020-03-30 12:00:00+00:00,0,0.0,12,0,3,0
2020-03-30 13:00:00+00:00,0,0.0,13,0,3,0
2020-03-30 14:00:00+00:00,0,0.0,14,0,3,0
2020-03-30 15:00:00+00:00,0,0.0,15,0,3,0
2020-03-30 16:00:00+00:00,0,0.0,16,0,3,0
2020-03-30 17:00:00+00:00,0,0.0,17,0,3,0
2020-03-30 18:00:00+00:00,0,0.0,18,0,3,0
2020-03-30 19:00:00+00:00,0,0.0,19,0,3,0
2020-03-30 20:00:00+00:00,0,0.0,20,0,3,0
2020-03-30 21:00:00+00:00,0,0.0,21,0,3,0
2020-03-30 22:00:00+00:00,0,0.0,22,0,3,0
2020-03-30 23:00:00+00:00,0,0.0,23,0,3,0
2020-03-31 00:00:00+00:00,0,0.0,0,1,3,0
2020-03-31 01:00:00+00:00,0,0.0,1,1,3,0
2020-03-31 02:00:00+00:00,0,0.0,2,1,3,0
2020-03-31 03:00:00+00:00,0,0.0,3,1,3,0
2020-03-31 04:00:00+00:00,0,0.0,4,1,3,0
2020-03-31 05:00:00+00:00,0,0.0,5,1,3,0
2020-03-31 06:00:00+00:00,0,0.0,6,1,3,0
2020-03-31 07:00:00+00:00,0,0.0,7,1,3,0
2020-03-31 08:00:00+00:00,0,0.0,8,1,3,0
2020-03-31 09:00:00+00:00,0,0.0,9,1,3,0
2020-03-31 10:00:00+00:00,0,0.0,10,1,3,0
2020-03-31 11:00:00+00:00,0,0.0,11,1,3,0
2020-03-31 12:00:00+00:00,0,0.0,12,1,3,0
2020-03-31 13:00:00+00:00,0,0.0,13,1,3,0
2020-03-31 14:00:00+00:00,0,0.0,14,1,3,0
2020-03-31 15:00:00+00:00,0,0.0,15,1,3,0
2020-03-31 16:00:00+00:00,0,0.0,16,1,3,0
2020-03-31 17:00:00+00:00,1,3.52,17,1,3,0
2020-03-31 18:00:00+00:00,0,0.0,18,1,3,0
2020-03-31 19:00:00+00:00,0,0.0,19,1,3,0
2020-03-31 20:00:00+00:00,0,0.0,20,1,3,0
2020-03-31 21:00:00+00:00,0,0.0,21,1,3,0
2020-03-31 22:00:00+00:00,0,0.0,22,1,3,0
2020-03-31 23:00:00+00:00,0,0.0,23,1,3,0
2020-04-01 00:00:00+00:00,0,0.0,0,2,4,0
2020-04-01 01:00:00+00:00,0,0.0,1,2,4,0
2020-04-01 02:00:00+00:00,0,0.0,2,2,4,0
2020-04-01 03:00:00+00:00,0,0.0,3,2,4,0
2020-04-01 04:00:00+00:00,0,0.0,4,2,4,0
2020-04-01 05:00:00+00:00,0,0.0,5,2,4,0
2020-04-01 06:00:00+00:00,0,0.0,6,2,4,0
2020-04-01 07:00:00+00:00,0,0.0,7,2,4,0
2020-04-01 08:00:00+00:00,0,0.0,8,2,4,0
2020-04-01 09:00:00+00:00,0,0.0,9,2,4,0
2020-04-01 10:00:00+00:00,0,0.0,10,2,4,0
2020-04-01 11:00:00+00:00,0,0.0,11,2,4,0
2020-04-01 12:00:00+00:00,0,0.0,12,2,4,0
2020-04-01 13:00:00+00:00,0,0.0,13,2,4,0
2020-04-01 14:00:00+00:00,0,0.0,14,2,4,0
2020-04-01 15:00:00+00:00,0,0.0,15,2,4,0
2020-04-01 16:00:00+00:00,0,0.0,16,2,4,0
2020-04-01 17:00:00+00:00,0,0.0,17,2,4,0
2020-04-01 18:00:00+00:00,0,0.0,18,2,4,0
2020-04-01 19:00:00+00:00,0,0.0,19,2,4,0
2020-04-01 20:00:00+00:00,0,0.0,20,2,4,0
2020-04-01 21:00:00+00:00,0,0.0,21,2,4,0
2020-04-01 22:00:00+00:00,0,0.0,22,2,4,0
2020-04-01 23:00:00+00:00,0,0.0,23,2,4,0
2020-04-02 00:00:00+00:00,0,0.0,0,3,4,0
2020-04-02 01:00:00+00:00,0,0.0,1,3,4,0
2020-04-02 02:00:00+00:00,0,0.0,2,3,4,0
2020-04-02 03:00:00+00:00,0,0.0,3,3,4,0
2020-04-02 04:00:00+00:00,0,0.0,4,3,4,0
2020-04-02 05:00:00+00:00,0,0.0,5,3,4,0
2020-04-02 06:00:00+00:00,0,0.0,6,3,4,0
2020-04-02 07:00:00+00:00,0,0.0,7,3,4,0
2020-04-02 08:00:00+00:00,0,0.0,8,3,4,0
2020-04-02 09:00:00+00:00,0,0.0,9,3,4,0
2020-04-02 10:00:00+00:00,0,0.0,10,3,4,0
2020-04-02 11:00:00+00:00,0,0.0,11,3,4,0
2020-04-02 12:00:00+00:00,0,0.0,12,3,4,0
2020-04-02 13:00:00+00:00,0,0.0,13,3,4,0
2020-04-02 14:00:00+00:00,0,0.0,14,3,4,0
2020-04-02 15:00:00+00:00,0,0.0,15,3,4,0
2020-04-02 16:00:00+00:00,1,0.87,16,3,4,0
2020-04-02 17:00:00+00:00,0,0.0,17,3,4,0
2020-04-02 18:00:00+00:00,0,0.0,18,3,4,0
2020-04-02 19:00:00+00:00,0,0.0,19,3,4,0
2020-04-02 20:00:00+00:00,0,0.0,20,3,4,0
2020-04-02 21:00:00+00:00,0,0.0,21,3,4,0
2020-04-02 22:00:00+00:00,0,0.0,22,3,4,0
2020-04-02 23:00:00+00:00,0,0.0,23,3,4,0
2020-04-03 00:00:00+00:00,0,0.0,0,4,4,0
2020-04-03 01:00:00+00:00,0,0.0,1,4,4,0
2020-04-03 02:00:00+00:00,0,0.0,2,4,4,0
2020-04-03 03:00:00+00:00,0,0.0,3,4,4,0
2020-04-03 04:00:00+00:00,0,0.0,4,4,4,0
2020-04-03 05:00:00+00:00,0,0.0,5,4,4,0
2020-04-03 06:00:00+00:00,0,0.0,6,4,4,0
2020-04-03 07:00:00+00:00,0,0.0,7,4,4,0
2020-04-03 08:00:00+00:00,0,0.0,8,4,4,0
2020-04-03 09:00:00+00:00,0,0.0,9,4,4,0
2020-04-03 10:00:00+00:00,0,0.0,10,4,4,0
2020-04-03 11:00:00+00:00,0,0.0,11,4,4,0
2020-04-03 12:00:00+00:00,0,0.0,12,4,4,0
2020-04-03 13:00:00+00:00,0,0.0,13,4,4,0
2020-04-03 14:00:00+00:00,0,0.0,14,4,4,0
2020-04-03 15:00:00+00:00,0,0.0,15,4,4,0
2020-04-03 16:00:00+00:00,0,0.0,16,4,4,0
2020-04-03 17:00:00+00:00,0,0.0,17,4,4,0
2020-04-03 18:00:00+00:00,0,0.0,18,4,4,0
2020-04-03 19:00:00+00:00,0,0.0,19,4,4,0
2020-04-03 20:00:00+00:00,0,0.0,20,4,4,0
2020-04-03 21:00:00+00:00,0,0.0,21,4,4,0
2020-04-03 22:00:00+00:00,0,0.0,22,4,4,0
2020-04-03 23:00:00+00:00,1,46.465,23,4,4,0
2020-04-04 00:00:00+00:00,0,0.0,0,5,4,1
2020-04-04 01:00:00+00:00,0,0.0,1,5,4,1
2020-04-04 02:00:00+00:00,0,0.0,2,5,4,1
2020-04-04 03:00:00+00:00,0,0.0,3,5,4,1
2020-04-04 04:00:00+00:00,0,0.0,4,5,4,1
2020-04-04 05:00:00+00:00,0,0.0,5,5,4,1
2020-04-04 06:00:00+00:00,0,0.0,6,5,4,1
2020-04-04 07:00:00+00:00,0,0.0,7,5,4,1
2020-04-04 08:00:00+00:00,0,0.0,8,5,4,1
2020-04-04 09:00:00+00:00,0,0.0,9,5,4,1
2020-04-04 10:00:00+00:00,0,0.0,10,5,4,1
2020-04-04 11:00:00+00:00,0,0.0,11,5,4,1
2020-04-04 12:00:00+00:00,0,0.0,12,5,4,1
2020-04-04 13:00:00+00:00,0,0.0,13,5,4,1
2020-04-04 14:00:00+00:00,0,0.0,14,5,4,1
2020-04-04 15:00:00+00:00,0,0.0,15,5,4,1
2020-04-04 16:00:00+00:00,0,0.0,16,5,4,1
2020-04-04 17:00:00+00:00,0,0.0,17,5,4,1
2020-04-04 18:00:00+00:00,0,0.0,18,5,4,1
2020-04-04 19:00:00+00:00,0,0.0,19,5,4,1
2020-04-04 20:00:00+00:00,0,0.0,20,5,4,1
2020-04-04 21:00:00+00:00,0,0.0,21,5,4,1
2020-04-04 22:00:00+00:00,0,0.0,22,5,4,1
2020-04-04 23:00:00+00:00,0,0.0,23,5,4,1
2020-04-05 00:00:00+00:00,0,0.0,0,6,4,1
2020-04-05 01:00:00+00:00,0,0.0,1,6,4,1
2020-04-05 02:00:00+00:00,0,0.0,2,6,4,1
2020-04-05 03:00:00+00:00,1,31.316,3,6,4,1
2020-04-05 04:00:00+00:00,0,0.0,4,6,4,1
2020-04-05 05:00:00+00:00,0,0.0,5,6,4,1
2020-04-05 06:00:00+00:00,0,0.0,6,6,4,1
2020-04-05 07:00:00+00:00,0,0.0,7,6,4,1
2020-04-05 08:00:00+00:00,0,0.0,8,6,4,1
2020-04-05 09:00:00+00:00,0,0.0,9,6,4,1
2020-04-05 10:00:00+00:00,0,0.0,10,6,4,1
2020-04-05 11:00:00+00:00,0,0.0,11,6,4,1
2020-04-05 12:00:00+00:00,0,0.0,12,6,4,1
2020-04-05 13:00:00+00:00,0,0.0,13,6,4,1
2020-04-05 14:00:00+00:00,0,0.0,14,6,4,1
2020-04-05 15:00:00+00:00,0,0.0,15,6,4,1
2020-04-05 16:00:00+00:00,0,0.0,16,6,4,1
2020-04-05 17:00:00+00:00,0,0.0,17,6,4,1
2020-04-05 18:00:00+00:00,1,5.583,18,6,4,1
2020-04-05 19:00:00+00:00,0,0.0,19,6,4,1
2020-04-05 20:00:00+00:00,0,0.0,20,6,4,1
2020-04-05 21:00:00+00:00,0,0.0,21,6,4,1
2020-04-05 22:00:00+00:00,0,0.0,22,6,4,1
2020-04-05 23:00:00+00:00,0,0.0,23,6,4,1
2020-04-06 00:00:00+00:00,0,0.0,0,0,4,0
2020-04-06 01:00:00+00:00,0,0.0,1,0,4,0
2020-04-06 02:00:00+00:00,0,0.0,2,0,4,0
2020-04-06 03:00:00+00:00,0,0.0,3,0,4,0
2020-04-06 04:00:00+00:00,0,0.0,4,0,4,0
2020-04-06 05:00:00+00:00,0,0.0,5,0,4,0
2020-04-06 06:00:00+00:00,0,0.0,6,0,4,0
2020-04-06 07:00:00+00:00,0,0.0,7,0,4,0
2020-04-06 08:00:00+00:00,0,0.0,8,0,4,0
2020-04-06 09:00:00+00:00,0,0.0,9,0,4,0
2020-04-06 10:00:00+00:00,0,0.0,10,0,4,0
2020-04-06 11:00:00+00:00,0,0.0,11,0,4,0
2020-04-06 12:00:00+00:00,0,0.0,12,0,4,0
2020-04-06 13:00:00+00:00,0,0.0,13,0,4,0
2020-04-06 14:00:00+00:00,0,0.0,14,0,4,0
2020-04-06 15:00:00+00:00,0,0.0,15,0,4,0
2020-04-06 16:00:00+00:00,0,0.0,16,0,4,0
2020-04-06 17:00:00+00:00,0,0.0,17,0,4,0
2020-04-06 18:00:00+00:00,0,0.0,18,0,4,0
2020-04-06 19:00:00+00:00,0,0.0,19,0,4,0
2020-04-06 20:00:00+00:00,0,0.0,20,0,4,0
2020-04-06 21:00:00+00:00,0,0.0,21,0,4,0
2020-04-06 22:00:00+00:00,0,0.0,22,0,4,0
2020-04-06 23:00:00+00:00,0,0.0,23,0,4,0
2020-04-07 00:00:00+00:00,0,0.0,0,1,4,0
2020-04-07 01:00:00+00:00,0,0.0,1,1,4,0
2020-04-07 02:00:00+00:00,0,0.0,2,1,4,0
2020-04-07 03:00:00+00:00,0,0.0,3,1,4,0
2020-04-07 04:00:00+00:00,0,0.0,4,1,4,0
2020-04-07 05:00:00+00:00,0,0.0,5,1,4,0
2020-04-07 06:00:00+00:00,0,0.0,6,1,4,0
2020-04-07 07:00:00+00:00,0,0.0,7,1,4,0
2020-04-07 08:00:00+00:00,0,0.0,8,1,4,0
2020-04-07 09:00:00+00:00,0,0.0,9,1,4,0
2020-04-07 10:00:00+00:00,0,0.0,10,1,4,0
2020-04-07 11:00:00+00:00,0,0.0,11,1,4,0
2020-04-07 12:00:00+00:00,0,0.0,12,1,4,0
2020-04-07 13:00:00+00:00,0,0.0,13,1,4,0
2020-04-07 14:00:00+00:00,0,0.0,14,1,4,0
2020-04-07 15:00:00+00:00,1,0.851,15,1,4,0
2020-04-07 16:00:00+00:00,0,0.0,16,1,4,0
2020-04-07 17:00:00+00:00,0,0.0,17,1,4,0
2020-04-07 18:00:00+00:00,0,0.0,18,1,4,0
2020-04-07 19:00:00+00:00,0,0.0,19,1,4,0
2020-04-07 20:00:00+00:00,0,0.0,20,1,4,0
2020-04-07 21:00:00+00:00,0,0.0,21,1,4,0
2020-04-07 22:00:00+00:00,0,0.0,22,1,4,0
2020-04-07 23:00:00+00:00,0,0.0,23,1,4,0
2020-04-08 00:00:00+00:00,0,0.0,0,2,4,0
2020-04-08 01:00:00+00:00,0,0.0,1,2,4,0
2020-04-08 02:00:00+00:00,0,0.0,2,2,4,0
2020-04-08 03:00:00+00:00,0,0.0,3,2,4,0
2020-04-08 04:00:00+00:00,0,0.0,4,2,4,0
2020-04-08 05:00:00+00:00,0,0.0,5,2,4,0
2020-04-08 06:00:00+00:00,0,0.0,6,2,4,0
2020-04-08 07:00:00+00:00,0,0.0,7,2,4,0
2020-04-08 08:00:00+00:00,0,0.0,8,2,4,0
2020-04-08 09:00:00+00:00,0,0.0,9,2,4,0
2020-04-08 10:00:00+00:00,0,0.0,10,2,4,0
2020-04-08 11:00:00+00:00,0,0.0,11,2,4,0
2020-04-08 12:00:00+00:00,0,0.0,12,2,4,0
2020-04-08 13:00:00+00:00,0,0.0,13,2,4,0
2020-04-08 14:00:00+00:00,0,0.0,14,2,4,0
2020-04-08 15:00:00+00:00,0,0.0,15,2,4,0
2020-04-08 16:00:00+00:00,0,0.0,16,2,4,0
2020-04-08 17:00:00+00:00,0,0.0,17,2,4,0
2020-04-08 18:00:00+00:00,0,0.0,18,2,4,0
2020-04-08 19:00:00+00:00,0,0.0,19,2,4,0
2020-04-08 20:00:00+00:00,0,0.0,20,2,4,0
2020-04-08 21:00:00+00:00,0,0.0,21,2,4,0
2020-04-08 22:00:00+00:00,0,0.0,22,2,4,0
2020-04-08 23:00:00+00:00,0,0.0,23,2,4,0
2020-04-09 00:00:00+00:00,0,0.0,0,3,4,0
2020-04-09 01:00:00+00:00,0,0.0,1,3,4,0
2020-04-09 02:00:00+00:00,0,0.0,2,3,4,0
2020-04-09 03:00:00+00:00,0,0.0,3,3,4,0
2020-04-09 04:00:00+00:00,0,0.0,4,3,4,0
2020-04-09 05:00:00+00:00,0,0.0,5,3,4,0
2020-04-09 06:00:00+00:00,0,0.0,6,3,4,0
2020-04-09 07:00:00+00:00,0,0.0,7,3,4,0
2020-04-09 08:00:00+00:00,0,0.0,8,3,4,0
2020-04-09 09:00:00+00:00,0,0.0,9,3,4,0
2020-04-09 10:00:00+00:00,0,0.0,10,3,4,0
2020-04-09 11:00:00+00:00,0,0.0,11,3,4,0
2020-04-09 12:00:00+00:00,0,0.0,12,3,4,0
2020-04-09 13:00:00+00:00,0,0.0,13,3,4,0
2020-04-09 14:00:00+00:00,0,0.0,14,3,4,0
2020-04-09 15:00:00+00:00,0,0.0,15,3,4,0
2020-04-09 16:00:00+00:00,0,0.0,16,3,4,0
2020-04-09 17:00:00+00:00,0,0.0,17,3,4,0
2020-04-09 18:00:00+00:00,0,0.0,18,3,4,0
2020-04-09 19:00:00+00:00,0,0.0,19,3,4,0
2020-04-09 20:00:00+00:00,0,0.0,20,3,4,0
2020-04-09 21:00:00+00:00,0,0.0,21,3,4,0
2020-04-09 22:00:00+00:00,0,0.0,22,3,4,0
2020-04-09 23:00:00+00:00,0,0.0,23,3,4,0
2020-04-10 00:00:00+00:00,0,0.0,0,4,4,0
2020-04-10 01:00:00+00:00,0,0.0,1,4,4,0
2020-04-10 02:00:00+00:00,0,0.0,2,4,4,0
2020-04-10 03:00:00+00:00,0,0.0,3,4,4,0
2020-04-10 04:00:00+00:00,0,0.0,4,4,4,0
2020-04-10 05:00:00+00:00,0,0.0,5,4,4,0
2020-04-10 06:00:00+00:00,0,0.0,6,4,4,0
2020-04-10 07:00:00+00:00,0,0.0,7,4,4,0
2020-04-10 08:00:00+00:00,0,0.0,8,4,4,0
2020-04-10 09:00:00+00:00,0,0.0,9,4,4,0
2020-04-10 10:00:00+00:00,0,0.0,10,4,4,0
2020-04-10 11:00:00+00:00,0,0.0,11,4,4,0
2020-04-10 12:00:00+00:00,0,0.0,12,4,4,0
2020-04-10 13:00:00+00:00,0,0.0,13,4,4,0
2020-04-10 14:00:00+00:00,0,0.0,14,4,4,0
2020-04-10 15:00:00+00:00,0,0.0,15,4,4,0
2020-04-10 16:00:00+00:00,1,1.661,16,4,4,0
2020-04-10 17:00:00+00:00,1,4.591,17,4,4,0
2020-04-10 18:00:00+00:00,0,0.0,18,4,4,0
2020-04-10 19:00:00+00:00,0,0.0,19,4,4,0
2020-04-10 20:00:00+00:00,0,0.0,20,4,4,0
2020-04-10 21:00:00+00:00,0,0.0,21,4,4,0
2020-04-10 22:00:00+00:00,0,0.0,22,4,4,0
2020-04-10 23:00:00+00:00,0,0.0,23,4,4,0
2020-04-11 00:00:00+00:00,0,0.0,0,5,4,1
2020-04-11 01:00:00+00:00,0,0.0,1,5,4,1
2020-04-11 02:00:00+00:00,0,0.0,2,5,4,1
2020-04-11 03:00:00+00:00,0,0.0,3,5,4,1
2020-04-11 04:00:00+00:00,0,0.0,4,5,4,1
2020-04-11 05:00:00+00:00,0,0.0,5,5,4,1
2020-04-11 06:00:00+00:00,0,0.0,6,5,4,1
2020-04-11 07:00:00+00:00,0,0.0,7,5,4,1
2020-04-11 08:00:00+00:00,0,0.0,8,5,4,1
2020-04-11 09:00:00+00:00,0,0.0,9,5,4,1
2020-04-11 10:00:00+00:00,0,0.0,10,5,4,1
2020-04-11 11:00:00+00:00,0,0.0,11,5,4,1
2020-04-11 12:00:00+00:00,0,0.0,12,5,4,1
2020-04-11 13:00:00+00:00,0,0.0,13,5,4,1
2020-04-11 14:00:00+00:00,1,32.568,14,5,4,1
2020-04-11 15:00:00+00:00,0,0.0,15,5,4,1
2020-04-11 16:00:00+00:00,0,0.0,16,5,4,1
2020-04-11 17:00:00+00:00,0,0.0,17,5,4,1
2020-04-11 18:00:00+00:00,0,0.0,18,5,4,1
2020-04-11 19:00:00+00:00,0,0.0,19,5,4,1
2020-04-11 20:00:00+00:00,0,0.0,20,5,4,1
2020-04-11 21:00:00+00:00,0,0.0,21,5,4,1
2020-04-11 22:00:00+00:00,0,0.0,22,5,4,1
2020-04-11 23:00:00+00:00,0,0.0,23,5,4,1
2020-04-12 00:00:00+00:00,0,0.0,0,6,4,1
2020-04-12 01:00:00+00:00,0,0.0,1,6,4,1
2020-04-12 02:00:00+00:00,0,0.0,2,6,4,1
2020-04-12 03:00:00+00:00,0,0.0,3,6,4,1
2020-04-12 04:00:00+00:00,0,0.0,4,6,4,1
2020-04-12 05:00:00+00:00,0,0.0,5,6,4,1
2020-04-12 06:00:00+00:00,0,0.0,6,6,4,1
2020-04-12 07:00:00+00:00,0,0.0,7,6,4,1
2020-04-12 08:00:00+00:00,0,0.0,8,6,4,1
2020-04-12 09:00:00+00:00,0,0.0,9,6,4,1
2020-04-12 10:00:00+00:00,0,0.0,10,6,4,1
2020-04-12 11:00:00+00:00,0,0.0,11,6,4,1
2020-04-12 12:00:00+00:00,0,0.0,12,6,4,1
2020-04-12 13:00:00+00:00,0,0.0,13,6,4,1
2020-04-12 14:00:00+00:00,0,0.0,14,6,4,1
2020-04-12 15:00:00+00:00,0,0.0,15,6,4,1
2020-04-12 16:00:00+00:00,0,0.0,16,6,4,1
2020-04-12 17:00:00+00:00,1,33.358,17,6,4,1
2020-04-12 18:00:00+00:00,0,0.0,18,6,4,1
2020-04-12 19:00:00+00:00,0,0.0,19,6,4,1
2020-04-12 20:00:00+00:00,0,0.0,20,6,4,1
2020-04-12 21:00:00+00:00,0,0.0,21,6,4,1
2020-04-12 22:00:00+00:00,0,0.0,22,6,4,1
2020-04-12 23:00:00+00:00,0,0.0,23,6,4,1
2020-04-13 00:00:00+00:00,0,0.0,0,0,4,0
2020-04-13 01:00:00+00:00,0,0.0,1,0,4,0
2020-04-13 02:00:00+00:00,0,0.0,2,0,4,0
2020-04-13 03:00:00+00:00,0,0.0,3,0,4,0
2020-04-13 04:00:00+00:00,0,0.0,4,0,4,0
2020-04-13 05:00:00+00:00,0,0.0,5,0,4,0
2020-04-13 06:00:00+00:00,0,0.0,6,0,4,0
2020-04-13 07:00:00+00:00,0,0.0,7,0,4,0
2020-04-13 08:00:00+00:00,0,0.0,8,0,4,0
2020-04-13 09:00:00+00:00,0,0.0,9,0,4,0
2020-04-13 10:00:00+00:00,0,0.0,10,0,4,0
2020-04-13 11:00:00+00:00,0,0.0,11,0,4,0
2020-04-13 12:00:00+00:00,0,0.0,12,0,4,0
2020-04-13 13:00:00+00:00,0,0.0,13,0,4,0
2020-04-13 14:00:00+00:00,0,0.0,14,0,4,0
2020-04-13 15:00:00+00:00,0,0.0,15,0,4,0
2020-04-13 16:00:00+00:00,0,0.0,16,0,4,0
2020-04-13 17:00:00+00:00,0,0.0,17,0,4,0
2020-04-13 18:00:00+00:00,0,0.0,18,0,4,0
2020-04-13 19:00:00+00:00,0,0.0,19,0,4,0
2020-04-13 20:00:00+00:00,0,0.0,20,0,4,0
2020-04-13 21:00:00+00:00,0,0.0,21,0,4,0
2020-04-13 22:00:00+00:00,0,0.0,22,0,4,0
2020-04-13 23:00:00+00:00,1,15.558,23,0,4,0
2020-04-14 00:00:00+00:00,0,0.0,0,1,4,0
2020-04-14 01:00:00+00:00,0,0.0,1,1,4,0
2020-04-14 02:00:00+00:00,0,0.0,2,1,4,0
2020-04-14 03:00:00+00:00,0,0.0,3,1,4,0
2020-04-14 04:00:00+00:00,0,0.0,4,1,4,0
2020-04-14 05:00:00+00:00,0,0.0,5,1,4,0
2020-04-14 06:00:00+00:00,0,0.0,6,1,4,0
2020-04-14 07:00:00+00:00,0,0.0,7,1,4,0
2020-04-14 08:00:00+00:00,0,0.0,8,1,4,0
2020-04-14 09:00:00+00:00,0,0.0,9,1,4,0
2020-04-14 10:00:00+00:00,0,0.0,10,1,4,0
2020-04-14 11:00:00+00:00,0,0.0,11,1,4,0
2020-04-14 12:00:00+00:00,0,0.0,12,1,4,0
2020-04-14 13:00:00+00:00,0,0.0,13,1,4,0
2020-04-14 14:00:00+00:00,0,0.0,14,1,4,0
2020-04-14 15:00:00+00:00,0,0.0,15,1,4,0
2020-04-14 16:00:00+00:00,1,4.33,16,1,4,0
2020-04-14 17:00:00+00:00,0,0.0,17,1,4,0
2020-04-14 18:00:00+00:00,0,0.0,18,1,4,0
2020-04-14 19:00:00+00:00,0,0.0,19,1,4,0
2020-04-14 20:00:00+00:00,0,0.0,20,1,4,0
2020-04-14 21:00:00+00:00,0,0.0,21,1,4,0
2020-04-14 22:00:00+00:00,0,0.0,22,1,4,0
2020-04-14 23:00:00+00:00,0,0.0,23,1,4,0
2020-04-15 00:00:00+00:00,0,0.0,0,2,4,0
2020-04-15 01:00:00+00:00,0,0.0,1,2,4,0
2020-04-15 02:00:00+00:00,0,0.0,2,2,4,0
2020-04-15 03:00:00+00:00,0,0.0,3,2,4,0
2020-04-15 04:00:00+00:00,0,0.0,4,2,4,0
2020-04-15 05:00:00+00:00,0,0.0,5,2,4,0
2020-04-15 06:00:00+00:00,0,0.0,6,2,4,0
2020-04-15 07:00:00+00:00,0,0.0,7,2,4,0
2020-04-15 08:00:00+00:00,0,0.0,8,2,4,0
2020-04-15 09:00:00+00:00,0,0.0,9,2,4,0
2020-04-15 10:00:00+00:00,0,0.0,10,2,4,0
2020-04-15 11:00:00+00:00,0,0.0,11,2,4,0
2020-04-15 12:00:00+00:00,0,0.0,12,2,4,0
2020-04-15 13:00:00+00:00,0,0.0,13,2,4,0
2020-04-15 14:00:00+00:00,0,0.0,14,2,4,0
2020-04-15 15:00:00+00:00,0,0.0,15,2,4,0
2020-04-15 16:00:00+00:00,0,0.0,16,2,4,0
2020-04-15 17:00:00+00:00,0,0.0,17,2,4,0
2020-04-15 18:00:00+00:00,0,0.0,18,2,4,0
2020-04-15 19:00:00+00:00,0,0.0,19,2,4,0
2020-04-15 20:00:00+00:00,0,0.0,20,2,4,0
2020-04-15 21:00:00+00:00,0,0.0,21,2,4,0
2020-04-15 22:00:00+00:00,0,0.0,22,2,4,0
2020-04-15 23:00:00+00:00,0,0.0,23,2,4,0
2020-04-16 00:00:00+00:00,0,0.0,0,3,4,0
2020-04-16 01:00:00+00:00,0,0.0,1,3,4,0
2020-04-16 02:00:00+00:00,0,0.0,2,3,4,0
2020-04-16 03:00:00+00:00,0,0.0,3,3,4,0
2020-04-16 04:00:00+00:00,0,0.0,4,3,4,0
2020-04-16 05:00:00+00:00,0,0.0,5,3,4,0
2020-04-16 06:00:00+00:00,0,0.0,6,3,4,0
2020-04-16 07:00:00+00:00,0,0.0,7,3,4,0
2020-04-16 08:00:00+00:00,0,0.0,8,3,4,0
2020-04-16 09:00:00+00:00,0,0.0,9,3,4,0
2020-04-16 10:00:00+00:00,0,0.0,10,3,4,0
2020-04-16 11:00:00+00:00,0,0.0,11,3,4,0
2020-04-16 12:00:00+00:00,0,0.0,12,3,4,0
2020-04-16 13:00:00+00:00,0,0.0,13,3,4,0
2020-04-16 14:00:00+00:00,0,0.0,14,3,4,0
2020-04-16 15:00:00+00:00,0,0.0,15,3,4,0
2020-04-16 16:00:00+00:00,0,0.0,16,3,4,0
2020-04-16 17:00:00+00:00,0,0.0,17,3,4,0
2020-04-16 18:00:00+00:00,0,0.0,18,3,4,0
2020-04-16 19:00:00+00:00,0,0.0,19,3,4,0
2020-04-16 20:00:00+00:00,0,0.0,20,3,4,0
2020-04-16 21:00:00+00:00,0,0.0,21,3,4,0
2020-04-16 22:00:00+00:00,0,0.0,22,3,4,0
2020-04-16 23:00:00+00:00,0,0.0,23,3,4,0
2020-04-17 00:00:00+00:00,0,0.0,0,4,4,0
2020-04-17 01:00:00+00:00,0,0.0,1,4,4,0
2020-04-17 02:00:00+00:00,0,0.0,2,4,4,0
2020-04-17 03:00:00+00:00,0,0.0,3,4,4,0
2020-04-17 04:00:00+00:00,0,0.0,4,4,4,0
2020-04-17 05:00:00+00:00,0,0.0,5,4,4,0
2020-04-17 06:00:00+00:00,0,0.0,6,4,4,0
2020-04-17 07:00:00+00:00,0,0.0,7,4,4,0
2020-04-17 08:00:00+00:00,0,0.0,8,4,4,0
2020-04-17 09:00:00+00:00,0,0.0,9,4,4,0
2020-04-17 10:00:00+00:00,0,0.0,10,4,4,0
2020-04-17 11:00:00+00:00,0,0.0,11,4,4,0
2020-04-17 12:00:00+00:00,0,0.0,12,4,4,0
2020-04-17 13:00:00+00:00,0,0.0,13,4,4,0
2020-04-17 14:00:00+00:00,0,0.0,14,4,4,0
2020-04-17 15:00:00+00:00,0,0.0,15,4,4,0
2020-04-17 16:00:00+00:00,0,0.0,16,4,4,0
2020-04-17 17:00:00+00:00,0,0.0,17,4,4,0
2020-04-17 18:00:00+00:00,0,0.0,18,4,4,0
2020-04-17 19:00:00+00:00,0,0.0,19,4,4,0
2020-04-17 20:00:00+00:00,0,0.0,20,4,4,0
2020-04-17 21:00:00+00:00,0,0.0,21,4,4,0
2020-04-17 22:00:00+00:00,0,0.0,22,4,4,0
2020-04-17 23:00:00+00:00,0,0.0,23,4,4,0
2020-04-18 00:00:00+00:00,0,0.0,0,5,4,1
2020-04-18 01:00:00+00:00,0,0.0,1,5,4,1
2020-04-18 02:00:00+00:00,0,0.0,2,5,4,1
2020-04-18 03:00:00+00:00,0,0.0,3,5,4,1
2020-04-18 04:00:00+00:00,0,0.0,4,5,4,1
2020-04-18 05:00:00+00:00,0,0.0,5,5,4,1
2020-04-18 06:00:00+00:00,0,0.0,6,5,4,1
2020-04-18 07:00:00+00:00,0,0.0,7,5,4,1
2020-04-18 08:00:00+00:00,0,0.0,8,5,4,1
2020-04-18 09:00:00+00:00,0,0.0,9,5,4,1
2020-04-18 10:00:00+00:00,0,0.0,10,5,4,1
2020-04-18 11:00:00+00:00,0,0.0,11,5,4,1
2020-04-18 12:00:00+00:00,0,0.0,12,5,4,1
2020-04-18 13:00:00+00:00,0,0.0,13,5,4,1
2020-04-18 14:00:00+00:00,0,0.0,14,5,4,1
2020-04-18 15:00:00+00:00,0,0.0,15,5,4,1
2020-04-18 16:00:00+00:00,0,0.0,16,5,4,1
2020-04-18 17:00:00+00:00,0,0.0,17,5,4,1
2020-04-18 18:00:00+00:00,0,0.0,18,5,4,1
2020-04-18 19:00:00+00:00,0,0.0,19,5,4,1
2020-04-18 20:00:00+00:00,0,0.0,20,5,4,1
2020-04-18 21:00:00+00:00,0,0.0,21,5,4,1
2020-04-18 22:00:00+00:00,1,30.699,22,5,4,1
2020-04-18 23:00:00+00:00,0,0.0,23,5,4,1
2020-04-19 00:00:00+00:00,0,0.0,0,6,4,1
2020-04-19 01:00:00+00:00,0,0.0,1,6,4,1
2020-04-19 02:00:00+00:00,1,0.879,2,6,4,1
2020-04-19 03:00:00+00:00,0,0.0,3,6,4,1
2020-04-19 04:00:00+00:00,0,0.0,4,6,4,1
2020-04-19 05:00:00+00:00,0,0.0,5,6,4,1
2020-04-19 06:00:00+00:00,0,0.0,6,6,4,1
2020-04-19 07:00:00+00:00,0,0.0,7,6,4,1
2020-04-19 08:00:00+00:00,0,0.0,8,6,4,1
2020-04-19 09:00:00+00:00,0,0.0,9,6,4,1
2020-04-19 10:00:00+00:00,0,0.0,10,6,4,1
2020-04-19 11:00:00+00:00,0,0.0,11,6,4,1
2020-04-19 12:00:00+00:00,0,0.0,12,6,4,1
2020-04-19 13:00:00+00:00,0,0.0,13,6,4,1
2020-04-19 14:00:00+00:00,0,0.0,14,6,4,1
2020-04-19 15:00:00+00:00,0,0.0,15,6,4,1
2020-04-19 16:00:00+00:00,0,0.0,16,6,4,1
2020-04-19 17:00:00+00:00,0,0.0,17,6,4,1
2020-04-19 18:00:00+00:00,0,0.0,18,6,4,1
2020-04-19 19:00:00+00:00,0,0.0,19,6,4,1
2020-04-19 20:00:00+00:00,0,0.0,20,6,4,1
2020-04-19 21:00:00+00:00,0,0.0,21,6,4,1
2020-04-19 22:00:00+00:00,0,0.0,22,6,4,1
2020-04-19 23:00:00+00:00,0,0.0,23,6,4,1
2020-04-20 00:00:00+00:00,0,0.0,0,0,4,0
2020-04-20 01:00:00+00:00,0,0.0,1,0,4,0
2020-04-20 02:00:00+00:00,0,0.0,2,0,4,0
2020-04-20 03:00:00+00:00,0,0.0,3,0,4,0
2020-04-20 04:00:00+00:00,0,0.0,4,0,4,0
2020-04-20 05:00:00+00:00,0,0.0,5,0,4,0
2020-04-20 06:00:00+00:00,0,0.0,6,0,4,0
2020-04-20 07:00:00+00:00,0,0.0,7,0,4,0
2020-04-20 08:00:00+00:00,0,0.0,8,0,4,0
2020-04-20 09:00:00+00:00,0,0.0,9,0,4,0
2020-04-20 10:00:00+00:00,0,0.0,10,0,4,0
2020-04-20 11:00:00+00:00,0,0.0,11,0,4,0
2020-04-20 12:00:00+00:00,0,0.0,12,0,4,0
2020-04-20 13:00:00+00:00,0,0.0,13,0,4,0
2020-04-20 14:00:00+00:00,0,0.0,14,0,4,0
2020-04-20 15:00:00+00:00,0,0.0,15,0,4,0
2020-04-20 16:00:00+00:00,0,0.0,16,0,4,0
2020-04-20 17:00:00+00:00,0,0.0,17,0,4,0
2020-04-20 18:00:00+00:00,0,0.0,18,0,4,0
2020-04-20 19:00:00+00:00,0,0.0,19,0,4,0
2020-04-20 20:00:00+00:00,0,0.0,20,0,4,0
2020-04-20 21:00:00+00:00,0,0.0,21,0,4,0
2020-04-20 22:00:00+00:00,0,0.0,22,0,4,0
2020-04-20 23:00:00+00:00,0,0.0,23,0,4,0
2020-04-21 00:00:00+00:00,0,0.0,0,1,4,0
2020-04-21 01:00:00+00:00,0,0.0,1,1,4,0
2020-04-21 02:00:00+00:00,0,0.0,2,1,4,0
2020-04-21 03:00:00+00:00,0,0.0,3,1,4,0
2020-04-21 04:00:00+00:00,0,0.0,4,1,4,0
2020-04-21 05:00:00+00:00,0,0.0,5,1,4,0
2020-04-21 06:00:00+00:00,0,0.0,6,1,4,0
2020-04-21 07:00:00+00:00,0,0.0,7,1,4,0
2020-04-21 08:00:00+00:00,0,0.0,8,1,4,0
2020-04-21 09:00:00+00:00,0,0.0,9,1,4,0
2020-04-21 10:00:00+00:00,0,0.0,10,1,4,0
2020-04-21 11:00:00+00:00,0,0.0,11,1,4,0
2020-04-21 12:00:00+00:00,0,0.0,12,1,4,0
2020-04-21 13:00:00+00:00,0,0.0,13,1,4,0
2020-04-21 14:00:00+00:00,0,0.0,14,1,4,0
2020-04-21 15:00:00+00:00,0,0.0,15,1,4,0
2020-04-21 16:00:00+00:00,0,0.0,16,1,4,0
2020-04-21 17:00:00+00:00,0,0.0,17,1,4,0
2020-04-21 18:00:00+00:00,1,6.395,18,1,4,0
2020-04-21 19:00:00+00:00,0,0.0,19,1,4,0
2020-04-21 20:00:00+00:00,0,0.0,20,1,4,0
2020-04-21 21:00:00+00:00,0,0.0,21,1,4,0
2020-04-21 22:00:00+00:00,0,0.0,22,1,4,0
2020-04-21 23:00:00+00:00,0,0.0,23,1,4,0
2020-04-22 00:00:00+00:00,0,0.0,0,2,4,0
2020-04-22 01:00:00+00:00,0,0.0,1,2,4,0
2020-04-22 02:00:00+00:00,0,0.0,2,2,4,0
2020-04-22 03:00:00+00:00,0,0.0,3,2,4,0
2020-04-22 04:00:00+00:00,0,0.0,4,2,4,0
2020-04-22 05:00:00+00:00,0,0.0,5,2,4,0
2020-04-22 06:00:00+00:00,0,0.0,6,2,4,0
2020-04-22 07:00:00+00:00,0,0.0,7,2,4,0
2020-04-22 08:00:00+00:00,0,0.0,8,2,4,0
2020-04-22 09:00:00+00:00,0,0.0,9,2,4,0
2020-04-22 10:00:00+00:00,0,0.0,10,2,4,0
2020-04-22 11:00:00+00:00,0,0.0,11,2,4,0
2020-04-22 12:00:00+00:00,0,0.0,12,2,4,0
2020-04-22 13:00:00+00:00,0,0.0,13,2,4,0
2020-04-22 14:00:00+00:00,0,0.0,14,2,4,0
2020-04-22 15:00:00+00:00,0,0.0,15,2,4,0
2020-04-22 16:00:00+00:00,0,0.0,16,2,4,0
2020-04-22 17:00:00+00:00,0,0.0,17,2,4,0
2020-04-22 18:00:00+00:00,0,0.0,18,2,4,0
2020-04-22 19:00:00+00:00,0,0.0,19,2,4,0
2020-04-22 20:00:00+00:00,0,0.0,20,2,4,0
2020-04-22 21:00:00+00:00,0,0.0,21,2,4,0
2020-04-22 22:00:00+00:00,0,0.0,22,2,4,0
2020-04-22 23:00:00+00:00,0,0.0,23,2,4,0
2020-04-23 00:00:00+00:00,0,0.0,0,3,4,0
2020-04-23 01:00:00+00:00,0,0.0,1,3,4,0
2020-04-23 02:00:00+00:00,0,0.0,2,3,4,0
2020-04-23 03:00:00+00:00,0,0.0,3,3,4,0
2020-04-23 04:00:00+00:00,0,0.0,4,3,4,0
2020-04-23 05:00:00+00:00,0,0.0,5,3,4,0
2020-04-23 06:00:00+00:00,0,0.0,6,3,4,0
2020-04-23 07:00:00+00:00,0,0.0,7,3,4,0
2020-04-23 08:00:00+00:00,0,0.0,8,3,4,0
2020-04-23 09:00:00+00:00,0,0.0,9,3,4,0
2020-04-23 10:00:00+00:00,0,0.0,10,3,4,0
2020-04-23 11:00:00+00:00,0,0.0,11,3,4,0
2020-04-23 12:00:00+00:00,0,0.0,12,3,4,0
2020-04-23 13:00:00+00:00,0,0.0,13,3,4,0
2020-04-23 14:00:00+00:00,0,0.0,14,3,4,0
2020-04-23 15:00:00+00:00,0,0.0,15,3,4,0
2020-04-23 16:00:00+00:00,1,3.916,16,3,4,0
2020-04-23 17:00:00+00:00,0,0.0,17,3,4,0
2020-04-23 18:00:00+00:00,0,0.0,18,3,4,0
2020-04-23 19:00:00+00:00,0,0.0,19,3,4,0
2020-04-23 20:00:00+00:00,0,0.0,20,3,4,0
2020-04-23 21:00:00+00:00,0,0.0,21,3,4,0
2020-04-23 22:00:00+00:00,0,0.0,22,3,4,0
2020-04-23 23:00:00+00:00,0,0.0,23,3,4,0
2020-04-24 00:00:00+00:00,0,0.0,0,4,4,0
2020-04-24 01:00:00+00:00,0,0.0,1,4,4,0
2020-04-24 02:00:00+00:00,0,0.0,2,4,4,0
2020-04-24 03:00:00+00:00,0,0.0,3,4,4,0
2020-04-24 04:00:00+00:00,2,1.725,4,4,4,0
2020-04-24 05:00:00+00:00,0,0.0,5,4,4,0
2020-04-24 06:00:00+00:00,0,0.0,6,4,4,0
2020-04-24 07:00:00+00:00,0,0.0,7,4,4,0
2020-04-24 08:00:00+00:00,0,0.0,8,4,4,0
2020-04-24 09:00:00+00:00,0,0.0,9,4,4,0
2020-04-24 10:00:00+00:00,0,0.0,10,4,4,0
2020-04-24 11:00:00+00:00,0,0.0,11,4,4,0
2020-04-24 12:00:00+00:00,0,0.0,12,4,4,0
2020-04-24 13:00:00+00:00,0,0.0,13,4,4,0
2020-04-24 14:00:00+00:00,0,0.0,14,4,4,0
2020-04-24 15:00:00+00:00,0,0.0,15,4,4,0
2020-04-24 16:00:00+00:00,0,0.0,16,4,4,0
2020-04-24 17:00:00+00:00,0,0.0,17,4,4,0
2020-04-24 18:00:00+00:00,0,0.0,18,4,4,0
2020-04-24 19:00:00+00:00,0,0.0,19,4,4,0
2020-04-24 20:00:00+00:00,0,0.0,20,4,4,0
2020-04-24 21:00:00+00:00,0,0.0,21,4,4,0
2020-04-24 22:00:00+00:00,0,0.0,22,4,4,0
2020-04-24 23:00:00+00:00,0,0.0,23,4,4,0
2020-04-25 00:00:00+00:00,0,0.0,0,5,4,1
2020-04-25 01:00:00+00:00,0,0.0,1,5,4,1
2020-04-25 02:00:00+00:00,0,0.0,2,5,4,1
2020-04-25 03:00:00+00:00,0,0.0,3,5,4,1
2020-04-25 04:00:00+00:00,0,0.0,4,5,4,1
2020-04-25 05:00:00+00:00,0,0.0,5,5,4,1
2020-04-25 06:00:00+00:00,0,0.0,6,5,4,1
2020-04-25 07:00:00+00:00,0,0.0,7,5,4,1
2020-04-25 08:00:00+00:00,0,0.0,8,5,4,1
2020-04-25 09:00:00+00:00,0,0.0,9,5,4,1
2020-04-25 10:00:00+00:00,0,0.0,10,5,4,1
2020-04-25 11:00:00+00:00,0,0.0,11,5,4,1
2020-04-25 12:00:00+00:00,0,0.0,12,5,4,1
2020-04-25 13:00:00+00:00,0,0.0,13,5,4,1
2020-04-25 14:00:00+00:00,0,0.0,14,5,4,1
2020-04-25 15:00:00+00:00,0,0.0,15,5,4,1
2020-04-25 16:00:00+00:00,0,0.0,16,5,4,1
2020-04-25 17:00:00+00:00,1,5.875,17,5,4,1
2020-04-25 18:00:00+00:00,0,0.0,18,5,4,1
2020-04-25 19:00:00+00:00,0,0.0,19,5,4,1
2020-04-25 20:00:00+00:00,0,0.0,20,5,4,1
2020-04-25 21:00:00+00:00,0,0.0,21,5,4,1
2020-04-25 22:00:00+00:00,0,0.0,22,5,4,1
2020-04-25 23:00:00+00:00,0,0.0,23,5,4,1
2020-04-26 00:00:00+00:00,0,0.0,0,6,4,1
2020-04-26 01:00:00+00:00,0,0.0,1,6,4,1
2020-04-26 02:00:00+00:00,0,0.0,2,6,4,1
2020-04-26 03:00:00+00:00,0,0.0,3,6,4,1
2020-04-26 04:00:00+00:00,0,0.0,4,6,4,1
2020-04-26 05:00:00+00:00,0,0.0,5,6,4,1
2020-04-26 06:00:00+00:00,0,0.0,6,6,4,1
2020-04-26 07:00:00+00:00,0,0.0,7,6,4,1
2020-04-26 08:00:00+00:00,0,0.0,8,6,4,1
2020-04-26 09:00:00+00:00,0,0.0,9,6,4,1
2020-04-26 10:00:00+00:00,0,0.0,10,6,4,1
2020-04-26 11:00:00+00:00,0,0.0,11,6,4,1
2020-04-26 12:00:00+00:00,0,0.0,12,6,4,1
2020-04-26 13:00:00+00:00,0,0.0,13,6,4,1
2020-04-26 14:00:00+00:00,0,0.0,14,6,4,1
2020-04-26 15:00:00+00:00,0,0.0,15,6,4,1
2020-04-26 16:00:00+00:00,0,0.0,16,6,4,1
2020-04-26 17:00:00+00:00,0,0.0,17,6,4,1
2020-04-26 18:00:00+00:00,0,0.0,18,6,4,1
2020-04-26 19:00:00+00:00,2,28.829981666666665,19,6,4,1
2020-04-26 20:00:00+00:00,1,0.84,20,6,4,1
2020-04-26 21:00:00+00:00,0,0.0,21,6,4,1
2020-04-26 22:00:00+00:00,0,0.0,22,6,4,1
2020-04-26 23:00:00+00:00,0,0.0,23,6,4,1
2020-04-27 00:00:00+00:00,1,0.633,0,0,4,0
2020-04-27 01:00:00+00:00,0,0.0,1,0,4,0
2020-04-27 02:00:00+00:00,0,0.0,2,0,4,0
2020-04-27 03:00:00+00:00,0,0.0,3,0,4,0
2020-04-27 04:00:00+00:00,1,25.152,4,0,4,0
2020-04-27 05:00:00+00:00,0,0.0,5,0,4,0
2020-04-27 06:00:00+00:00,0,0.0,6,0,4,0
2020-04-27 07:00:00+00:00,0,0.0,7,0,4,0
2020-04-27 08:00:00+00:00,0,0.0,8,0,4,0
2020-04-27 09:00:00+00:00,0,0.0,9,0,4,0
2020-04-27 10:00:00+00:00,0,0.0,10,0,4,0
2020-04-27 11:00:00+00:00,0,0.0,11,0,4,0
2020-04-27 12:00:00+00:00,0,0.0,12,0,4,0
2020-04-27 13:00:00+00:00,0,0.0,13,0,4,0
2020-04-27 14:00:00+00:00,0,0.0,14,0,4,0
2020-04-27 15:00:00+00:00,0,0.0,15,0,4,0
2020-04-27 16:00:00+00:00,0,0.0,16,0,4,0
2020-04-27 17:00:00+00:00,0,0.0,17,0,4,0
2020-04-27 18:00:00+00:00,0,0.0,18,0,4,0
2020-04-27 19:00:00+00:00,0,0.0,19,0,4,0
2020-04-27 20:00:00+00:00,0,0.0,20,0,4,0
2020-04-27 21:00:00+00:00,0,0.0,21,0,4,0
2020-04-27 22:00:00+00:00,0,0.0,22,0,4,0
2020-04-27 23:00:00+00:00,0,0.0,23,0,4,0
2020-04-28 00:00:00+00:00,0,0.0,0,1,4,0
2020-04-28 01:00:00+00:00,0,0.0,1,1,4,0
2020-04-28 02:00:00+00:00,0,0.0,2,1,4,0
2020-04-28 03:00:00+00:00,0,0.0,3,1,4,0
2020-04-28 04:00:00+00:00,0,0.0,4,1,4,0
2020-04-28 05:00:00+00:00,0,0.0,5,1,4,0
2020-04-28 06:00:00+00:00,0,0.0,6,1,4,0
2020-04-28 07:00:00+00:00,0,0.0,7,1,4,0
2020-04-28 08:00:00+00:00,0,0.0,8,1,4,0
2020-04-28 09:00:00+00:00,0,0.0,9,1,4,0
2020-04-28 10:00:00+00:00,0,0.0,10,1,4,0
2020-04-28 11:00:00+00:00,0,0.0,11,1,4,0
2020-04-28 12:00:00+00:00,0,0.0,12,1,4,0
2020-04-28 13:00:00+00:00,0,0.0,13,1,4,0
2020-04-28 14:00:00+00:00,0,0.0,14,1,4,0
2020-04-28 15:00:00+00:00,0,0.0,15,1,4,0
2020-04-28 16:00:00+00:00,0,0.0,16,1,4,0
2020-04-28 17:00:00+00:00,0,0.0,17,1,4,0
2020-04-28 18:00:00+00:00,0,0.0,18,1,4,0
2020-04-28 19:00:00+00:00,0,0.0,19,1,4,0
2020-04-28 20:00:00+00:00,0,0.0,20,1,4,0
2020-04-28 21:00:00+00:00,0,0.0,21,1,4,0
2020-04-28 22:00:00+00:00,0,0.0,22,1,4,0
2020-04-28 23:00:00+00:00,0,0.0,23,1,4,0
2020-04-29 00:00:00+00:00,0,0.0,0,2,4,0
2020-04-29 01:00:00+00:00,0,0.0,1,2,4,0
2020-04-29 02:00:00+00:00,0,0.0,2,2,4,0
2020-04-29 03:00:00+00:00,0,0.0,3,2,4,0
2020-04-29 04:00:00+00:00,0,0.0,4,2,4,0
2020-04-29 05:00:00+00:00,0,0.0,5,2,4,0
2020-04-29 06:00:00+00:00,0,0.0,6,2,4,0
2020-04-29 07:00:00+00:00,0,0.0,7,2,4,0
2020-04-29 08:00:00+00:00,0,0.0,8,2,4,0
2020-04-29 09:00:00+00:00,0,0.0,9,2,4,0
2020-04-29 10:00:00+00:00,0,0.0,10,2,4,0
2020-04-29 11:00:00+00:00,0,0.0,11,2,4,0
2020-04-29 12:00:00+00:00,1,0.853,12,2,4,0
2020-04-29 13:00:00+00:00,0,0.0,13,2,4,0
2020-04-29 14:00:00+00:00,0,0.0,14,2,4,0
2020-04-29 15:00:00+00:00,0,0.0,15,2,4,0
2020-04-29 16:00:00+00:00,0,0.0,16,2,4,0
2020-04-29 17:00:00+00:00,0,0.0,17,2,4,0
2020-04-29 18:00:00+00:00,0,0.0,18,2,4,0
2020-04-29 19:00:00+00:00,0,0.0,19,2,4,0
2020-04-29 20:00:00+00:00,0,0.0,20,2,4,0
2020-04-29 21:00:00+00:00,0,0.0,21,2,4,0
2020-04-29 22:00:00+00:00,0,0.0,22,2,4,0
2020-04-29 23:00:00+00:00,0,0.0,23,2,4,0
2020-04-30 00:00:00+00:00,0,0.0,0,3,4,0
2020-04-30 01:00:00+00:00,0,0.0,1,3,4,0
2020-04-30 02:00:00+00:00,0,0.0,2,3,4,0
2020-04-30 03:00:00+00:00,0,0.0,3,3,4,0
2020-04-30 04:00:00+00:00,0,0.0,4,3,4,0
2020-04-30 05:00:00+00:00,0,0.0,5,3,4,0
2020-04-30 06:00:00+00:00,0,0.0,6,3,4,0
2020-04-30 07:00:00+00:00,0,0.0,7,3,4,0
2020-04-30 08:00:00+00:00,0,0.0,8,3,4,0
2020-04-30 09:00:00+00:00,0,0.0,9,3,4,0
2020-04-30 10:00:00+00:00,0,0.0,10,3,4,0
2020-04-30 11:00:00+00:00,0,0.0,11,3,4,0
2020-04-30 12:00:00+00:00,0,0.0,12,3,4,0
2020-04-30 13:00:00+00:00,0,0.0,13,3,4,0
2020-04-30 14:00:00+00:00,0,0.0,14,3,4,0
2020-04-30 15:00:00+00:00,0,0.0,15,3,4,0
2020-04-30 16:00:00+00:00,0,0.0,16,3,4,0
2020-04-30 17:00:00+00:00,0,0.0,17,3,4,0
2020-04-30 18:00:00+00:00,0,0.0,18,3,4,0
2020-04-30 19:00:00+00:00,0,0.0,19,3,4,0
2020-04-30 20:00:00+00:00,0,0.0,20,3,4,0
2020-04-30 21:00:00+00:00,0,0.0,21,3,4,0
2020-04-30 22:00:00+00:00,0,0.0,22,3,4,0
2020-04-30 23:00:00+00:00,0,0.0,23,3,4,0
2020-05-01 00:00:00+00:00,0,0.0,0,4,5,0
2020-05-01 01:00:00+00:00,0,0.0,1,4,5,0
2020-05-01 02:00:00+00:00,0,0.0,2,4,5,0
2020-05-01 03:00:00+00:00,0,0.0,3,4,5,0
2020-05-01 04:00:00+00:00,0,0.0,4,4,5,0
2020-05-01 05:00:00+00:00,0,0.0,5,4,5,0
2020-05-01 06:00:00+00:00,0,0.0,6,4,5,0
2020-05-01 07:00:00+00:00,0,0.0,7,4,5,0
2020-05-01 08:00:00+00:00,0,0.0,8,4,5,0
2020-05-01 09:00:00+00:00,0,0.0,9,4,5,0
2020-05-01 10:00:00+00:00,0,0.0,10,4,5,0
2020-05-01 11:00:00+00:00,0,0.0,11,4,5,0
2020-05-01 12:00:00+00:00,0,0.0,12,4,5,0
2020-05-01 13:00:00+00:00,0,0.0,13,4,5,0
2020-05-01 14:00:00+00:00,0,0.0,14,4,5,0
2020-05-01 15:00:00+00:00,0,0.0,15,4,5,0
2020-05-01 16:00:00+00:00,0,0.0,16,4,5,0
2020-05-01 17:00:00+00:00,0,0.0,17,4,5,0
2020-05-01 18:00:00+00:00,0,0.0,18,4,5,0
2020-05-01 19:00:00+00:00,0,0.0,19,4,5,0
2020-05-01 20:00:00+00:00,0,0.0,20,4,5,0
2020-05-01 21:00:00+00:00,0,0.0,21,4,5,0
2020-05-01 22:00:00+00:00,0,0.0,22,4,5,0
2020-05-01 23:00:00+00:00,0,0.0,23,4,5,0
2020-05-02 00:00:00+00:00,0,0.0,0,5,5,1
2020-05-02 01:00:00+00:00,0,0.0,1,5,5,1
2020-05-02 02:00:00+00:00,0,0.0,2,5,5,1
2020-05-02 03:00:00+00:00,0,0.0,3,5,5,1
2020-05-02 04:00:00+00:00,0,0.0,4,5,5,1
2020-05-02 05:00:00+00:00,0,0.0,5,5,5,1
2020-05-02 06:00:00+00:00,0,0.0,6,5,5,1
2020-05-02 07:00:00+00:00,0,0.0,7,5,5,1
2020-05-02 08:00:00+00:00,0,0.0,8,5,5,1
2020-05-02 09:00:00+00:00,0,0.0,9,5,5,1
2020-05-02 10:00:00+00:00,0,0.0,10,5,5,1
2020-05-02 11:00:00+00:00,0,0.0,11,5,5,1
2020-05-02 12:00:00+00:00,0,0.0,12,5,5,1
2020-05-02 13:00:00+00:00,0,0.0,13,5,5,1
2020-05-02 14:00:00+00:00,0,0.0,14,5,5,1
2020-05-02 15:00:00+00:00,0,0.0,15,5,5,1
2020-05-02 16:00:00+00:00,0,0.0,16,5,5,1
2020-05-02 17:00:00+00:00,0,0.0,17,5,5,1
2020-05-02 18:00:00+00:00,0,0.0,18,5,5,1
2020-05-02 19:00:00+00:00,0,0.0,19,5,5,1
2020-05-02 20:00:00+00:00,0,0.0,20,5,5,1
2020-05-02 21:00:00+00:00,0,0.0,21,5,5,1
2020-05-02 22:00:00+00:00,0,0.0,22,5,5,1
2020-05-02 23:00:00+00:00,0,0.0,23,5,5,1
2020-05-03 00:00:00+00:00,0,0.0,0,6,5,1
2020-05-03 01:00:00+00:00,0,0.0,1,6,5,1
2020-05-03 02:00:00+00:00,0,0.0,2,6,5,1
2020-05-03 03:00:00+00:00,0,0.0,3,6,5,1
2020-05-03 04:00:00+00:00,0,0.0,4,6,5,1
2020-05-03 05:00:00+00:00,0,0.0,5,6,5,1
2020-05-03 06:00:00+00:00,0,0.0,6,6,5,1
2020-05-03 07:00:00+00:00,0,0.0,7,6,5,1
2020-05-03 08:00:00+00:00,0,0.0,8,6,5,1
2020-05-03 09:00:00+00:00,0,0.0,9,6,5,1
2020-05-03 10:00:00+00:00,0,0.0,10,6,5,1
2020-05-03 11:00:00+00:00,0,0.0,11,6,5,1
2020-05-03 12:00:00+00:00,0,0.0,12,6,5,1
2020-05-03 13:00:00+00:00,0,0.0,13,6,5,1
2020-05-03 14:00:00+00:00,0,0.0,14,6,5,1
2020-05-03 15:00:00+00:00,0,0.0,15,6,5,1
2020-05-03 16:00:00+00:00,0,0.0,16,6,5,1
2020-05-03 17:00:00+00:00,0,0.0,17,6,5,1
2020-05-03 18:00:00+00:00,0,0.0,18,6,5,1
2020-05-03 19:00:00+00:00,0,0.0,19,6,5,1
2020-05-03 20:00:00+00:00,0,0.0,20,6,5,1
2020-05-03 21:00:00+00:00,0,0.0,21,6,5,1
2020-05-03 22:00:00+00:00,0,0.0,22,6,5,1
2020-05-03 23:00:00+00:00,0,0.0,23,6,5,1
2020-05-04 00:00:00+00:00,0,0.0,0,0,5,0
2020-05-04 01:00:00+00:00,0,0.0,1,0,5,0
2020-05-04 02:00:00+00:00,0,0.0,2,0,5,0
2020-05-04 03:00:00+00:00,0,0.0,3,0,5,0
2020-05-04 04:00:00+00:00,0,0.0,4,0,5,0
2020-05-04 05:00:00+00:00,0,0.0,5,0,5,0
2020-05-04 06:00:00+00:00,0,0.0,6,0,5,0
2020-05-04 07:00:00+00:00,0,0.0,7,0,5,0
2020-05-04 08:00:00+00:00,0,0.0,8,0,5,0
2020-05-04 09:00:00+00:00,0,0.0,9,0,5,0
2020-05-04 10:00:00+00:00,0,0.0,10,0,5,0
2020-05-04 11:00:00+00:00,0,0.0,11,0,5,0
2020-05-04 12:00:00+00:00,0,0.0,12,0,5,0
2020-05-04 13:00:00+00:00,0,0.0,13,0,5,0
2020-05-04 14:00:00+00:00,0,0.0,14,0,5,0
2020-05-04 15:00:00+00:00,0,0.0,15,0,5,0
2020-05-04 16:00:00+00:00,0,0.0,16,0,5,0
2020-05-04 17:00:00+00:00,0,0.0,17,0,5,0
2020-05-04 18:00:00+00:00,0,0.0,18,0,5,0
2020-05-04 19:00:00+00:00,0,0.0,19,0,5,0
2020-05-04 20:00:00+00:00,0,0.0,20,0,5,0
2020-05-04 21:00:00+00:00,0,0.0,21,0,5,0
2020-05-04 22:00:00+00:00,0,0.0,22,0,5,0
2020-05-04 23:00:00+00:00,0,0.0,23,0,5,0
2020-05-05 00:00:00+00:00,0,0.0,0,1,5,0
2020-05-05 01:00:00+00:00,0,0.0,1,1,5,0
2020-05-05 02:00:00+00:00,1,1.285,2,1,5,0
2020-05-05 03:00:00+00:00,0,0.0,3,1,5,0
2020-05-05 04:00:00+00:00,0,0.0,4,1,5,0
2020-05-05 05:00:00+00:00,0,0.0,5,1,5,0
2020-05-05 06:00:00+00:00,0,0.0,6,1,5,0
2020-05-05 07:00:00+00:00,0,0.0,7,1,5,0
2020-05-05 08:00:00+00:00,0,0.0,8,1,5,0
2020-05-05 09:00:00+00:00,0,0.0,9,1,5,0
2020-05-05 10:00:00+00:00,0,0.0,10,1,5,0
2020-05-05 11:00:00+00:00,0,0.0,11,1,5,0
2020-05-05 12:00:00+00:00,0,0.0,12,1,5,0
2020-05-05 13:00:00+00:00,0,0.0,13,1,5,0
2020-05-05 14:00:00+00:00,0,0.0,14,1,5,0
2020-05-05 15:00:00+00:00,0,0.0,15,1,5,0
2020-05-05 16:00:00+00:00,0,0.0,16,1,5,0
2020-05-05 17:00:00+00:00,0,0.0,17,1,5,0
2020-05-05 18:00:00+00:00,0,0.0,18,1,5,0
2020-05-05 19:00:00+00:00,0,0.0,19,1,5,0
2020-05-05 20:00:00+00:00,0,0.0,20,1,5,0
2020-05-05 21:00:00+00:00,0,0.0,21,1,5,0
2020-05-05 22:00:00+00:00,0,0.0,22,1,5,0
2020-05-05 23:00:00+00:00,0,0.0,23,1,5,0
2020-05-06 00:00:00+00:00,0,0.0,0,2,5,0
2020-05-06 01:00:00+00:00,0,0.0,1,2,5,0
2020-05-06 02:00:00+00:00,0,0.0,2,2,5,0
2020-05-06 03:00:00+00:00,0,0.0,3,2,5,0
2020-05-06 04:00:00+00:00,0,0.0,4,2,5,0
2020-05-06 05:00:00+00:00,0,0.0,5,2,5,0
2020-05-06 06:00:00+00:00,0,0.0,6,2,5,0
2020-05-06 07:00:00+00:00,0,0.0,7,2,5,0
2020-05-06 08:00:00+00:00,0,0.0,8,2,5,0
2020-05-06 09:00:00+00:00,0,0.0,9,2,5,0
2020-05-06 10:00:00+00:00,0,0.0,10,2,5,0
2020-05-06 11:00:00+00:00,0,0.0,11,2,5,0
2020-05-06 12:00:00+00:00,0,0.0,12,2,5,0
2020-05-06 13:00:00+00:00,0,0.0,13,2,5,0
2020-05-06 14:00:00+00:00,0,0.0,14,2,5,0
2020-05-06 15:00:00+00:00,0,0.0,15,2,5,0
2020-05-06 16:00:00+00:00,0,0.0,16,2,5,0
2020-05-06 17:00:00+00:00,0,0.0,17,2,5,0
2020-05-06 18:00:00+00:00,0,0.0,18,2,5,0
2020-05-06 19:00:00+00:00,0,0.0,19,2,5,0
2020-05-06 20:00:00+00:00,0,0.0,20,2,5,0
2020-05-06 21:00:00+00:00,0,0.0,21,2,5,0
2020-05-06 22:00:00+00:00,0,0.0,22,2,5,0
2020-05-06 23:00:00+00:00,0,0.0,23,2,5,0
2020-05-07 00:00:00+00:00,0,0.0,0,3,5,0
2020-05-07 01:00:00+00:00,0,0.0,1,3,5,0
2020-05-07 02:00:00+00:00,0,0.0,2,3,5,0
2020-05-07 03:00:00+00:00,0,0.0,3,3,5,0
2020-05-07 04:00:00+00:00,0,0.0,4,3,5,0
2020-05-07 05:00:00+00:00,0,0.0,5,3,5,0
2020-05-07 06:00:00+00:00,0,0.0,6,3,5,0
2020-05-07 07:00:00+00:00,0,0.0,7,3,5,0
2020-05-07 08:00:00+00:00,0,0.0,8,3,5,0
2020-05-07 09:00:00+00:00,0,0.0,9,3,5,0
2020-05-07 10:00:00+00:00,0,0.0,10,3,5,0
2020-05-07 11:00:00+00:00,0,0.0,11,3,5,0
2020-05-07 12:00:00+00:00,0,0.0,12,3,5,0
2020-05-07 13:00:00+00:00,0,0.0,13,3,5,0
2020-05-07 14:00:00+00:00,0,0.0,14,3,5,0
2020-05-07 15:00:00+00:00,0,0.0,15,3,5,0
2020-05-07 16:00:00+00:00,0,0.0,16,3,5,0
2020-05-07 17:00:00+00:00,0,0.0,17,3,5,0
2020-05-07 18:00:00+00:00,0,0.0,18,3,5,0
2020-05-07 19:00:00+00:00,0,0.0,19,3,5,0
2020-05-07 20:00:00+00:00,0,0.0,20,3,5,0
2020-05-07 21:00:00+00:00,0,0.0,21,3,5,0
2020-05-07 22:00:00+00:00,0,0.0,22,3,5,0
2020-05-07 23:00:00+00:00,0,0.0,23,3,5,0
2020-05-08 00:00:00+00:00,0,0.0,0,4,5,0
2020-05-08 01:00:00+00:00,0,0.0,1,4,5,0
2020-05-08 02:00:00+00:00,0,0.0,2,4,5,0
2020-05-08 03:00:00+00:00,0,0.0,3,4,5,0
2020-05-08 04:00:00+00:00,0,0.0,4,4,5,0
2020-05-08 05:00:00+00:00,0,0.0,5,4,5,0
2020-05-08 06:00:00+00:00,0,0.0,6,4,5,0
2020-05-08 07:00:00+00:00,0,0.0,7,4,5,0
2020-05-08 08:00:00+00:00,0,0.0,8,4,5,0
2020-05-08 09:00:00+00:00,0,0.0,9,4,5,0
2020-05-08 10:00:00+00:00,0,0.0,10,4,5,0
2020-05-08 11:00:00+00:00,0,0.0,11,4,5,0
2020-05-08 12:00:00+00:00,0,0.0,12,4,5,0
2020-05-08 13:00:00+00:00,0,0.0,13,4,5,0
2020-05-08 14:00:00+00:00,0,0.0,14,4,5,0
2020-05-08 15:00:00+00:00,0,0.0,15,4,5,0
2020-05-08 16:00:00+00:00,0,0.0,16,4,5,0
2020-05-08 17:00:00+00:00,0,0.0,17,4,5,0
2020-05-08 18:00:00+00:00,0,0.0,18,4,5,0
2020-05-08 19:00:00+00:00,0,0.0,19,4,5,0
2020-05-08 20:00:00+00:00,0,0.0,20,4,5,0
2020-05-08 21:00:00+00:00,0,0.0,21,4,5,0
2020-05-08 22:00:00+00:00,0,0.0,22,4,5,0
2020-05-08 23:00:00+00:00,0,0.0,23,4,5,0
2020-05-09 00:00:00+00:00,0,0.0,0,5,5,1
2020-05-09 01:00:00+00:00,0,0.0,1,5,5,1
2020-05-09 02:00:00+00:00,0,0.0,2,5,5,1
2020-05-09 03:00:00+00:00,0,0.0,3,5,5,1
2020-05-09 04:00:00+00:00,0,0.0,4,5,5,1
2020-05-09 05:00:00+00:00,0,0.0,5,5,5,1
2020-05-09 06:00:00+00:00,0,0.0,6,5,5,1
2020-05-09 07:00:00+00:00,0,0.0,7,5,5,1
2020-05-09 08:00:00+00:00,0,0.0,8,5,5,1
2020-05-09 09:00:00+00:00,0,0.0,9,5,5,1
2020-05-09 10:00:00+00:00,0,0.0,10,5,5,1
2020-05-09 11:00:00+00:00,0,0.0,11,5,5,1
2020-05-09 12:00:00+00:00,0,0.0,12,5,5,1
2020-05-09 13:00:00+00:00,0,0.0,13,5,5,1
2020-05-09 14:00:00+00:00,0,0.0,14,5,5,1
2020-05-09 15:00:00+00:00,0,0.0,15,5,5,1
2020-05-09 16:00:00+00:00,0,0.0,16,5,5,1
2020-05-09 17:00:00+00:00,0,0.0,17,5,5,1
2020-05-09 18:00:00+00:00,1,0.86,18,5,5,1
2020-05-09 19:00:00+00:00,0,0.0,19,5,5,1
2020-05-09 20:00:00+00:00,0,0.0,20,5,5,1
2020-05-09 21:00:00+00:00,0,0.0,21,5,5,1
2020-05-09 22:00:00+00:00,0,0.0,22,5,5,1
2020-05-09 23:00:00+00:00,0,0.0,23,5,5,1
2020-05-10 00:00:00+00:00,0,0.0,0,6,5,1
2020-05-10 01:00:00+00:00,0,0.0,1,6,5,1
2020-05-10 02:00:00+00:00,0,0.0,2,6,5,1
2020-05-10 03:00:00+00:00,0,0.0,3,6,5,1
2020-05-10 04:00:00+00:00,0,0.0,4,6,5,1
2020-05-10 05:00:00+00:00,0,0.0,5,6,5,1
2020-05-10 06:00:00+00:00,0,0.0,6,6,5,1
2020-05-10 07:00:00+00:00,0,0.0,7,6,5,1
2020-05-10 08:00:00+00:00,0,0.0,8,6,5,1
2020-05-10 09:00:00+00:00,0,0.0,9,6,5,1
2020-05-10 10:00:00+00:00,0,0.0,10,6,5,1
2020-05-10 11:00:00+00:00,0,0.0,11,6,5,1
2020-05-10 12:00:00+00:00,0,0.0,12,6,5,1
2020-05-10 13:00:00+00:00,0,0.0,13,6,5,1
2020-05-10 14:00:00+00:00,0,0.0,14,6,5,1
2020-05-10 15:00:00+00:00,0,0.0,15,6,5,1
2020-05-10 16:00:00+00:00,0,0.0,16,6,5,1
2020-05-10 17:00:00+00:00,0,0.0,17,6,5,1
2020-05-10 18:00:00+00:00,0,0.0,18,6,5,1
2020-05-10 19:00:00+00:00,0,0.0,19,6,5,1
2020-05-10 20:00:00+00:00,1,38.275,20,6,5,1
2020-05-10 21:00:00+00:00,0,0.0,21,6,5,1
2020-05-10 22:00:00+00:00,0,0.0,22,6,5,1
2020-05-10 23:00:00+00:00,0,0.0,23,6,5,1
2020-05-11 00:00:00+00:00,0,0.0,0,0,5,0
2020-05-11 01:00:00+00:00,1,35.197,1,0,5,0
2020-05-11 02:00:00+00:00,0,0.0,2,0,5,0
2020-05-11 03:00:00+00:00,0,0.0,3,0,5,0
2020-05-11 04:00:00+00:00,0,0.0,4,0,5,0
2020-05-11 05:00:00+00:00,0,0.0,5,0,5,0
2020-05-11 06:00:00+00:00,0,0.0,6,0,5,0
2020-05-11 07:00:00+00:00,0,0.0,7,0,5,0
2020-05-11 08:00:00+00:00,0,0.0,8,0,5,0
2020-05-11 09:00:00+00:00,0,0.0,9,0,5,0
2020-05-11 10:00:00+00:00,0,0.0,10,0,5,0
2020-05-11 11:00:00+00:00,0,0.0,11,0,5,0
2020-05-11 12:00:00+00:00,0,0.0,12,0,5,0
2020-05-11 13:00:00+00:00,0,0.0,13,0,5,0
2020-05-11 14:00:00+00:00,0,0.0,14,0,5,0
2020-05-11 15:00:00+00:00,0,0.0,15,0,5,0
2020-05-11 16:00:00+00:00,0,0.0,16,0,5,0
2020-05-11 17:00:00+00:00,0,0.0,17,0,5,0
2020-05-11 18:00:00+00:00,0,0.0,18,0,5,0
2020-05-11 19:00:00+00:00,0,0.0,19,0,5,0
2020-05-11 20:00:00+00:00,1,0.825,20,0,5,0
2020-05-11 21:00:00+00:00,0,0.0,21,0,5,0
2020-05-11 22:00:00+00:00,0,0.0,22,0,5,0
2020-05-11 23:00:00+00:00,0,0.0,23,0,5,0
2020-05-12 00:00:00+00:00,0,0.0,0,1,5,0
2020-05-12 01:00:00+00:00,0,0.0,1,1,5,0
2020-05-12 02:00:00+00:00,0,0.0,2,1,5,0
2020-05-12 03:00:00+00:00,0,0.0,3,1,5,0
2020-05-12 04:00:00+00:00,0,0.0,4,1,5,0
2020-05-12 05:00:00+00:00,0,0.0,5,1,5,0
2020-05-12 06:00:00+00:00,0,0.0,6,1,5,0
2020-05-12 07:00:00+00:00,0,0.0,7,1,5,0
2020-05-12 08:00:00+00:00,0,0.0,8,1,5,0
2020-05-12 09:00:00+00:00,0,0.0,9,1,5,0
2020-05-12 10:00:00+00:00,0,0.0,10,1,5,0
2020-05-12 11:00:00+00:00,0,0.0,11,1,5,0
2020-05-12 12:00:00+00:00,0,0.0,12,1,5,0
2020-05-12 13:00:00+00:00,0,0.0,13,1,5,0
2020-05-12 14:00:00+00:00,0,0.0,14,1,5,0
2020-05-12 15:00:00+00:00,0,0.0,15,1,5,0
2020-05-12 16:00:00+00:00,0,0.0,16,1,5,0
2020-05-12 17:00:00+00:00,0,0.0,17,1,5,0
2020-05-12 18:00:00+00:00,0,0.0,18,1,5,0
2020-05-12 19:00:00+00:00,0,0.0,19,1,5,0
2020-05-12 20:00:00+00:00,0,0.0,20,1,5,0
2020-05-12 21:00:00+00:00,0,0.0,21,1,5,0
2020-05-12 22:00:00+00:00,0,0.0,22,1,5,0
2020-05-12 23:00:00+00:00,0,0.0,23,1,5,0
2020-05-13 00:00:00+00:00,0,0.0,0,2,5,0
2020-05-13 01:00:00+00:00,0,0.0,1,2,5,0
2020-05-13 02:00:00+00:00,0,0.0,2,2,5,0
2020-05-13 03:00:00+00:00,0,0.0,3,2,5,0
2020-05-13 04:00:00+00:00,0,0.0,4,2,5,0
2020-05-13 05:00:00+00:00,0,0.0,5,2,5,0
2020-05-13 06:00:00+00:00,0,0.0,6,2,5,0
2020-05-13 07:00:00+00:00,0,0.0,7,2,5,0
2020-05-13 08:00:00+00:00,0,0.0,8,2,5,0
2020-05-13 09:00:00+00:00,0,0.0,9,2,5,0
2020-05-13 10:00:00+00:00,0,0.0,10,2,5,0
2020-05-13 11:00:00+00:00,0,0.0,11,2,5,0
2020-05-13 12:00:00+00:00,0,0.0,12,2,5,0
2020-05-13 13:00:00+00:00,0,0.0,13,2,5,0
2020-05-13 14:00:00+00:00,0,0.0,14,2,5,0
2020-05-13 15:00:00+00:00,0,0.0,15,2,5,0
2020-05-13 16:00:00+00:00,0,0.0,16,2,5,0
2020-05-13 17:00:00+00:00,1,14.939,17,2,5,0
2020-05-13 18:00:00+00:00,0,0.0,18,2,5,0
2020-05-13 19:00:00+00:00,0,0.0,19,2,5,0
2020-05-13 20:00:00+00:00,0,0.0,20,2,5,0
2020-05-13 21:00:00+00:00,0,0.0,21,2,5,0
2020-05-13 22:00:00+00:00,0,0.0,22,2,5,0
2020-05-13 23:00:00+00:00,0,0.0,23,2,5,0
2020-05-14 00:00:00+00:00,0,0.0,0,3,5,0
2020-05-14 01:00:00+00:00,0,0.0,1,3,5,0
2020-05-14 02:00:00+00:00,0,0.0,2,3,5,0
2020-05-14 03:00:00+00:00,0,0.0,3,3,5,0
2020-05-14 04:00:00+00:00,0,0.0,4,3,5,0
2020-05-14 05:00:00+00:00,0,0.0,5,3,5,0
2020-05-14 06:00:00+00:00,0,0.0,6,3,5,0
2020-05-14 07:00:00+00:00,0,0.0,7,3,5,0
2020-05-14 08:00:00+00:00,0,0.0,8,3,5,0
2020-05-14 09:00:00+00:00,0,0.0,9,3,5,0
2020-05-14 10:00:00+00:00,0,0.0,10,3,5,0
2020-05-14 11:00:00+00:00,0,0.0,11,3,5,0
2020-05-14 12:00:00+00:00,0,0.0,12,3,5,0
2020-05-14 13:00:00+00:00,0,0.0,13,3,5,0
2020-05-14 14:00:00+00:00,0,0.0,14,3,5,0
2020-05-14 15:00:00+00:00,0,0.0,15,3,5,0
2020-05-14 16:00:00+00:00,0,0.0,16,3,5,0
2020-05-14 17:00:00+00:00,0,0.0,17,3,5,0
2020-05-14 18:00:00+00:00,0,0.0,18,3,5,0
2020-05-14 19:00:00+00:00,0,0.0,19,3,5,0
2020-05-14 20:00:00+00:00,0,0.0,20,3,5,0
2020-05-14 21:00:00+00:00,0,0.0,21,3,5,0
2020-05-14 22:00:00+00:00,0,0.0,22,3,5,0
2020-05-14 23:00:00+00:00,0,0.0,23,3,5,0
2020-05-15 00:00:00+00:00,0,0.0,0,4,5,0
2020-05-15 01:00:00+00:00,0,0.0,1,4,5,0
2020-05-15 02:00:00+00:00,0,0.0,2,4,5,0
2020-05-15 03:00:00+00:00,0,0.0,3,4,5,0
2020-05-15 04:00:00+00:00,0,0.0,4,4,5,0
2020-05-15 05:00:00+00:00,0,0.0,5,4,5,0
2020-05-15 06:00:00+00:00,0,0.0,6,4,5,0
2020-05-15 07:00:00+00:00,0,0.0,7,4,5,0
2020-05-15 08:00:00+00:00,0,0.0,8,4,5,0
2020-05-15 09:00:00+00:00,0,0.0,9,4,5,0
2020-05-15 10:00:00+00:00,0,0.0,10,4,5,0
2020-05-15 11:00:00+00:00,0,0.0,11,4,5,0
2020-05-15 12:00:00+00:00,0,0.0,12,4,5,0
2020-05-15 13:00:00+00:00,0,0.0,13,4,5,0
2020-05-15 14:00:00+00:00,0,0.0,14,4,5,0
2020-05-15 15:00:00+00:00,0,0.0,15,4,5,0
2020-05-15 16:00:00+00:00,0,0.0,16,4,5,0
2020-05-15 17:00:00+00:00,0,0.0,17,4,5,0
2020-05-15 18:00:00+00:00,0,0.0,18,4,5,0
2020-05-15 19:00:00+00:00,0,0.0,19,4,5,0
2020-05-15 20:00:00+00:00,0,0.0,20,4,5,0
2020-05-15 21:00:00+00:00,0,0.0,21,4,5,0
2020-05-15 22:00:00+00:00,0,0.0,22,4,5,0
2020-05-15 23:00:00+00:00,0,0.0,23,4,5,0
2020-05-16 00:00:00+00:00,0,0.0,0,5,5,1
2020-05-16 01:00:00+00:00,0,0.0,1,5,5,1
2020-05-16 02:00:00+00:00,0,0.0,2,5,5,1
2020-05-16 03:00:00+00:00,0,0.0,3,5,5,1
2020-05-16 04:00:00+00:00,0,0.0,4,5,5,1
2020-05-16 05:00:00+00:00,0,0.0,5,5,5,1
2020-05-16 06:00:00+00:00,0,0.0,6,5,5,1
2020-05-16 07:00:00+00:00,0,0.0,7,5,5,1
2020-05-16 08:00:00+00:00,0,0.0,8,5,5,1
2020-05-16 09:00:00+00:00,0,0.0,9,5,5,1
2020-05-16 10:00:00+00:00,0,0.0,10,5,5,1
2020-05-16 11:00:00+00:00,0,0.0,11,5,5,1
2020-05-16 12:00:00+00:00,0,0.0,12,5,5,1
2020-05-16 13:00:00+00:00,0,0.0,13,5,5,1
2020-05-16 14:00:00+00:00,0,0.0,14,5,5,1
2020-05-16 15:00:00+00:00,0,0.0,15,5,5,1
2020-05-16 16:00:00+00:00,0,0.0,16,5,5,1
2020-05-16 17:00:00+00:00,1,48.878,17,5,5,1
2020-05-16 18:00:00+00:00,0,0.0,18,5,5,1
2020-05-16 19:00:00+00:00,0,0.0,19,5,5,1
2020-05-16 20:00:00+00:00,0,0.0,20,5,5,1
2020-05-16 21:00:00+00:00,0,0.0,21,5,5,1
2020-05-16 22:00:00+00:00,0,0.0,22,5,5,1
2020-05-16 23:00:00+00:00,0,0.0,23,5,5,1
2020-05-17 00:00:00+00:00,0,0.0,0,6,5,1
2020-05-17 01:00:00+00:00,0,0.0,1,6,5,1
2020-05-17 02:00:00+00:00,0,0.0,2,6,5,1
2020-05-17 03:00:00+00:00,0,0.0,3,6,5,1
2020-05-17 04:00:00+00:00,1,5.864,4,6,5,1
2020-05-17 05:00:00+00:00,0,0.0,5,6,5,1
2020-05-17 06:00:00+00:00,0,0.0,6,6,5,1
2020-05-17 07:00:00+00:00,0,0.0,7,6,5,1
2020-05-17 08:00:00+00:00,0,0.0,8,6,5,1
2020-05-17 09:00:00+00:00,0,0.0,9,6,5,1
2020-05-17 10:00:00+00:00,0,0.0,10,6,5,1
2020-05-17 11:00:00+00:00,0,0.0,11,6,5,1
2020-05-17 12:00:00+00:00,0,0.0,12,6,5,1
2020-05-17 13:00:00+00:00,1,19.69,13,6,5,1
2020-05-17 14:00:00+00:00,0,0.0,14,6,5,1
2020-05-17 15:00:00+00:00,0,0.0,15,6,5,1
2020-05-17 16:00:00+00:00,0,0.0,16,6,5,1
2020-05-17 17:00:00+00:00,0,0.0,17,6,5,1
2020-05-17 18:00:00+00:00,0,0.0,18,6,5,1
2020-05-17 19:00:00+00:00,0,0.0,19,6,5,1
2020-05-17 20:00:00+00:00,0,0.0,20,6,5,1
2020-05-17 21:00:00+00:00,0,0.0,21,6,5,1
2020-05-17 22:00:00+00:00,0,0.0,22,6,5,1
2020-05-17 23:00:00+00:00,0,0.0,23,6,5,1
2020-05-18 00:00:00+00:00,0,0.0,0,0,5,0
2020-05-18 01:00:00+00:00,0,0.0,1,0,5,0
2020-05-18 02:00:00+00:00,0,0.0,2,0,5,0
2020-05-18 03:00:00+00:00,0,0.0,3,0,5,0
2020-05-18 04:00:00+00:00,0,0.0,4,0,5,0
2020-05-18 05:00:00+00:00,0,0.0,5,0,5,0
2020-05-18 06:00:00+00:00,0,0.0,6,0,5,0
2020-05-18 07:00:00+00:00,0,0.0,7,0,5,0
2020-05-18 08:00:00+00:00,0,0.0,8,0,5,0
2020-05-18 09:00:00+00:00,0,0.0,9,0,5,0
2020-05-18 10:00:00+00:00,0,0.0,10,0,5,0
2020-05-18 11:00:00+00:00,0,0.0,11,0,5,0
2020-05-18 12:00:00+00:00,0,0.0,12,0,5,0
2020-05-18 13:00:00+00:00,0,0.0,13,0,5,0
2020-05-18 14:00:00+00:00,0,0.0,14,0,5,0
2020-05-18 15:00:00+00:00,0,0.0,15,0,5,0
2020-05-18 16:00:00+00:00,0,0.0,16,0,5,0
2020-05-18 17:00:00+00:00,0,0.0,17,0,5,0
2020-05-18 18:00:00+00:00,0,0.0,18,0,5,0
2020-05-18 19:00:00+00:00,0,0.0,19,0,5,0
2020-05-18 20:00:00+00:00,0,0.0,20,0,5,0
2020-05-18 21:00:00+00:00,1,0.901,21,0,5,0
2020-05-18 22:00:00+00:00,0,0.0,22,0,5,0
2020-05-18 23:00:00+00:00,0,0.0,23,0,5,0
2020-05-19 00:00:00+00:00,0,0.0,0,1,5,0
2020-05-19 01:00:00+00:00,0,0.0,1,1,5,0
2020-05-19 02:00:00+00:00,0,0.0,2,1,5,0
2020-05-19 03:00:00+00:00,0,0.0,3,1,5,0
2020-05-19 04:00:00+00:00,0,0.0,4,1,5,0
2020-05-19 05:00:00+00:00,0,0.0,5,1,5,0
2020-05-19 06:00:00+00:00,0,0.0,6,1,5,0
2020-05-19 07:00:00+00:00,0,0.0,7,1,5,0
2020-05-19 08:00:00+00:00,0,0.0,8,1,5,0
2020-05-19 09:00:00+00:00,0,0.0,9,1,5,0
2020-05-19 10:00:00+00:00,0,0.0,10,1,5,0
2020-05-19 11:00:00+00:00,0,0.0,11,1,5,0
2020-05-19 12:00:00+00:00,0,0.0,12,1,5,0
2020-05-19 13:00:00+00:00,0,0.0,13,1,5,0
2020-05-19 14:00:00+00:00,0,0.0,14,1,5,0
2020-05-19 15:00:00+00:00,0,0.0,15,1,5,0
2020-05-19 16:00:00+00:00,0,0.0,16,1,5,0
2020-05-19 17:00:00+00:00,0,0.0,17,1,5,0
2020-05-19 18:00:00+00:00,0,0.0,18,1,5,0
2020-05-19 19:00:00+00:00,0,0.0,19,1,5,0
2020-05-19 20:00:00+00:00,1,1.101,20,1,5,0
2020-05-19 21:00:00+00:00,1,0.901,21,1,5,0
2020-05-19 22:00:00+00:00,0,0.0,22,1,5,0
2020-05-19 23:00:00+00:00,0,0.0,23,1,5,0
2020-05-20 00:00:00+00:00,0,0.0,0,2,5,0
2020-05-20 01:00:00+00:00,0,0.0,1,2,5,0
2020-05-20 02:00:00+00:00,0,0.0,2,2,5,0
2020-05-20 03:00:00+00:00,0,0.0,3,2,5,0
2020-05-20 04:00:00+00:00,0,0.0,4,2,5,0
2020-05-20 05:00:00+00:00,0,0.0,5,2,5,0
2020-05-20 06:00:00+00:00,0,0.0,6,2,5,0
2020-05-20 07:00:00+00:00,0,0.0,7,2,5,0
2020-05-20 08:00:00+00:00,0,0.0,8,2,5,0
2020-05-20 09:00:00+00:00,0,0.0,9,2,5,0
2020-05-20 10:00:00+00:00,0,0.0,10,2,5,0
2020-05-20 11:00:00+00:00,0,0.0,11,2,5,0
2020-05-20 12:00:00+00:00,0,0.0,12,2,5,0
2020-05-20 13:00:00+00:00,0,0.0,13,2,5,0
2020-05-20 14:00:00+00:00,0,0.0,14,2,5,0
2020-05-20 15:00:00+00:00,0,0.0,15,2,5,0
2020-05-20 16:00:00+00:00,0,0.0,16,2,5,0
2020-05-20 17:00:00+00:00,0,0.0,17,2,5,0
2020-05-20 18:00:00+00:00,0,0.0,18,2,5,0
2020-05-20 19:00:00+00:00,1,6.254,19,2,5,0
2020-05-20 20:00:00+00:00,0,0.0,20,2,5,0
2020-05-20 21:00:00+00:00,0,0.0,21,2,5,0
2020-05-20 22:00:00+00:00,0,0.0,22,2,5,0
2020-05-20 23:00:00+00:00,0,0.0,23,2,5,0
2020-05-21 00:00:00+00:00,0,0.0,0,3,5,0
2020-05-21 01:00:00+00:00,0,0.0,1,3,5,0
2020-05-21 02:00:00+00:00,0,0.0,2,3,5,0
2020-05-21 03:00:00+00:00,0,0.0,3,3,5,0
2020-05-21 04:00:00+00:00,0,0.0,4,3,5,0
2020-05-21 05:00:00+00:00,0,0.0,5,3,5,0
2020-05-21 06:00:00+00:00,0,0.0,6,3,5,0
2020-05-21 07:00:00+00:00,0,0.0,7,3,5,0
2020-05-21 08:00:00+00:00,0,0.0,8,3,5,0
2020-05-21 09:00:00+00:00,0,0.0,9,3,5,0
2020-05-21 10:00:00+00:00,0,0.0,10,3,5,0
2020-05-21 11:00:00+00:00,0,0.0,11,3,5,0
2020-05-21 12:00:00+00:00,0,0.0,12,3,5,0
2020-05-21 13:00:00+00:00,0,0.0,13,3,5,0
2020-05-21 14:00:00+00:00,0,0.0,14,3,5,0
2020-05-21 15:00:00+00:00,0,0.0,15,3,5,0
2020-05-21 16:00:00+00:00,0,0.0,16,3,5,0
2020-05-21 17:00:00+00:00,0,0.0,17,3,5,0
2020-05-21 18:00:00+00:00,0,0.0,18,3,5,0
2020-05-21 19:00:00+00:00,0,0.0,19,3,5,0
2020-05-21 20:00:00+00:00,0,0.0,20,3,5,0
2020-05-21 21:00:00+00:00,0,0.0,21,3,5,0
2020-05-21 22:00:00+00:00,0,0.0,22,3,5,0
2020-05-21 23:00:00+00:00,0,0.0,23,3,5,0
2020-05-22 00:00:00+00:00,0,0.0,0,4,5,0
2020-05-22 01:00:00+00:00,0,0.0,1,4,5,0
2020-05-22 02:00:00+00:00,0,0.0,2,4,5,0
2020-05-22 03:00:00+00:00,0,0.0,3,4,5,0
2020-05-22 04:00:00+00:00,0,0.0,4,4,5,0
2020-05-22 05:00:00+00:00,0,0.0,5,4,5,0
2020-05-22 06:00:00+00:00,0,0.0,6,4,5,0
2020-05-22 07:00:00+00:00,0,0.0,7,4,5,0
2020-05-22 08:00:00+00:00,0,0.0,8,4,5,0
2020-05-22 09:00:00+00:00,0,0.0,9,4,5,0
2020-05-22 10:00:00+00:00,0,0.0,10,4,5,0
2020-05-22 11:00:00+00:00,0,0.0,11,4,5,0
2020-05-22 12:00:00+00:00,0,0.0,12,4,5,0
2020-05-22 13:00:00+00:00,0,0.0,13,4,5,0
2020-05-22 14:00:00+00:00,0,0.0,14,4,5,0
2020-05-22 15:00:00+00:00,0,0.0,15,4,5,0
2020-05-22 16:00:00+00:00,0,0.0,16,4,5,0
2020-05-22 17:00:00+00:00,0,0.0,17,4,5,0
2020-05-22 18:00:00+00:00,0,0.0,18,4,5,0
2020-05-22 19:00:00+00:00,0,0.0,19,4,5,0
2020-05-22 20:00:00+00:00,0,0.0,20,4,5,0
2020-05-22 21:00:00+00:00,0,0.0,21,4,5,0
2020-05-22 22:00:00+00:00,0,0.0,22,4,5,0
2020-05-22 23:00:00+00:00,0,0.0,23,4,5,0
2020-05-23 00:00:00+00:00,0,0.0,0,5,5,1
2020-05-23 01:00:00+00:00,0,0.0,1,5,5,1
2020-05-23 02:00:00+00:00,0,0.0,2,5,5,1
2020-05-23 03:00:00+00:00,0,0.0,3,5,5,1
2020-05-23 04:00:00+00:00,0,0.0,4,5,5,1
2020-05-23 05:00:00+00:00,0,0.0,5,5,5,1
2020-05-23 06:00:00+00:00,0,0.0,6,5,5,1
2020-05-23 07:00:00+00:00,0,0.0,7,5,5,1
2020-05-23 08:00:00+00:00,0,0.0,8,5,5,1
2020-05-23 09:00:00+00:00,0,0.0,9,5,5,1
2020-05-23 10:00:00+00:00,0,0.0,10,5,5,1
2020-05-23 11:00:00+00:00,0,0.0,11,5,5,1
2020-05-23 12:00:00+00:00,0,0.0,12,5,5,1
2020-05-23 13:00:00+00:00,0,0.0,13,5,5,1
2020-05-23 14:00:00+00:00,0,0.0,14,5,5,1
2020-05-23 15:00:00+00:00,0,0.0,15,5,5,1
2020-05-23 16:00:00+00:00,0,0.0,16,5,5,1
2020-05-23 17:00:00+00:00,0,0.0,17,5,5,1
2020-05-23 18:00:00+00:00,0,0.0,18,5,5,1
2020-05-23 19:00:00+00:00,0,0.0,19,5,5,1
2020-05-23 20:00:00+00:00,0,0.0,20,5,5,1
2020-05-23 21:00:00+00:00,0,0.0,21,5,5,1
2020-05-23 22:00:00+00:00,0,0.0,22,5,5,1
2020-05-23 23:00:00+00:00,0,0.0,23,5,5,1
2020-05-24 00:00:00+00:00,0,0.0,0,6,5,1
2020-05-24 01:00:00+00:00,0,0.0,1,6,5,1
2020-05-24 02:00:00+00:00,0,0.0,2,6,5,1
2020-05-24 03:00:00+00:00,0,0.0,3,6,5,1
2020-05-24 04:00:00+00:00,0,0.0,4,6,5,1
2020-05-24 05:00:00+00:00,0,0.0,5,6,5,1
2020-05-24 06:00:00+00:00,0,0.0,6,6,5,1
2020-05-24 07:00:00+00:00,0,0.0,7,6,5,1
2020-05-24 08:00:00+00:00,0,0.0,8,6,5,1
2020-05-24 09:00:00+00:00,0,0.0,9,6,5,1
2020-05-24 10:00:00+00:00,0,0.0,10,6,5,1
2020-05-24 11:00:00+00:00,0,0.0,11,6,5,1
2020-05-24 12:00:00+00:00,0,0.0,12,6,5,1
2020-05-24 13:00:00+00:00,0,0.0,13,6,5,1
2020-05-24 14:00:00+00:00,0,0.0,14,6,5,1
2020-05-24 15:00:00+00:00,0,0.0,15,6,5,1
2020-05-24 16:00:00+00:00,0,0.0,16,6,5,1
2020-05-24 17:00:00+00:00,0,0.0,17,6,5,1
2020-05-24 18:00:00+00:00,0,0.0,18,6,5,1
2020-05-24 19:00:00+00:00,0,0.0,19,6,5,1
2020-05-24 20:00:00+00:00,0,0.0,20,6,5,1
2020-05-24 21:00:00+00:00,0,0.0,21,6,5,1
2020-05-24 22:00:00+00:00,0,0.0,22,6,5,1
2020-05-24 23:00:00+00:00,0,0.0,23,6,5,1
2020-05-25 00:00:00+00:00,0,0.0,0,0,5,0
2020-05-25 01:00:00+00:00,0,0.0,1,0,5,0
2020-05-25 02:00:00+00:00,0,0.0,2,0,5,0
2020-05-25 03:00:00+00:00,0,0.0,3,0,5,0
2020-05-25 04:00:00+00:00,0,0.0,4,0,5,0
2020-05-25 05:00:00+00:00,0,0.0,5,0,5,0
2020-05-25 06:00:00+00:00,0,0.0,6,0,5,0
2020-05-25 07:00:00+00:00,0,0.0,7,0,5,0
2020-05-25 08:00:00+00:00,0,0.0,8,0,5,0
2020-05-25 09:00:00+00:00,0,0.0,9,0,5,0
2020-05-25 10:00:00+00:00,0,0.0,10,0,5,0
2020-05-25 11:00:00+00:00,0,0.0,11,0,5,0
2020-05-25 12:00:00+00:00,0,0.0,12,0,5,0
2020-05-25 13:00:00+00:00,0,0.0,13,0,5,0
2020-05-25 14:00:00+00:00,0,0.0,14,0,5,0
2020-05-25 15:00:00+00:00,0,0.0,15,0,5,0
2020-05-25 16:00:00+00:00,0,0.0,16,0,5,0
2020-05-25 17:00:00+00:00,0,0.0,17,0,5,0
2020-05-25 18:00:00+00:00,0,0.0,18,0,5,0
2020-05-25 19:00:00+00:00,0,0.0,19,0,5,0
2020-05-25 20:00:00+00:00,0,0.0,20,0,5,0
2020-05-25 21:00:00+00:00,0,0.0,21,0,5,0
2020-05-25 22:00:00+00:00,0,0.0,22,0,5,0
2020-05-25 23:00:00+00:00,0,0.0,23,0,5,0
2020-05-26 00:00:00+00:00,0,0.0,0,1,5,0
2020-05-26 01:00:00+00:00,0,0.0,1,1,5,0
2020-05-26 02:00:00+00:00,0,0.0,2,1,5,0
2020-05-26 03:00:00+00:00,0,0.0,3,1,5,0
2020-05-26 04:00:00+00:00,0,0.0,4,1,5,0
2020-05-26 05:00:00+00:00,0,0.0,5,1,5,0
2020-05-26 06:00:00+00:00,0,0.0,6,1,5,0
2020-05-26 07:00:00+00:00,0,0.0,7,1,5,0
2020-05-26 08:00:00+00:00,0,0.0,8,1,5,0
2020-05-26 09:00:00+00:00,0,0.0,9,1,5,0
2020-05-26 10:00:00+00:00,0,0.0,10,1,5,0
2020-05-26 11:00:00+00:00,0,0.0,11,1,5,0
2020-05-26 12:00:00+00:00,0,0.0,12,1,5,0
2020-05-26 13:00:00+00:00,0,0.0,13,1,5,0
2020-05-26 14:00:00+00:00,0,0.0,14,1,5,0
2020-05-26 15:00:00+00:00,0,0.0,15,1,5,0
2020-05-26 16:00:00+00:00,0,0.0,16,1,5,0
2020-05-26 17:00:00+00:00,0,0.0,17,1,5,0
2020-05-26 18:00:00+00:00,0,0.0,18,1,5,0
2020-05-26 19:00:00+00:00,0,0.0,19,1,5,0
2020-05-26 20:00:00+00:00,1,0.82,20,1,5,0
2020-05-26 21:00:00+00:00,0,0.0,21,1,5,0
2020-05-26 22:00:00+00:00,1,0.544,22,1,5,0
2020-05-26 23:00:00+00:00,0,0.0,23,1,5,0
2020-05-27 00:00:00+00:00,0,0.0,0,2,5,0
2020-05-27 01:00:00+00:00,0,0.0,1,2,5,0
2020-05-27 02:00:00+00:00,0,0.0,2,2,5,0
2020-05-27 03:00:00+00:00,0,0.0,3,2,5,0
2020-05-27 04:00:00+00:00,0,0.0,4,2,5,0
2020-05-27 05:00:00+00:00,0,0.0,5,2,5,0
2020-05-27 06:00:00+00:00,0,0.0,6,2,5,0
2020-05-27 07:00:00+00:00,0,0.0,7,2,5,0
2020-05-27 08:00:00+00:00,0,0.0,8,2,5,0
2020-05-27 09:00:00+00:00,0,0.0,9,2,5,0
2020-05-27 10:00:00+00:00,0,0.0,10,2,5,0
2020-05-27 11:00:00+00:00,0,0.0,11,2,5,0
2020-05-27 12:00:00+00:00,0,0.0,12,2,5,0
2020-05-27 13:00:00+00:00,0,0.0,13,2,5,0
2020-05-27 14:00:00+00:00,0,0.0,14,2,5,0
2020-05-27 15:00:00+00:00,0,0.0,15,2,5,0
2020-05-27 16:00:00+00:00,1,19.086,16,2,5,0
2020-05-27 17:00:00+00:00,0,0.0,17,2,5,0
2020-05-27 18:00:00+00:00,0,0.0,18,2,5,0
2020-05-27 19:00:00+00:00,0,0.0,19,2,5,0
2020-05-27 20:00:00+00:00,0,0.0,20,2,5,0
2020-05-27 21:00:00+00:00,0,0.0,21,2,5,0
2020-05-27 22:00:00+00:00,0,0.0,22,2,5,0
2020-05-27 23:00:00+00:00,0,0.0,23,2,5,0
2020-05-28 00:00:00+00:00,0,0.0,0,3,5,0
2020-05-28 01:00:00+00:00,0,0.0,1,3,5,0
2020-05-28 02:00:00+00:00,0,0.0,2,3,5,0
2020-05-28 03:00:00+00:00,0,0.0,3,3,5,0
2020-05-28 04:00:00+00:00,0,0.0,4,3,5,0
2020-05-28 05:00:00+00:00,0,0.0,5,3,5,0
2020-05-28 06:00:00+00:00,0,0.0,6,3,5,0
2020-05-28 07:00:00+00:00,0,0.0,7,3,5,0
2020-05-28 08:00:00+00:00,0,0.0,8,3,5,0
2020-05-28 09:00:00+00:00,0,0.0,9,3,5,0
2020-05-28 10:00:00+00:00,0,0.0,10,3,5,0
2020-05-28 11:00:00+00:00,0,0.0,11,3,5,0
2020-05-28 12:00:00+00:00,0,0.0,12,3,5,0
2020-05-28 13:00:00+00:00,0,0.0,13,3,5,0
2020-05-28 14:00:00+00:00,0,0.0,14,3,5,0
2020-05-28 15:00:00+00:00,0,0.0,15,3,5,0
2020-05-28 16:00:00+00:00,0,0.0,16,3,5,0
2020-05-28 17:00:00+00:00,0,0.0,17,3,5,0
2020-05-28 18:00:00+00:00,0,0.0,18,3,5,0
2020-05-28 19:00:00+00:00,0,0.0,19,3,5,0
2020-05-28 20:00:00+00:00,0,0.0,20,3,5,0
2020-05-28 21:00:00+00:00,0,0.0,21,3,5,0
2020-05-28 22:00:00+00:00,0,0.0,22,3,5,0
2020-05-28 23:00:00+00:00,0,0.0,23,3,5,0
2020-05-29 00:00:00+00:00,0,0.0,0,4,5,0
2020-05-29 01:00:00+00:00,0,0.0,1,4,5,0
2020-05-29 02:00:00+00:00,0,0.0,2,4,5,0
2020-05-29 03:00:00+00:00,0,0.0,3,4,5,0
2020-05-29 04:00:00+00:00,0,0.0,4,4,5,0
2020-05-29 05:00:00+00:00,0,0.0,5,4,5,0
2020-05-29 06:00:00+00:00,0,0.0,6,4,5,0
2020-05-29 07:00:00+00:00,0,0.0,7,4,5,0
2020-05-29 08:00:00+00:00,0,0.0,8,4,5,0
2020-05-29 09:00:00+00:00,0,0.0,9,4,5,0
2020-05-29 10:00:00+00:00,0,0.0,10,4,5,0
2020-05-29 11:00:00+00:00,0,0.0,11,4,5,0
2020-05-29 12:00:00+00:00,0,0.0,12,4,5,0
2020-05-29 13:00:00+00:00,0,0.0,13,4,5,0
2020-05-29 14:00:00+00:00,0,0.0,14,4,5,0
2020-05-29 15:00:00+00:00,0,0.0,15,4,5,0
2020-05-29 16:00:00+00:00,1,0.591,16,4,5,0
2020-05-29 17:00:00+00:00,0,0.0,17,4,5,0
2020-05-29 18:00:00+00:00,0,0.0,18,4,5,0
2020-05-29 19:00:00+00:00,0,0.0,19,4,5,0
2020-05-29 20:00:00+00:00,0,0.0,20,4,5,0
2020-05-29 21:00:00+00:00,0,0.0,21,4,5,0
2020-05-29 22:00:00+00:00,0,0.0,22,4,5,0
2020-05-29 23:00:00+00:00,0,0.0,23,4,5,0
2020-05-30 00:00:00+00:00,0,0.0,0,5,5,1
2020-05-30 01:00:00+00:00,0,0.0,1,5,5,1
2020-05-30 02:00:00+00:00,0,0.0,2,5,5,1
2020-05-30 03:00:00+00:00,0,0.0,3,5,5,1
2020-05-30 04:00:00+00:00,0,0.0,4,5,5,1
2020-05-30 05:00:00+00:00,0,0.0,5,5,5,1
2020-05-30 06:00:00+00:00,0,0.0,6,5,5,1
2020-05-30 07:00:00+00:00,0,0.0,7,5,5,1
2020-05-30 08:00:00+00:00,0,0.0,8,5,5,1
2020-05-30 09:00:00+00:00,0,0.0,9,5,5,1
2020-05-30 10:00:00+00:00,0,0.0,10,5,5,1
2020-05-30 11:00:00+00:00,0,0.0,11,5,5,1
2020-05-30 12:00:00+00:00,0,0.0,12,5,5,1
2020-05-30 13:00:00+00:00,0,0.0,13,5,5,1
2020-05-30 14:00:00+00:00,0,0.0,14,5,5,1
2020-05-30 15:00:00+00:00,0,0.0,15,5,5,1
2020-05-30 16:00:00+00:00,0,0.0,16,5,5,1
2020-05-30 17:00:00+00:00,0,0.0,17,5,5,1
2020-05-30 18:00:00+00:00,0,0.0,18,5,5,1
2020-05-30 19:00:00+00:00,0,0.0,19,5,5,1
2020-05-30 20:00:00+00:00,0,0.0,20,5,5,1
2020-05-30 21:00:00+00:00,0,0.0,21,5,5,1
2020-05-30 22:00:00+00:00,0,0.0,22,5,5,1
2020-05-30 23:00:00+00:00,0,0.0,23,5,5,1
2020-05-31 00:00:00+00:00,0,0.0,0,6,5,1
2020-05-31 01:00:00+00:00,0,0.0,1,6,5,1
2020-05-31 02:00:00+00:00,0,0.0,2,6,5,1
2020-05-31 03:00:00+00:00,0,0.0,3,6,5,1
2020-05-31 04:00:00+00:00,0,0.0,4,6,5,1
2020-05-31 05:00:00+00:00,0,0.0,5,6,5,1
2020-05-31 06:00:00+00:00,0,0.0,6,6,5,1
2020-05-31 07:00:00+00:00,0,0.0,7,6,5,1
2020-05-31 08:00:00+00:00,0,0.0,8,6,5,1
2020-05-31 09:00:00+00:00,0,0.0,9,6,5,1
2020-05-31 10:00:00+00:00,0,0.0,10,6,5,1
2020-05-31 11:00:00+00:00,0,0.0,11,6,5,1
2020-05-31 12:00:00+00:00,0,0.0,12,6,5,1
2020-05-31 13:00:00+00:00,0,0.0,13,6,5,1
2020-05-31 14:00:00+00:00,0,0.0,14,6,5,1
2020-05-31 15:00:00+00:00,0,0.0,15,6,5,1
2020-05-31 16:00:00+00:00,0,0.0,16,6,5,1
2020-05-31 17:00:00+00:00,0,0.0,17,6,5,1
2020-05-31 18:00:00+00:00,0,0.0,18,6,5,1
2020-05-31 19:00:00+00:00,0,0.0,19,6,5,1
2020-05-31 20:00:00+00:00,0,0.0,20,6,5,1
2020-05-31 21:00:00+00:00,0,0.0,21,6,5,1
2020-05-31 22:00:00+00:00,0,0.0,22,6,5,1
2020-05-31 23:00:00+00:00,0,0.0,23,6,5,1
2020-06-01 00:00:00+00:00,0,0.0,0,0,6,0
2020-06-01 01:00:00+00:00,0,0.0,1,0,6,0
2020-06-01 02:00:00+00:00,0,0.0,2,0,6,0
2020-06-01 03:00:00+00:00,0,0.0,3,0,6,0
2020-06-01 04:00:00+00:00,0,0.0,4,0,6,0
2020-06-01 05:00:00+00:00,0,0.0,5,0,6,0
2020-06-01 06:00:00+00:00,0,0.0,6,0,6,0
2020-06-01 07:00:00+00:00,0,0.0,7,0,6,0
2020-06-01 08:00:00+00:00,0,0.0,8,0,6,0
2020-06-01 09:00:00+00:00,0,0.0,9,0,6,0
2020-06-01 10:00:00+00:00,0,0.0,10,0,6,0
2020-06-01 11:00:00+00:00,0,0.0,11,0,6,0
2020-06-01 12:00:00+00:00,0,0.0,12,0,6,0
2020-06-01 13:00:00+00:00,0,0.0,13,0,6,0
2020-06-01 14:00:00+00:00,0,0.0,14,0,6,0
2020-06-01 15:00:00+00:00,0,0.0,15,0,6,0
2020-06-01 16:00:00+00:00,0,0.0,16,0,6,0
2020-06-01 17:00:00+00:00,0,0.0,17,0,6,0
2020-06-01 18:00:00+00:00,0,0.0,18,0,6,0
2020-06-01 19:00:00+00:00,1,6.202,19,0,6,0
2020-06-01 20:00:00+00:00,0,0.0,20,0,6,0
2020-06-01 21:00:00+00:00,0,0.0,21,0,6,0
2020-06-01 22:00:00+00:00,0,0.0,22,0,6,0
2020-06-01 23:00:00+00:00,0,0.0,23,0,6,0
2020-06-02 00:00:00+00:00,0,0.0,0,1,6,0
2020-06-02 01:00:00+00:00,0,0.0,1,1,6,0
2020-06-02 02:00:00+00:00,0,0.0,2,1,6,0
2020-06-02 03:00:00+00:00,0,0.0,3,1,6,0
2020-06-02 04:00:00+00:00,0,0.0,4,1,6,0
2020-06-02 05:00:00+00:00,0,0.0,5,1,6,0
2020-06-02 06:00:00+00:00,0,0.0,6,1,6,0
2020-06-02 07:00:00+00:00,0,0.0,7,1,6,0
2020-06-02 08:00:00+00:00,0,0.0,8,1,6,0
2020-06-02 09:00:00+00:00,0,0.0,9,1,6,0
2020-06-02 10:00:00+00:00,0,0.0,10,1,6,0
2020-06-02 11:00:00+00:00,0,0.0,11,1,6,0
2020-06-02 12:00:00+00:00,0,0.0,12,1,6,0
2020-06-02 13:00:00+00:00,0,0.0,13,1,6,0
2020-06-02 14:00:00+00:00,0,0.0,14,1,6,0
2020-06-02 15:00:00+00:00,0,0.0,15,1,6,0
2020-06-02 16:00:00+00:00,0,0.0,16,1,6,0
2020-06-02 17:00:00+00:00,0,0.0,17,1,6,0
2020-06-02 18:00:00+00:00,0,0.0,18,1,6,0
2020-06-02 19:00:00+00:00,0,0.0,19,1,6,0
2020-06-02 20:00:00+00:00,0,0.0,20,1,6,0
2020-06-02 21:00:00+00:00,0,0.0,21,1,6,0
2020-06-02 22:00:00+00:00,0,0.0,22,1,6,0
2020-06-02 23:00:00+00:00,0,0.0,23,1,6,0
2020-06-03 00:00:00+00:00,0,0.0,0,2,6,0
2020-06-03 01:00:00+00:00,0,0.0,1,2,6,0
2020-06-03 02:00:00+00:00,0,0.0,2,2,6,0
2020-06-03 03:00:00+00:00,0,0.0,3,2,6,0
2020-06-03 04:00:00+00:00,0,0.0,4,2,6,0
2020-06-03 05:00:00+00:00,0,0.0,5,2,6,0
2020-06-03 06:00:00+00:00,0,0.0,6,2,6,0
2020-06-03 07:00:00+00:00,0,0.0,7,2,6,0
2020-06-03 08:00:00+00:00,0,0.0,8,2,6,0
2020-06-03 09:00:00+00:00,0,0.0,9,2,6,0
2020-06-03 10:00:00+00:00,0,0.0,10,2,6,0
2020-06-03 11:00:00+00:00,0,0.0,11,2,6,0
2020-06-03 12:00:00+00:00,0,0.0,12,2,6,0
2020-06-03 13:00:00+00:00,0,0.0,13,2,6,0
2020-06-03 14:00:00+00:00,0,0.0,14,2,6,0
2020-06-03 15:00:00+00:00,0,0.0,15,2,6,0
2020-06-03 16:00:00+00:00,0,0.0,16,2,6,0
2020-06-03 17:00:00+00:00,0,0.0,17,2,6,0
2020-06-03 18:00:00+00:00,0,0.0,18,2,6,0
2020-06-03 19:00:00+00:00,1,36.333,19,2,6,0
2020-06-03 20:00:00+00:00,0,0.0,20,2,6,0
2020-06-03 21:00:00+00:00,0,0.0,21,2,6,0
2020-06-03 22:00:00+00:00,0,0.0,22,2,6,0
2020-06-03 23:00:00+00:00,0,0.0,23,2,6,0
2020-06-04 00:00:00+00:00,0,0.0,0,3,6,0
2020-06-04 01:00:00+00:00,0,0.0,1,3,6,0
2020-06-04 02:00:00+00:00,0,0.0,2,3,6,0
2020-06-04 03:00:00+00:00,1,36.584,3,3,6,0
2020-06-04 04:00:00+00:00,0,0.0,4,3,6,0
2020-06-04 05:00:00+00:00,0,0.0,5,3,6,0
2020-06-04 06:00:00+00:00,0,0.0,6,3,6,0
2020-06-04 07:00:00+00:00,0,0.0,7,3,6,0
2020-06-04 08:00:00+00:00,0,0.0,8,3,6,0
2020-06-04 09:00:00+00:00,0,0.0,9,3,6,0
2020-06-04 10:00:00+00:00,0,0.0,10,3,6,0
2020-06-04 11:00:00+00:00,0,0.0,11,3,6,0
2020-06-04 12:00:00+00:00,0,0.0,12,3,6,0
2020-06-04 13:00:00+00:00,0,0.0,13,3,6,0
2020-06-04 14:00:00+00:00,0,0.0,14,3,6,0
2020-06-04 15:00:00+00:00,1,19.641,15,3,6,0
2020-06-04 16:00:00+00:00,0,0.0,16,3,6,0
2020-06-04 17:00:00+00:00,0,0.0,17,3,6,0
2020-06-04 18:00:00+00:00,0,0.0,18,3,6,0
2020-06-04 19:00:00+00:00,0,0.0,19,3,6,0
2020-06-04 20:00:00+00:00,0,0.0,20,3,6,0
2020-06-04 21:00:00+00:00,0,0.0,21,3,6,0
2020-06-04 22:00:00+00:00,0,0.0,22,3,6,0
2020-06-04 23:00:00+00:00,0,0.0,23,3,6,0
2020-06-05 00:00:00+00:00,1,1.247,0,4,6,0
2020-06-05 01:00:00+00:00,0,0.0,1,4,6,0
2020-06-05 02:00:00+00:00,0,0.0,2,4,6,0
2020-06-05 03:00:00+00:00,0,0.0,3,4,6,0
2020-06-05 04:00:00+00:00,0,0.0,4,4,6,0
2020-06-05 05:00:00+00:00,0,0.0,5,4,6,0
2020-06-05 06:00:00+00:00,0,0.0,6,4,6,0
2020-06-05 07:00:00+00:00,0,0.0,7,4,6,0
2020-06-05 08:00:00+00:00,0,0.0,8,4,6,0
2020-06-05 09:00:00+00:00,0,0.0,9,4,6,0
2020-06-05 10:00:00+00:00,0,0.0,10,4,6,0
2020-06-05 11:00:00+00:00,0,0.0,11,4,6,0
2020-06-05 12:00:00+00:00,0,0.0,12,4,6,0
2020-06-05 13:00:00+00:00,0,0.0,13,4,6,0
2020-06-05 14:00:00+00:00,0,0.0,14,4,6,0
2020-06-05 15:00:00+00:00,0,0.0,15,4,6,0
2020-06-05 16:00:00+00:00,0,0.0,16,4,6,0
2020-06-05 17:00:00+00:00,0,0.0,17,4,6,0
2020-06-05 18:00:00+00:00,0,0.0,18,4,6,0
2020-06-05 19:00:00+00:00,0,0.0,19,4,6,0
2020-06-05 20:00:00+00:00,0,0.0,20,4,6,0
2020-06-05 21:00:00+00:00,0,0.0,21,4,6,0
2020-06-05 22:00:00+00:00,0,0.0,22,4,6,0
2020-06-05 23:00:00+00:00,0,0.0,23,4,6,0
2020-06-06 00:00:00+00:00,0,0.0,0,5,6,1
2020-06-06 01:00:00+00:00,0,0.0,1,5,6,1
2020-06-06 02:00:00+00:00,0,0.0,2,5,6,1
2020-06-06 03:00:00+00:00,0,0.0,3,5,6,1
2020-06-06 04:00:00+00:00,0,0.0,4,5,6,1
2020-06-06 05:00:00+00:00,0,0.0,5,5,6,1
2020-06-06 06:00:00+00:00,0,0.0,6,5,6,1
2020-06-06 07:00:00+00:00,0,0.0,7,5,6,1
2020-06-06 08:00:00+00:00,0,0.0,8,5,6,1
2020-06-06 09:00:00+00:00,0,0.0,9,5,6,1
2020-06-06 10:00:00+00:00,0,0.0,10,5,6,1
2020-06-06 11:00:00+00:00,0,0.0,11,5,6,1
2020-06-06 12:00:00+00:00,0,0.0,12,5,6,1
2020-06-06 13:00:00+00:00,0,0.0,13,5,6,1
2020-06-06 14:00:00+00:00,0,0.0,14,5,6,1
2020-06-06 15:00:00+00:00,0,0.0,15,5,6,1
2020-06-06 16:00:00+00:00,0,0.0,16,5,6,1
2020-06-06 17:00:00+00:00,0,0.0,17,5,6,1
2020-06-06 18:00:00+00:00,0,0.0,18,5,6,1
2020-06-06 19:00:00+00:00,0,0.0,19,5,6,1
2020-06-06 20:00:00+00:00,0,0.0,20,5,6,1
2020-06-06 21:00:00+00:00,0,0.0,21,5,6,1
2020-06-06 22:00:00+00:00,0,0.0,22,5,6,1
2020-06-06 23:00:00+00:00,0,0.0,23,5,6,1
2020-06-07 00:00:00+00:00,0,0.0,0,6,6,1
2020-06-07 01:00:00+00:00,0,0.0,1,6,6,1
2020-06-07 02:00:00+00:00,0,0.0,2,6,6,1
2020-06-07 03:00:00+00:00,1,30.234,3,6,6,1
2020-06-07 04:00:00+00:00,0,0.0,4,6,6,1
2020-06-07 05:00:00+00:00,0,0.0,5,6,6,1
2020-06-07 06:00:00+00:00,0,0.0,6,6,6,1
2020-06-07 07:00:00+00:00,0,0.0,7,6,6,1
2020-06-07 08:00:00+00:00,0,0.0,8,6,6,1
2020-06-07 09:00:00+00:00,0,0.0,9,6,6,1
2020-06-07 10:00:00+00:00,0,0.0,10,6,6,1
2020-06-07 11:00:00+00:00,0,0.0,11,6,6,1
2020-06-07 12:00:00+00:00,0,0.0,12,6,6,1
2020-06-07 13:00:00+00:00,0,0.0,13,6,6,1
2020-06-07 14:00:00+00:00,0,0.0,14,6,6,1
2020-06-07 15:00:00+00:00,0,0.0,15,6,6,1
2020-06-07 16:00:00+00:00,0,0.0,16,6,6,1
2020-06-07 17:00:00+00:00,0,0.0,17,6,6,1
2020-06-07 18:00:00+00:00,0,0.0,18,6,6,1
2020-06-07 19:00:00+00:00,0,0.0,19,6,6,1
2020-06-07 20:00:00+00:00,0,0.0,20,6,6,1
2020-06-07 21:00:00+00:00,0,0.0,21,6,6,1
2020-06-07 22:00:00+00:00,0,0.0,22,6,6,1
2020-06-07 23:00:00+00:00,0,0.0,23,6,6,1
2020-06-08 00:00:00+00:00,0,0.0,0,0,6,0
2020-06-08 01:00:00+00:00,1,0.814,1,0,6,0
2020-06-08 02:00:00+00:00,0,0.0,2,0,6,0
2020-06-08 03:00:00+00:00,0,0.0,3,0,6,0
2020-06-08 04:00:00+00:00,0,0.0,4,0,6,0
2020-06-08 05:00:00+00:00,0,0.0,5,0,6,0
2020-06-08 06:00:00+00:00,0,0.0,6,0,6,0
2020-06-08 07:00:00+00:00,0,0.0,7,0,6,0
2020-06-08 08:00:00+00:00,0,0.0,8,0,6,0
2020-06-08 09:00:00+00:00,0,0.0,9,0,6,0
2020-06-08 10:00:00+00:00,0,0.0,10,0,6,0
2020-06-08 11:00:00+00:00,0,0.0,11,0,6,0
2020-06-08 12:00:00+00:00,0,0.0,12,0,6,0
2020-06-08 13:00:00+00:00,0,0.0,13,0,6,0
2020-06-08 14:00:00+00:00,0,0.0,14,0,6,0
2020-06-08 15:00:00+00:00,0,0.0,15,0,6,0
2020-06-08 16:00:00+00:00,2,49.651,16,0,6,0
2020-06-08 17:00:00+00:00,0,0.0,17,0,6,0
2020-06-08 18:00:00+00:00,0,0.0,18,0,6,0
2020-06-08 19:00:00+00:00,0,0.0,19,0,6,0
2020-06-08 20:00:00+00:00,0,0.0,20,0,6,0
2020-06-08 21:00:00+00:00,0,0.0,21,0,6,0
2020-06-08 22:00:00+00:00,0,0.0,22,0,6,0
2020-06-08 23:00:00+00:00,0,0.0,23,0,6,0
2020-06-09 00:00:00+00:00,0,0.0,0,1,6,0
2020-06-09 01:00:00+00:00,0,0.0,1,1,6,0
2020-06-09 02:00:00+00:00,0,0.0,2,1,6,0
2020-06-09 03:00:00+00:00,0,0.0,3,1,6,0
2020-06-09 04:00:00+00:00,0,0.0,4,1,6,0
2020-06-09 05:00:00+00:00,0,0.0,5,1,6,0
2020-06-09 06:00:00+00:00,0,0.0,6,1,6,0
2020-06-09 07:00:00+00:00,0,0.0,7,1,6,0
2020-06-09 08:00:00+00:00,0,0.0,8,1,6,0
2020-06-09 09:00:00+00:00,0,0.0,9,1,6,0
2020-06-09 10:00:00+00:00,0,0.0,10,1,6,0
2020-06-09 11:00:00+00:00,0,0.0,11,1,6,0
2020-06-09 12:00:00+00:00,0,0.0,12,1,6,0
2020-06-09 13:00:00+00:00,0,0.0,13,1,6,0
2020-06-09 14:00:00+00:00,0,0.0,14,1,6,0
2020-06-09 15:00:00+00:00,0,0.0,15,1,6,0
2020-06-09 16:00:00+00:00,1,14.06,16,1,6,0
2020-06-09 17:00:00+00:00,0,0.0,17,1,6,0
2020-06-09 18:00:00+00:00,0,0.0,18,1,6,0
2020-06-09 19:00:00+00:00,0,0.0,19,1,6,0
2020-06-09 20:00:00+00:00,0,0.0,20,1,6,0
2020-06-09 21:00:00+00:00,0,0.0,21,1,6,0
2020-06-09 22:00:00+00:00,0,0.0,22,1,6,0
2020-06-09 23:00:00+00:00,0,0.0,23,1,6,0
2020-06-10 00:00:00+00:00,0,0.0,0,2,6,0
2020-06-10 01:00:00+00:00,0,0.0,1,2,6,0
2020-06-10 02:00:00+00:00,0,0.0,2,2,6,0
2020-06-10 03:00:00+00:00,0,0.0,3,2,6,0
2020-06-10 04:00:00+00:00,0,0.0,4,2,6,0
2020-06-10 05:00:00+00:00,0,0.0,5,2,6,0
2020-06-10 06:00:00+00:00,0,0.0,6,2,6,0
2020-06-10 07:00:00+00:00,0,0.0,7,2,6,0
2020-06-10 08:00:00+00:00,0,0.0,8,2,6,0
2020-06-10 09:00:00+00:00,0,0.0,9,2,6,0
2020-06-10 10:00:00+00:00,0,0.0,10,2,6,0
2020-06-10 11:00:00+00:00,0,0.0,11,2,6,0
2020-06-10 12:00:00+00:00,0,0.0,12,2,6,0
2020-06-10 13:00:00+00:00,0,0.0,13,2,6,0
2020-06-10 14:00:00+00:00,0,0.0,14,2,6,0
2020-06-10 15:00:00+00:00,0,0.0,15,2,6,0
2020-06-10 16:00:00+00:00,0,0.0,16,2,6,0
2020-06-10 17:00:00+00:00,0,0.0,17,2,6,0
2020-06-10 18:00:00+00:00,0,0.0,18,2,6,0
2020-06-10 19:00:00+00:00,0,0.0,19,2,6,0
2020-06-10 20:00:00+00:00,0,0.0,20,2,6,0
2020-06-10 21:00:00+00:00,0,0.0,21,2,6,0
2020-06-10 22:00:00+00:00,0,0.0,22,2,6,0
2020-06-10 23:00:00+00:00,0,0.0,23,2,6,0
2020-06-11 00:00:00+00:00,0,0.0,0,3,6,0
2020-06-11 01:00:00+00:00,0,0.0,1,3,6,0
2020-06-11 02:00:00+00:00,0,0.0,2,3,6,0
2020-06-11 03:00:00+00:00,0,0.0,3,3,6,0
2020-06-11 04:00:00+00:00,0,0.0,4,3,6,0
2020-06-11 05:00:00+00:00,0,0.0,5,3,6,0
2020-06-11 06:00:00+00:00,0,0.0,6,3,6,0
2020-06-11 07:00:00+00:00,0,0.0,7,3,6,0
2020-06-11 08:00:00+00:00,0,0.0,8,3,6,0
2020-06-11 09:00:00+00:00,0,0.0,9,3,6,0
2020-06-11 10:00:00+00:00,0,0.0,10,3,6,0
2020-06-11 11:00:00+00:00,0,0.0,11,3,6,0
2020-06-11 12:00:00+00:00,0,0.0,12,3,6,0
2020-06-11 13:00:00+00:00,0,0.0,13,3,6,0
2020-06-11 14:00:00+00:00,0,0.0,14,3,6,0
2020-06-11 15:00:00+00:00,0,0.0,15,3,6,0
2020-06-11 16:00:00+00:00,0,0.0,16,3,6,0
2020-06-11 17:00:00+00:00,0,0.0,17,3,6,0
2020-06-11 18:00:00+00:00,0,0.0,18,3,6,0
2020-06-11 19:00:00+00:00,0,0.0,19,3,6,0
2020-06-11 20:00:00+00:00,1,2.494,20,3,6,0
2020-06-11 21:00:00+00:00,0,0.0,21,3,6,0
2020-06-11 22:00:00+00:00,0,0.0,22,3,6,0
2020-06-11 23:00:00+00:00,0,0.0,23,3,6,0
2020-06-12 00:00:00+00:00,0,0.0,0,4,6,0
2020-06-12 01:00:00+00:00,0,0.0,1,4,6,0
2020-06-12 02:00:00+00:00,0,0.0,2,4,6,0
2020-06-12 03:00:00+00:00,0,0.0,3,4,6,0
2020-06-12 04:00:00+00:00,0,0.0,4,4,6,0
2020-06-12 05:00:00+00:00,0,0.0,5,4,6,0
2020-06-12 06:00:00+00:00,0,0.0,6,4,6,0
2020-06-12 07:00:00+00:00,0,0.0,7,4,6,0
2020-06-12 08:00:00+00:00,0,0.0,8,4,6,0
2020-06-12 09:00:00+00:00,0,0.0,9,4,6,0
2020-06-12 10:00:00+00:00,0,0.0,10,4,6,0
2020-06-12 11:00:00+00:00,0,0.0,11,4,6,0
2020-06-12 12:00:00+00:00,0,0.0,12,4,6,0
2020-06-12 13:00:00+00:00,0,0.0,13,4,6,0
2020-06-12 14:00:00+00:00,1,0.51,14,4,6,0
2020-06-12 15:00:00+00:00,0,0.0,15,4,6,0
2020-06-12 16:00:00+00:00,0,0.0,16,4,6,0
2020-06-12 17:00:00+00:00,0,0.0,17,4,6,0
2020-06-12 18:00:00+00:00,0,0.0,18,4,6,0
2020-06-12 19:00:00+00:00,0,0.0,19,4,6,0
2020-06-12 20:00:00+00:00,0,0.0,20,4,6,0
2020-06-12 21:00:00+00:00,1,2.32,21,4,6,0
2020-06-12 22:00:00+00:00,0,0.0,22,4,6,0
2020-06-12 23:00:00+00:00,0,0.0,23,4,6,0
2020-06-13 00:00:00+00:00,0,0.0,0,5,6,1
2020-06-13 01:00:00+00:00,0,0.0,1,5,6,1
2020-06-13 02:00:00+00:00,0,0.0,2,5,6,1
2020-06-13 03:00:00+00:00,0,0.0,3,5,6,1
2020-06-13 04:00:00+00:00,0,0.0,4,5,6,1
2020-06-13 05:00:00+00:00,0,0.0,5,5,6,1
2020-06-13 06:00:00+00:00,0,0.0,6,5,6,1
2020-06-13 07:00:00+00:00,0,0.0,7,5,6,1
2020-06-13 08:00:00+00:00,0,0.0,8,5,6,1
2020-06-13 09:00:00+00:00,0,0.0,9,5,6,1
2020-06-13 10:00:00+00:00,0,0.0,10,5,6,1
2020-06-13 11:00:00+00:00,0,0.0,11,5,6,1
2020-06-13 12:00:00+00:00,0,0.0,12,5,6,1
2020-06-13 13:00:00+00:00,0,0.0,13,5,6,1
2020-06-13 14:00:00+00:00,0,0.0,14,5,6,1
2020-06-13 15:00:00+00:00,0,0.0,15,5,6,1
2020-06-13 16:00:00+00:00,0,0.0,16,5,6,1
2020-06-13 17:00:00+00:00,0,0.0,17,5,6,1
2020-06-13 18:00:00+00:00,0,0.0,18,5,6,1
2020-06-13 19:00:00+00:00,1,35.548,19,5,6,1
2020-06-13 20:00:00+00:00,0,0.0,20,5,6,1
2020-06-13 21:00:00+00:00,0,0.0,21,5,6,1
2020-06-13 22:00:00+00:00,0,0.0,22,5,6,1
2020-06-13 23:00:00+00:00,0,0.0,23,5,6,1
2020-06-14 00:00:00+00:00,0,0.0,0,6,6,1
2020-06-14 01:00:00+00:00,0,0.0,1,6,6,1
2020-06-14 02:00:00+00:00,0,0.0,2,6,6,1
2020-06-14 03:00:00+00:00,1,17.283,3,6,6,1
2020-06-14 04:00:00+00:00,0,0.0,4,6,6,1
2020-06-14 05:00:00+00:00,0,0.0,5,6,6,1
2020-06-14 06:00:00+00:00,0,0.0,6,6,6,1
2020-06-14 07:00:00+00:00,0,0.0,7,6,6,1
2020-06-14 08:00:00+00:00,0,0.0,8,6,6,1
2020-06-14 09:00:00+00:00,0,0.0,9,6,6,1
2020-06-14 10:00:00+00:00,0,0.0,10,6,6,1
2020-06-14 11:00:00+00:00,0,0.0,11,6,6,1
2020-06-14 12:00:00+00:00,0,0.0,12,6,6,1
2020-06-14 13:00:00+00:00,0,0.0,13,6,6,1
2020-06-14 14:00:00+00:00,0,0.0,14,6,6,1
2020-06-14 15:00:00+00:00,0,0.0,15,6,6,1
2020-06-14 16:00:00+00:00,0,0.0,16,6,6,1
2020-06-14 17:00:00+00:00,0,0.0,17,6,6,1
2020-06-14 18:00:00+00:00,0,0.0,18,6,6,1
2020-06-14 19:00:00+00:00,0,0.0,19,6,6,1
2020-06-14 20:00:00+00:00,0,0.0,20,6,6,1
2020-06-14 21:00:00+00:00,0,0.0,21,6,6,1
2020-06-14 22:00:00+00:00,0,0.0,22,6,6,1
2020-06-14 23:00:00+00:00,0,0.0,23,6,6,1
2020-06-15 00:00:00+00:00,0,0.0,0,0,6,0
2020-06-15 01:00:00+00:00,0,0.0,1,0,6,0
2020-06-15 02:00:00+00:00,0,0.0,2,0,6,0
2020-06-15 03:00:00+00:00,0,0.0,3,0,6,0
2020-06-15 04:00:00+00:00,0,0.0,4,0,6,0
2020-06-15 05:00:00+00:00,0,0.0,5,0,6,0
2020-06-15 06:00:00+00:00,0,0.0,6,0,6,0
2020-06-15 07:00:00+00:00,0,0.0,7,0,6,0
2020-06-15 08:00:00+00:00,0,0.0,8,0,6,0
2020-06-15 09:00:00+00:00,0,0.0,9,0,6,0
2020-06-15 10:00:00+00:00,0,0.0,10,0,6,0
2020-06-15 11:00:00+00:00,0,0.0,11,0,6,0
2020-06-15 12:00:00+00:00,0,0.0,12,0,6,0
2020-06-15 13:00:00+00:00,0,0.0,13,0,6,0
2020-06-15 14:00:00+00:00,0,0.0,14,0,6,0
2020-06-15 15:00:00+00:00,0,0.0,15,0,6,0
2020-06-15 16:00:00+00:00,0,0.0,16,0,6,0
2020-06-15 17:00:00+00:00,0,0.0,17,0,6,0
2020-06-15 18:00:00+00:00,0,0.0,18,0,6,0
2020-06-15 19:00:00+00:00,0,0.0,19,0,6,0
2020-06-15 20:00:00+00:00,0,0.0,20,0,6,0
2020-06-15 21:00:00+00:00,0,0.0,21,0,6,0
2020-06-15 22:00:00+00:00,0,0.0,22,0,6,0
2020-06-15 23:00:00+00:00,0,0.0,23,0,6,0
2020-06-16 00:00:00+00:00,0,0.0,0,1,6,0
2020-06-16 01:00:00+00:00,0,0.0,1,1,6,0
2020-06-16 02:00:00+00:00,0,0.0,2,1,6,0
2020-06-16 03:00:00+00:00,0,0.0,3,1,6,0
2020-06-16 04:00:00+00:00,0,0.0,4,1,6,0
2020-06-16 05:00:00+00:00,0,0.0,5,1,6,0
2020-06-16 06:00:00+00:00,0,0.0,6,1,6,0
2020-06-16 07:00:00+00:00,0,0.0,7,1,6,0
2020-06-16 08:00:00+00:00,0,0.0,8,1,6,0
2020-06-16 09:00:00+00:00,0,0.0,9,1,6,0
2020-06-16 10:00:00+00:00,0,0.0,10,1,6,0
2020-06-16 11:00:00+00:00,0,0.0,11,1,6,0
2020-06-16 12:00:00+00:00,0,0.0,12,1,6,0
2020-06-16 13:00:00+00:00,0,0.0,13,1,6,0
2020-06-16 14:00:00+00:00,0,0.0,14,1,6,0
2020-06-16 15:00:00+00:00,0,0.0,15,1,6,0
2020-06-16 16:00:00+00:00,0,0.0,16,1,6,0
2020-06-16 17:00:00+00:00,0,0.0,17,1,6,0
2020-06-16 18:00:00+00:00,0,0.0,18,1,6,0
2020-06-16 19:00:00+00:00,0,0.0,19,1,6,0
2020-06-16 20:00:00+00:00,0,0.0,20,1,6,0
2020-06-16 21:00:00+00:00,0,0.0,21,1,6,0
2020-06-16 22:00:00+00:00,0,0.0,22,1,6,0
2020-06-16 23:00:00+00:00,0,0.0,23,1,6,0
2020-06-17 00:00:00+00:00,0,0.0,0,2,6,0
2020-06-17 01:00:00+00:00,0,0.0,1,2,6,0
2020-06-17 02:00:00+00:00,0,0.0,2,2,6,0
2020-06-17 03:00:00+00:00,0,0.0,3,2,6,0
2020-06-17 04:00:00+00:00,0,0.0,4,2,6,0
2020-06-17 05:00:00+00:00,0,0.0,5,2,6,0
2020-06-17 06:00:00+00:00,0,0.0,6,2,6,0
2020-06-17 07:00:00+00:00,0,0.0,7,2,6,0
2020-06-17 08:00:00+00:00,0,0.0,8,2,6,0
2020-06-17 09:00:00+00:00,0,0.0,9,2,6,0
2020-06-17 10:00:00+00:00,0,0.0,10,2,6,0
2020-06-17 11:00:00+00:00,0,0.0,11,2,6,0
2020-06-17 12:00:00+00:00,0,0.0,12,2,6,0
2020-06-17 13:00:00+00:00,0,0.0,13,2,6,0
2020-06-17 14:00:00+00:00,0,0.0,14,2,6,0
2020-06-17 15:00:00+00:00,0,0.0,15,2,6,0
2020-06-17 16:00:00+00:00,0,0.0,16,2,6,0
2020-06-17 17:00:00+00:00,0,0.0,17,2,6,0
2020-06-17 18:00:00+00:00,0,0.0,18,2,6,0
2020-06-17 19:00:00+00:00,1,6.35,19,2,6,0
2020-06-17 20:00:00+00:00,0,0.0,20,2,6,0
2020-06-17 21:00:00+00:00,0,0.0,21,2,6,0
2020-06-17 22:00:00+00:00,0,0.0,22,2,6,0
2020-06-17 23:00:00+00:00,0,0.0,23,2,6,0
2020-06-18 00:00:00+00:00,0,0.0,0,3,6,0
2020-06-18 01:00:00+00:00,1,52.368,1,3,6,0
2020-06-18 02:00:00+00:00,0,0.0,2,3,6,0
2020-06-18 03:00:00+00:00,0,0.0,3,3,6,0
2020-06-18 04:00:00+00:00,0,0.0,4,3,6,0
2020-06-18 05:00:00+00:00,0,0.0,5,3,6,0
2020-06-18 06:00:00+00:00,0,0.0,6,3,6,0
2020-06-18 07:00:00+00:00,0,0.0,7,3,6,0
2020-06-18 08:00:00+00:00,0,0.0,8,3,6,0
2020-06-18 09:00:00+00:00,0,0.0,9,3,6,0
2020-06-18 10:00:00+00:00,0,0.0,10,3,6,0
2020-06-18 11:00:00+00:00,0,0.0,11,3,6,0
2020-06-18 12:00:00+00:00,0,0.0,12,3,6,0
2020-06-18 13:00:00+00:00,0,0.0,13,3,6,0
2020-06-18 14:00:00+00:00,0,0.0,14,3,6,0
2020-06-18 15:00:00+00:00,0,0.0,15,3,6,0
2020-06-18 16:00:00+00:00,2,19.914,16,3,6,0
2020-06-18 17:00:00+00:00,0,0.0,17,3,6,0
2020-06-18 18:00:00+00:00,0,0.0,18,3,6,0
2020-06-18 19:00:00+00:00,0,0.0,19,3,6,0
2020-06-18 20:00:00+00:00,0,0.0,20,3,6,0
2020-06-18 21:00:00+00:00,0,0.0,21,3,6,0
2020-06-18 22:00:00+00:00,0,0.0,22,3,6,0
2020-06-18 23:00:00+00:00,1,1.112,23,3,6,0
2020-06-19 00:00:00+00:00,0,0.0,0,4,6,0
2020-06-19 01:00:00+00:00,0,0.0,1,4,6,0
2020-06-19 02:00:00+00:00,0,0.0,2,4,6,0
2020-06-19 03:00:00+00:00,0,0.0,3,4,6,0
2020-06-19 04:00:00+00:00,0,0.0,4,4,6,0
2020-06-19 05:00:00+00:00,0,0.0,5,4,6,0
2020-06-19 06:00:00+00:00,0,0.0,6,4,6,0
2020-06-19 07:00:00+00:00,0,0.0,7,4,6,0
2020-06-19 08:00:00+00:00,0,0.0,8,4,6,0
2020-06-19 09:00:00+00:00,0,0.0,9,4,6,0
2020-06-19 10:00:00+00:00,0,0.0,10,4,6,0
2020-06-19 11:00:00+00:00,0,0.0,11,4,6,0
2020-06-19 12:00:00+00:00,0,0.0,12,4,6,0
2020-06-19 13:00:00+00:00,0,0.0,13,4,6,0
2020-06-19 14:00:00+00:00,1,3.308,14,4,6,0
2020-06-19 15:00:00+00:00,0,0.0,15,4,6,0
2020-06-19 16:00:00+00:00,0,0.0,16,4,6,0
2020-06-19 17:00:00+00:00,0,0.0,17,4,6,0
2020-06-19 18:00:00+00:00,0,0.0,18,4,6,0
2020-06-19 19:00:00+00:00,0,0.0,19,4,6,0
2020-06-19 20:00:00+00:00,1,0.5779583333333334,20,4,6,0
2020-06-19 21:00:00+00:00,0,0.0,21,4,6,0
2020-06-19 22:00:00+00:00,0,0.0,22,4,6,0
2020-06-19 23:00:00+00:00,0,0.0,23,4,6,0
2020-06-20 00:00:00+00:00,0,0.0,0,5,6,1
2020-06-20 01:00:00+00:00,0,0.0,1,5,6,1
2020-06-20 02:00:00+00:00,0,0.0,2,5,6,1
2020-06-20 03:00:00+00:00,1,6.353,3,5,6,1
2020-06-20 04:00:00+00:00,0,0.0,4,5,6,1
2020-06-20 05:00:00+00:00,0,0.0,5,5,6,1
2020-06-20 06:00:00+00:00,0,0.0,6,5,6,1
2020-06-20 07:00:00+00:00,0,0.0,7,5,6,1
2020-06-20 08:00:00+00:00,0,0.0,8,5,6,1
2020-06-20 09:00:00+00:00,0,0.0,9,5,6,1
2020-06-20 10:00:00+00:00,0,0.0,10,5,6,1
2020-06-20 11:00:00+00:00,0,0.0,11,5,6,1
2020-06-20 12:00:00+00:00,0,0.0,12,5,6,1
2020-06-20 13:00:00+00:00,0,0.0,13,5,6,1
2020-06-20 14:00:00+00:00,0,0.0,14,5,6,1
2020-06-20 15:00:00+00:00,0,0.0,15,5,6,1
2020-06-20 16:00:00+00:00,0,0.0,16,5,6,1
2020-06-20 17:00:00+00:00,0,0.0,17,5,6,1
2020-06-20 18:00:00+00:00,0,0.0,18,5,6,1
2020-06-20 19:00:00+00:00,0,0.0,19,5,6,1
2020-06-20 20:00:00+00:00,0,0.0,20,5,6,1
2020-06-20 21:00:00+00:00,1,10.62,21,5,6,1
2020-06-20 22:00:00+00:00,0,0.0,22,5,6,1
2020-06-20 23:00:00+00:00,0,0.0,23,5,6,1
2020-06-21 00:00:00+00:00,1,26.947,0,6,6,1
2020-06-21 01:00:00+00:00,0,0.0,1,6,6,1
2020-06-21 02:00:00+00:00,0,0.0,2,6,6,1
2020-06-21 03:00:00+00:00,0,0.0,3,6,6,1
2020-06-21 04:00:00+00:00,0,0.0,4,6,6,1
2020-06-21 05:00:00+00:00,0,0.0,5,6,6,1
2020-06-21 06:00:00+00:00,0,0.0,6,6,6,1
2020-06-21 07:00:00+00:00,0,0.0,7,6,6,1
2020-06-21 08:00:00+00:00,0,0.0,8,6,6,1
2020-06-21 09:00:00+00:00,0,0.0,9,6,6,1
2020-06-21 10:00:00+00:00,0,0.0,10,6,6,1
2020-06-21 11:00:00+00:00,0,0.0,11,6,6,1
2020-06-21 12:00:00+00:00,0,0.0,12,6,6,1
2020-06-21 13:00:00+00:00,0,0.0,13,6,6,1
2020-06-21 14:00:00+00:00,0,0.0,14,6,6,1
2020-06-21 15:00:00+00:00,0,0.0,15,6,6,1
2020-06-21 16:00:00+00:00,0,0.0,16,6,6,1
2020-06-21 17:00:00+00:00,0,0.0,17,6,6,1
2020-06-21 18:00:00+00:00,0,0.0,18,6,6,1
2020-06-21 19:00:00+00:00,0,0.0,19,6,6,1
2020-06-21 20:00:00+00:00,0,0.0,20,6,6,1
2020-06-21 21:00:00+00:00,0,0.0,21,6,6,1
2020-06-21 22:00:00+00:00,0,0.0,22,6,6,1
2020-06-21 23:00:00+00:00,1,1.335,23,6,6,1
2020-06-22 00:00:00+00:00,0,0.0,0,0,6,0
2020-06-22 01:00:00+00:00,0,0.0,1,0,6,0
2020-06-22 02:00:00+00:00,0,0.0,2,0,6,0
2020-06-22 03:00:00+00:00,0,0.0,3,0,6,0
2020-06-22 04:00:00+00:00,0,0.0,4,0,6,0
2020-06-22 05:00:00+00:00,0,0.0,5,0,6,0
2020-06-22 06:00:00+00:00,0,0.0,6,0,6,0
2020-06-22 07:00:00+00:00,0,0.0,7,0,6,0
2020-06-22 08:00:00+00:00,0,0.0,8,0,6,0
2020-06-22 09:00:00+00:00,0,0.0,9,0,6,0
2020-06-22 10:00:00+00:00,0,0.0,10,0,6,0
2020-06-22 11:00:00+00:00,0,0.0,11,0,6,0
2020-06-22 12:00:00+00:00,0,0.0,12,0,6,0
2020-06-22 13:00:00+00:00,0,0.0,13,0,6,0
2020-06-22 14:00:00+00:00,1,3.72,14,0,6,0
2020-06-22 15:00:00+00:00,1,2.807,15,0,6,0
2020-06-22 16:00:00+00:00,0,0.0,16,0,6,0
2020-06-22 17:00:00+00:00,0,0.0,17,0,6,0
2020-06-22 18:00:00+00:00,0,0.0,18,0,6,0
2020-06-22 19:00:00+00:00,0,0.0,19,0,6,0
2020-06-22 20:00:00+00:00,0,0.0,20,0,6,0
2020-06-22 21:00:00+00:00,0,0.0,21,0,6,0
2020-06-22 22:00:00+00:00,0,0.0,22,0,6,0
2020-06-22 23:00:00+00:00,0,0.0,23,0,6,0
2020-06-23 00:00:00+00:00,0,0.0,0,1,6,0
2020-06-23 01:00:00+00:00,0,0.0,1,1,6,0
2020-06-23 02:00:00+00:00,0,0.0,2,1,6,0
2020-06-23 03:00:00+00:00,0,0.0,3,1,6,0
2020-06-23 04:00:00+00:00,0,0.0,4,1,6,0
2020-06-23 05:00:00+00:00,0,0.0,5,1,6,0
2020-06-23 06:00:00+00:00,0,0.0,6,1,6,0
2020-06-23 07:00:00+00:00,0,0.0,7,1,6,0
2020-06-23 08:00:00+00:00,0,0.0,8,1,6,0
2020-06-23 09:00:00+00:00,0,0.0,9,1,6,0
2020-06-23 10:00:00+00:00,0,0.0,10,1,6,0
2020-06-23 11:00:00+00:00,0,0.0,11,1,6,0
2020-06-23 12:00:00+00:00,0,0.0,12,1,6,0
2020-06-23 13:00:00+00:00,0,0.0,13,1,6,0
2020-06-23 14:00:00+00:00,0,0.0,14,1,6,0
2020-06-23 15:00:00+00:00,0,0.0,15,1,6,0
2020-06-23 16:00:00+00:00,0,0.0,16,1,6,0
2020-06-23 17:00:00+00:00,0,0.0,17,1,6,0
2020-06-23 18:00:00+00:00,0,0.0,18,1,6,0
2020-06-23 19:00:00+00:00,0,0.0,19,1,6,0
2020-06-23 20:00:00+00:00,0,0.0,20,1,6,0
2020-06-23 21:00:00+00:00,0,0.0,21,1,6,0
2020-06-23 22:00:00+00:00,0,0.0,22,1,6,0
2020-06-23 23:00:00+00:00,0,0.0,23,1,6,0
2020-06-24 00:00:00+00:00,0,0.0,0,2,6,0
2020-06-24 01:00:00+00:00,0,0.0,1,2,6,0
2020-06-24 02:00:00+00:00,0,0.0,2,2,6,0
2020-06-24 03:00:00+00:00,0,0.0,3,2,6,0
2020-06-24 04:00:00+00:00,0,0.0,4,2,6,0
2020-06-24 05:00:00+00:00,0,0.0,5,2,6,0
2020-06-24 06:00:00+00:00,0,0.0,6,2,6,0
2020-06-24 07:00:00+00:00,0,0.0,7,2,6,0
2020-06-24 08:00:00+00:00,0,0.0,8,2,6,0
2020-06-24 09:00:00+00:00,0,0.0,9,2,6,0
2020-06-24 10:00:00+00:00,0,0.0,10,2,6,0
2020-06-24 11:00:00+00:00,0,0.0,11,2,6,0
2020-06-24 12:00:00+00:00,0,0.0,12,2,6,0
2020-06-24 13:00:00+00:00,0,0.0,13,2,6,0
2020-06-24 14:00:00+00:00,0,0.0,14,2,6,0
2020-06-24 15:00:00+00:00,0,0.0,15,2,6,0
2020-06-24 16:00:00+00:00,0,0.0,16,2,6,0
2020-06-24 17:00:00+00:00,0,0.0,17,2,6,0
2020-06-24 18:00:00+00:00,0,0.0,18,2,6,0
2020-06-24 19:00:00+00:00,0,0.0,19,2,6,0
2020-06-24 20:00:00+00:00,0,0.0,20,2,6,0
2020-06-24 21:00:00+00:00,0,0.0,21,2,6,0
2020-06-24 22:00:00+00:00,0,0.0,22,2,6,0
2020-06-24 23:00:00+00:00,0,0.0,23,2,6,0
2020-06-25 00:00:00+00:00,0,0.0,0,3,6,0
2020-06-25 01:00:00+00:00,0,0.0,1,3,6,0
2020-06-25 02:00:00+00:00,0,0.0,2,3,6,0
2020-06-25 03:00:00+00:00,0,0.0,3,3,6,0
2020-06-25 04:00:00+00:00,0,0.0,4,3,6,0
2020-06-25 05:00:00+00:00,0,0.0,5,3,6,0
2020-06-25 06:00:00+00:00,0,0.0,6,3,6,0
2020-06-25 07:00:00+00:00,0,0.0,7,3,6,0
2020-06-25 08:00:00+00:00,0,0.0,8,3,6,0
2020-06-25 09:00:00+00:00,0,0.0,9,3,6,0
2020-06-25 10:00:00+00:00,0,0.0,10,3,6,0
2020-06-25 11:00:00+00:00,0,0.0,11,3,6,0
2020-06-25 12:00:00+00:00,0,0.0,12,3,6,0
2020-06-25 13:00:00+00:00,0,0.0,13,3,6,0
2020-06-25 14:00:00+00:00,0,0.0,14,3,6,0
2020-06-25 15:00:00+00:00,0,0.0,15,3,6,0
2020-06-25 16:00:00+00:00,0,0.0,16,3,6,0
2020-06-25 17:00:00+00:00,0,0.0,17,3,6,0
2020-06-25 18:00:00+00:00,1,6.369,18,3,6,0
2020-06-25 19:00:00+00:00,0,0.0,19,3,6,0
2020-06-25 20:00:00+00:00,0,0.0,20,3,6,0
2020-06-25 21:00:00+00:00,1,2.911,21,3,6,0
2020-06-25 22:00:00+00:00,0,0.0,22,3,6,0
2020-06-25 23:00:00+00:00,0,0.0,23,3,6,0
2020-06-26 00:00:00+00:00,0,0.0,0,4,6,0
2020-06-26 01:00:00+00:00,0,0.0,1,4,6,0
2020-06-26 02:00:00+00:00,0,0.0,2,4,6,0
2020-06-26 03:00:00+00:00,0,0.0,3,4,6,0
2020-06-26 04:00:00+00:00,0,0.0,4,4,6,0
2020-06-26 05:00:00+00:00,0,0.0,5,4,6,0
2020-06-26 06:00:00+00:00,0,0.0,6,4,6,0
2020-06-26 07:00:00+00:00,0,0.0,7,4,6,0
2020-06-26 08:00:00+00:00,0,0.0,8,4,6,0
2020-06-26 09:00:00+00:00,0,0.0,9,4,6,0
2020-06-26 10:00:00+00:00,0,0.0,10,4,6,0
2020-06-26 11:00:00+00:00,0,0.0,11,4,6,0
2020-06-26 12:00:00+00:00,0,0.0,12,4,6,0
2020-06-26 13:00:00+00:00,0,0.0,13,4,6,0
2020-06-26 14:00:00+00:00,0,0.0,14,4,6,0
2020-06-26 15:00:00+00:00,1,2.404,15,4,6,0
2020-06-26 16:00:00+00:00,1,1.182,16,4,6,0
2020-06-26 17:00:00+00:00,1,13.31,17,4,6,0
2020-06-26 18:00:00+00:00,0,0.0,18,4,6,0
2020-06-26 19:00:00+00:00,0,0.0,19,4,6,0
2020-06-26 20:00:00+00:00,0,0.0,20,4,6,0
2020-06-26 21:00:00+00:00,0,0.0,21,4,6,0
2020-06-26 22:00:00+00:00,0,0.0,22,4,6,0
2020-06-26 23:00:00+00:00,0,0.0,23,4,6,0
2020-06-27 00:00:00+00:00,0,0.0,0,5,6,1
2020-06-27 01:00:00+00:00,0,0.0,1,5,6,1
2020-06-27 02:00:00+00:00,0,0.0,2,5,6,1
2020-06-27 03:00:00+00:00,0,0.0,3,5,6,1
2020-06-27 04:00:00+00:00,0,0.0,4,5,6,1
2020-06-27 05:00:00+00:00,0,0.0,5,5,6,1
2020-06-27 06:00:00+00:00,0,0.0,6,5,6,1
2020-06-27 07:00:00+00:00,0,0.0,7,5,6,1
2020-06-27 08:00:00+00:00,0,0.0,8,5,6,1
2020-06-27 09:00:00+00:00,0,0.0,9,5,6,1
2020-06-27 10:00:00+00:00,0,0.0,10,5,6,1
2020-06-27 11:00:00+00:00,0,0.0,11,5,6,1
2020-06-27 12:00:00+00:00,0,0.0,12,5,6,1
2020-06-27 13:00:00+00:00,0,0.0,13,5,6,1
2020-06-27 14:00:00+00:00,0,0.0,14,5,6,1
2020-06-27 15:00:00+00:00,0,0.0,15,5,6,1
2020-06-27 16:00:00+00:00,0,0.0,16,5,6,1
2020-06-27 17:00:00+00:00,0,0.0,17,5,6,1
2020-06-27 18:00:00+00:00,0,0.0,18,5,6,1
2020-06-27 19:00:00+00:00,0,0.0,19,5,6,1
2020-06-27 20:00:00+00:00,0,0.0,20,5,6,1
2020-06-27 21:00:00+00:00,0,0.0,21,5,6,1
2020-06-27 22:00:00+00:00,0,0.0,22,5,6,1
2020-06-27 23:00:00+00:00,1,1.39,23,5,6,1
2020-06-28 00:00:00+00:00,0,0.0,0,6,6,1
2020-06-28 01:00:00+00:00,0,0.0,1,6,6,1
2020-06-28 02:00:00+00:00,0,0.0,2,6,6,1
2020-06-28 03:00:00+00:00,0,0.0,3,6,6,1
2020-06-28 04:00:00+00:00,0,0.0,4,6,6,1
2020-06-28 05:00:00+00:00,0,0.0,5,6,6,1
2020-06-28 06:00:00+00:00,0,0.0,6,6,6,1
2020-06-28 07:00:00+00:00,0,0.0,7,6,6,1
2020-06-28 08:00:00+00:00,0,0.0,8,6,6,1
2020-06-28 09:00:00+00:00,0,0.0,9,6,6,1
2020-06-28 10:00:00+00:00,0,0.0,10,6,6,1
2020-06-28 11:00:00+00:00,0,0.0,11,6,6,1
2020-06-28 12:00:00+00:00,0,0.0,12,6,6,1
2020-06-28 13:00:00+00:00,0,0.0,13,6,6,1
2020-06-28 14:00:00+00:00,0,0.0,14,6,6,1
2020-06-28 15:00:00+00:00,0,0.0,15,6,6,1
2020-06-28 16:00:00+00:00,0,0.0,16,6,6,1
2020-06-28 17:00:00+00:00,0,0.0,17,6,6,1
2020-06-28 18:00:00+00:00,0,0.0,18,6,6,1
2020-06-28 19:00:00+00:00,0,0.0,19,6,6,1
2020-06-28 20:00:00+00:00,0,0.0,20,6,6,1
2020-06-28 21:00:00+00:00,1,47.437,21,6,6,1
2020-06-28 22:00:00+00:00,0,0.0,22,6,6,1
2020-06-28 23:00:00+00:00,0,0.0,23,6,6,1
2020-06-29 00:00:00+00:00,0,0.0,0,0,6,0
2020-06-29 01:00:00+00:00,0,0.0,1,0,6,0
2020-06-29 02:00:00+00:00,0,0.0,2,0,6,0
2020-06-29 03:00:00+00:00,0,0.0,3,0,6,0
2020-06-29 04:00:00+00:00,0,0.0,4,0,6,0
2020-06-29 05:00:00+00:00,0,0.0,5,0,6,0
2020-06-29 06:00:00+00:00,0,0.0,6,0,6,0
2020-06-29 07:00:00+00:00,0,0.0,7,0,6,0
2020-06-29 08:00:00+00:00,0,0.0,8,0,6,0
2020-06-29 09:00:00+00:00,0,0.0,9,0,6,0
2020-06-29 10:00:00+00:00,0,0.0,10,0,6,0
2020-06-29 11:00:00+00:00,0,0.0,11,0,6,0
2020-06-29 12:00:00+00:00,0,0.0,12,0,6,0
2020-06-29 13:00:00+00:00,0,0.0,13,0,6,0
2020-06-29 14:00:00+00:00,0,0.0,14,0,6,0
2020-06-29 15:00:00+00:00,0,0.0,15,0,6,0
2020-06-29 16:00:00+00:00,0,0.0,16,0,6,0
2020-06-29 17:00:00+00:00,0,0.0,17,0,6,0
2020-06-29 18:00:00+00:00,0,0.0,18,0,6,0
2020-06-29 19:00:00+00:00,0,0.0,19,0,6,0
2020-06-29 20:00:00+00:00,0,0.0,20,0,6,0
2020-06-29 21:00:00+00:00,0,0.0,21,0,6,0
2020-06-29 22:00:00+00:00,0,0.0,22,0,6,0
2020-06-29 23:00:00+00:00,1,3.153,23,0,6,0
2020-06-30 00:00:00+00:00,0,0.0,0,1,6,0
2020-06-30 01:00:00+00:00,0,0.0,1,1,6,0
2020-06-30 02:00:00+00:00,0,0.0,2,1,6,0
2020-06-30 03:00:00+00:00,0,0.0,3,1,6,0
2020-06-30 04:00:00+00:00,0,0.0,4,1,6,0
2020-06-30 05:00:00+00:00,0,0.0,5,1,6,0
2020-06-30 06:00:00+00:00,0,0.0,6,1,6,0
2020-06-30 07:00:00+00:00,0,0.0,7,1,6,0
2020-06-30 08:00:00+00:00,0,0.0,8,1,6,0
2020-06-30 09:00:00+00:00,0,0.0,9,1,6,0
2020-06-30 10:00:00+00:00,0,0.0,10,1,6,0
2020-06-30 11:00:00+00:00,0,0.0,11,1,6,0
2020-06-30 12:00:00+00:00,0,0.0,12,1,6,0
2020-06-30 13:00:00+00:00,1,5.861,13,1,6,0
2020-06-30 14:00:00+00:00,0,0.0,14,1,6,0
2020-06-30 15:00:00+00:00,0,0.0,15,1,6,0
2020-06-30 16:00:00+00:00,0,0.0,16,1,6,0
2020-06-30 17:00:00+00:00,0,0.0,17,1,6,0
2020-06-30 18:00:00+00:00,0,0.0,18,1,6,0
2020-06-30 19:00:00+00:00,1,3.521,19,1,6,0
2020-06-30 20:00:00+00:00,1,2.729,20,1,6,0
2020-06-30 21:00:00+00:00,1,3.118,21,1,6,0
2020-06-30 22:00:00+00:00,0,0.0,22,1,6,0
2020-06-30 23:00:00+00:00,0,0.0,23,1,6,0
2020-07-01 00:00:00+00:00,0,0.0,0,2,7,0
2020-07-01 01:00:00+00:00,0,0.0,1,2,7,0
2020-07-01 02:00:00+00:00,0,0.0,2,2,7,0
2020-07-01 03:00:00+00:00,0,0.0,3,2,7,0
2020-07-01 04:00:00+00:00,0,0.0,4,2,7,0
2020-07-01 05:00:00+00:00,0,0.0,5,2,7,0
2020-07-01 06:00:00+00:00,0,0.0,6,2,7,0
2020-07-01 07:00:00+00:00,0,0.0,7,2,7,0
2020-07-01 08:00:00+00:00,0,0.0,8,2,7,0
2020-07-01 09:00:00+00:00,0,0.0,9,2,7,0
2020-07-01 10:00:00+00:00,0,0.0,10,2,7,0
2020-07-01 11:00:00+00:00,0,0.0,11,2,7,0
2020-07-01 12:00:00+00:00,0,0.0,12,2,7,0
2020-07-01 13:00:00+00:00,0,0.0,13,2,7,0
2020-07-01 14:00:00+00:00,0,0.0,14,2,7,0
2020-07-01 15:00:00+00:00,0,0.0,15,2,7,0
2020-07-01 16:00:00+00:00,1,6.141,16,2,7,0
2020-07-01 17:00:00+00:00,0,0.0,17,2,7,0
2020-07-01 18:00:00+00:00,0,0.0,18,2,7,0
2020-07-01 19:00:00+00:00,0,0.0,19,2,7,0
2020-07-01 20:00:00+00:00,1,3.152,20,2,7,0
2020-07-01 21:00:00+00:00,0,0.0,21,2,7,0
2020-07-01 22:00:00+00:00,0,0.0,22,2,7,0
2020-07-01 23:00:00+00:00,0,0.0,23,2,7,0
2020-07-02 00:00:00+00:00,0,0.0,0,3,7,0
2020-07-02 01:00:00+00:00,0,0.0,1,3,7,0
2020-07-02 02:00:00+00:00,0,0.0,2,3,7,0
2020-07-02 03:00:00+00:00,0,0.0,3,3,7,0
2020-07-02 04:00:00+00:00,0,0.0,4,3,7,0
2020-07-02 05:00:00+00:00,0,0.0,5,3,7,0
2020-07-02 06:00:00+00:00,0,0.0,6,3,7,0
2020-07-02 07:00:00+00:00,0,0.0,7,3,7,0
2020-07-02 08:00:00+00:00,0,0.0,8,3,7,0
2020-07-02 09:00:00+00:00,1,48.577,9,3,7,0
2020-07-02 10:00:00+00:00,0,0.0,10,3,7,0
2020-07-02 11:00:00+00:00,0,0.0,11,3,7,0
2020-07-02 12:00:00+00:00,0,0.0,12,3,7,0
2020-07-02 13:00:00+00:00,0,0.0,13,3,7,0
2020-07-02 14:00:00+00:00,1,6.129,14,3,7,0
2020-07-02 15:00:00+00:00,0,0.0,15,3,7,0
2020-07-02 16:00:00+00:00,0,0.0,16,3,7,0
2020-07-02 17:00:00+00:00,1,4.299,17,3,7,0
2020-07-02 18:00:00+00:00,1,0.869,18,3,7,0
2020-07-02 19:00:00+00:00,0,0.0,19,3,7,0
2020-07-02 20:00:00+00:00,0,0.0,20,3,7,0
2020-07-02 21:00:00+00:00,0,0.0,21,3,7,0
2020-07-02 22:00:00+00:00,0,0.0,22,3,7,0
2020-07-02 23:00:00+00:00,0,0.0,23,3,7,0
2020-07-03 00:00:00+00:00,0,0.0,0,4,7,0
2020-07-03 01:00:00+00:00,0,0.0,1,4,7,0
2020-07-03 02:00:00+00:00,0,0.0,2,4,7,0
2020-07-03 03:00:00+00:00,0,0.0,3,4,7,0
2020-07-03 04:00:00+00:00,0,0.0,4,4,7,0
2020-07-03 05:00:00+00:00,0,0.0,5,4,7,0
2020-07-03 06:00:00+00:00,0,0.0,6,4,7,0
2020-07-03 07:00:00+00:00,0,0.0,7,4,7,0
2020-07-03 08:00:00+00:00,0,0.0,8,4,7,0
2020-07-03 09:00:00+00:00,0,0.0,9,4,7,0
2020-07-03 10:00:00+00:00,0,0.0,10,4,7,0
2020-07-03 11:00:00+00:00,0,0.0,11,4,7,0
2020-07-03 12:00:00+00:00,0,0.0,12,4,7,0
2020-07-03 13:00:00+00:00,0,0.0,13,4,7,0
2020-07-03 14:00:00+00:00,0,0.0,14,4,7,0
2020-07-03 15:00:00+00:00,1,2.888,15,4,7,0
2020-07-03 16:00:00+00:00,0,0.0,16,4,7,0
2020-07-03 17:00:00+00:00,0,0.0,17,4,7,0
2020-07-03 18:00:00+00:00,0,0.0,18,4,7,0
2020-07-03 19:00:00+00:00,0,0.0,19,4,7,0
2020-07-03 20:00:00+00:00,0,0.0,20,4,7,0
2020-07-03 21:00:00+00:00,0,0.0,21,4,7,0
2020-07-03 22:00:00+00:00,0,0.0,22,4,7,0
2020-07-03 23:00:00+00:00,0,0.0,23,4,7,0
2020-07-04 00:00:00+00:00,0,0.0,0,5,7,1
2020-07-04 01:00:00+00:00,0,0.0,1,5,7,1
2020-07-04 02:00:00+00:00,0,0.0,2,5,7,1
2020-07-04 03:00:00+00:00,0,0.0,3,5,7,1
2020-07-04 04:00:00+00:00,0,0.0,4,5,7,1
2020-07-04 05:00:00+00:00,0,0.0,5,5,7,1
2020-07-04 06:00:00+00:00,0,0.0,6,5,7,1
2020-07-04 07:00:00+00:00,0,0.0,7,5,7,1
2020-07-04 08:00:00+00:00,0,0.0,8,5,7,1
2020-07-04 09:00:00+00:00,0,0.0,9,5,7,1
2020-07-04 10:00:00+00:00,0,0.0,10,5,7,1
2020-07-04 11:00:00+00:00,0,0.0,11,5,7,1
2020-07-04 12:00:00+00:00,0,0.0,12,5,7,1
2020-07-04 13:00:00+00:00,0,0.0,13,5,7,1
2020-07-04 14:00:00+00:00,0,0.0,14,5,7,1
2020-07-04 15:00:00+00:00,0,0.0,15,5,7,1
2020-07-04 16:00:00+00:00,0,0.0,16,5,7,1
2020-07-04 17:00:00+00:00,0,0.0,17,5,7,1
2020-07-04 18:00:00+00:00,0,0.0,18,5,7,1
2020-07-04 19:00:00+00:00,0,0.0,19,5,7,1
2020-07-04 20:00:00+00:00,0,0.0,20,5,7,1
2020-07-04 21:00:00+00:00,0,0.0,21,5,7,1
2020-07-04 22:00:00+00:00,0,0.0,22,5,7,1
2020-07-04 23:00:00+00:00,0,0.0,23,5,7,1
2020-07-05 00:00:00+00:00,0,0.0,0,6,7,1
2020-07-05 01:00:00+00:00,0,0.0,1,6,7,1
2020-07-05 02:00:00+00:00,0,0.0,2,6,7,1
2020-07-05 03:00:00+00:00,1,0.751,3,6,7,1
2020-07-05 04:00:00+00:00,0,0.0,4,6,7,1
2020-07-05 05:00:00+00:00,0,0.0,5,6,7,1
2020-07-05 06:00:00+00:00,0,0.0,6,6,7,1
2020-07-05 07:00:00+00:00,0,0.0,7,6,7,1
2020-07-05 08:00:00+00:00,0,0.0,8,6,7,1
2020-07-05 09:00:00+00:00,0,0.0,9,6,7,1
2020-07-05 10:00:00+00:00,0,0.0,10,6,7,1
2020-07-05 11:00:00+00:00,0,0.0,11,6,7,1
2020-07-05 12:00:00+00:00,0,0.0,12,6,7,1
2020-07-05 13:00:00+00:00,0,0.0,13,6,7,1
2020-07-05 14:00:00+00:00,0,0.0,14,6,7,1
2020-07-05 15:00:00+00:00,0,0.0,15,6,7,1
2020-07-05 16:00:00+00:00,0,0.0,16,6,7,1
2020-07-05 17:00:00+00:00,0,0.0,17,6,7,1
2020-07-05 18:00:00+00:00,0,0.0,18,6,7,1
2020-07-05 19:00:00+00:00,0,0.0,19,6,7,1
2020-07-05 20:00:00+00:00,1,12.013,20,6,7,1
2020-07-05 21:00:00+00:00,0,0.0,21,6,7,1
2020-07-05 22:00:00+00:00,0,0.0,22,6,7,1
2020-07-05 23:00:00+00:00,0,0.0,23,6,7,1
2020-07-06 00:00:00+00:00,0,0.0,0,0,7,0
2020-07-06 01:00:00+00:00,0,0.0,1,0,7,0
2020-07-06 02:00:00+00:00,1,52.55333111111111,2,0,7,0
2020-07-06 03:00:00+00:00,0,0.0,3,0,7,0
2020-07-06 04:00:00+00:00,0,0.0,4,0,7,0
2020-07-06 05:00:00+00:00,0,0.0,5,0,7,0
2020-07-06 06:00:00+00:00,0,0.0,6,0,7,0
2020-07-06 07:00:00+00:00,0,0.0,7,0,7,0
2020-07-06 08:00:00+00:00,0,0.0,8,0,7,0
2020-07-06 09:00:00+00:00,0,0.0,9,0,7,0
2020-07-06 10:00:00+00:00,0,0.0,10,0,7,0
2020-07-06 11:00:00+00:00,0,0.0,11,0,7,0
2020-07-06 12:00:00+00:00,0,0.0,12,0,7,0
2020-07-06 13:00:00+00:00,0,0.0,13,0,7,0
2020-07-06 14:00:00+00:00,0,0.0,14,0,7,0
2020-07-06 15:00:00+00:00,1,0.9198261111111112,15,0,7,0
2020-07-06 16:00:00+00:00,0,0.0,16,0,7,0
2020-07-06 17:00:00+00:00,0,0.0,17,0,7,0
2020-07-06 18:00:00+00:00,0,0.0,18,0,7,0
2020-07-06 19:00:00+00:00,0,0.0,19,0,7,0
2020-07-06 20:00:00+00:00,0,0.0,20,0,7,0
2020-07-06 21:00:00+00:00,0,0.0,21,0,7,0
2020-07-06 22:00:00+00:00,0,0.0,22,0,7,0
2020-07-06 23:00:00+00:00,0,0.0,23,0,7,0
2020-07-07 00:00:00+00:00,2,2.5795447222222223,0,1,7,0
2020-07-07 01:00:00+00:00,0,0.0,1,1,7,0
2020-07-07 02:00:00+00:00,0,0.0,2,1,7,0
2020-07-07 03:00:00+00:00,0,0.0,3,1,7,0
2020-07-07 04:00:00+00:00,0,0.0,4,1,7,0
2020-07-07 05:00:00+00:00,0,0.0,5,1,7,0
2020-07-07 06:00:00+00:00,0,0.0,6,1,7,0
2020-07-07 07:00:00+00:00,0,0.0,7,1,7,0
2020-07-07 08:00:00+00:00,0,0.0,8,1,7,0
2020-07-07 09:00:00+00:00,0,0.0,9,1,7,0
2020-07-07 10:00:00+00:00,0,0.0,10,1,7,0
2020-07-07 11:00:00+00:00,0,0.0,11,1,7,0
2020-07-07 12:00:00+00:00,0,0.0,12,1,7,0
2020-07-07 13:00:00+00:00,0,0.0,13,1,7,0
2020-07-07 14:00:00+00:00,0,0.0,14,1,7,0
2020-07-07 15:00:00+00:00,0,0.0,15,1,7,0
2020-07-07 16:00:00+00:00,0,0.0,16,1,7,0
2020-07-07 17:00:00+00:00,1,5.842,17,1,7,0
2020-07-07 18:00:00+00:00,0,0.0,18,1,7,0
2020-07-07 19:00:00+00:00,0,0.0,19,1,7,0
2020-07-07 20:00:00+00:00,1,2.175,20,1,7,0
2020-07-07 21:00:00+00:00,0,0.0,21,1,7,0
2020-07-07 22:00:00+00:00,0,0.0,22,1,7,0
2020-07-07 23:00:00+00:00,0,0.0,23,1,7,0
2020-07-08 00:00:00+00:00,1,0.658,0,2,7,0
2020-07-08 01:00:00+00:00,0,0.0,1,2,7,0
2020-07-08 02:00:00+00:00,0,0.0,2,2,7,0
2020-07-08 03:00:00+00:00,0,0.0,3,2,7,0
2020-07-08 04:00:00+00:00,0,0.0,4,2,7,0
2020-07-08 05:00:00+00:00,0,0.0,5,2,7,0
2020-07-08 06:00:00+00:00,0,0.0,6,2,7,0
2020-07-08 07:00:00+00:00,0,0.0,7,2,7,0
2020-07-08 08:00:00+00:00,0,0.0,8,2,7,0
2020-07-08 09:00:00+00:00,0,0.0,9,2,7,0
2020-07-08 10:00:00+00:00,0,0.0,10,2,7,0
2020-07-08 11:00:00+00:00,0,0.0,11,2,7,0
2020-07-08 12:00:00+00:00,0,0.0,12,2,7,0
2020-07-08 13:00:00+00:00,0,0.0,13,2,7,0
2020-07-08 14:00:00+00:00,0,0.0,14,2,7,0
2020-07-08 15:00:00+00:00,1,6.582,15,2,7,0
2020-07-08 16:00:00+00:00,0,0.0,16,2,7,0
2020-07-08 17:00:00+00:00,0,0.0,17,2,7,0
2020-07-08 18:00:00+00:00,0,0.0,18,2,7,0
2020-07-08 19:00:00+00:00,0,0.0,19,2,7,0
2020-07-08 20:00:00+00:00,0,0.0,20,2,7,0
2020-07-08 21:00:00+00:00,0,0.0,21,2,7,0
2020-07-08 22:00:00+00:00,0,0.0,22,2,7,0
2020-07-08 23:00:00+00:00,0,0.0,23,2,7,0
2020-07-09 00:00:00+00:00,0,0.0,0,3,7,0
2020-07-09 01:00:00+00:00,0,0.0,1,3,7,0
2020-07-09 02:00:00+00:00,0,0.0,2,3,7,0
2020-07-09 03:00:00+00:00,0,0.0,3,3,7,0
2020-07-09 04:00:00+00:00,0,0.0,4,3,7,0
2020-07-09 05:00:00+00:00,0,0.0,5,3,7,0
2020-07-09 06:00:00+00:00,0,0.0,6,3,7,0
2020-07-09 07:00:00+00:00,0,0.0,7,3,7,0
2020-07-09 08:00:00+00:00,0,0.0,8,3,7,0
2020-07-09 09:00:00+00:00,0,0.0,9,3,7,0
2020-07-09 10:00:00+00:00,0,0.0,10,3,7,0
2020-07-09 11:00:00+00:00,0,0.0,11,3,7,0
2020-07-09 12:00:00+00:00,0,0.0,12,3,7,0
2020-07-09 13:00:00+00:00,0,0.0,13,3,7,0
2020-07-09 14:00:00+00:00,0,0.0,14,3,7,0
2020-07-09 15:00:00+00:00,1,6.543,15,3,7,0
2020-07-09 16:00:00+00:00,0,0.0,16,3,7,0
2020-07-09 17:00:00+00:00,0,0.0,17,3,7,0
2020-07-09 18:00:00+00:00,0,0.0,18,3,7,0
2020-07-09 19:00:00+00:00,0,0.0,19,3,7,0
2020-07-09 20:00:00+00:00,1,24.205,20,3,7,0
2020-07-09 21:00:00+00:00,0,0.0,21,3,7,0
2020-07-09 22:00:00+00:00,0,0.0,22,3,7,0
2020-07-09 23:00:00+00:00,0,0.0,23,3,7,0
2020-07-10 00:00:00+00:00,0,0.0,0,4,7,0
2020-07-10 01:00:00+00:00,1,19.303,1,4,7,0
2020-07-10 02:00:00+00:00,0,0.0,2,4,7,0
2020-07-10 03:00:00+00:00,0,0.0,3,4,7,0
2020-07-10 04:00:00+00:00,0,0.0,4,4,7,0
2020-07-10 05:00:00+00:00,0,0.0,5,4,7,0
2020-07-10 06:00:00+00:00,0,0.0,6,4,7,0
2020-07-10 07:00:00+00:00,0,0.0,7,4,7,0
2020-07-10 08:00:00+00:00,0,0.0,8,4,7,0
2020-07-10 09:00:00+00:00,0,0.0,9,4,7,0
2020-07-10 10:00:00+00:00,0,0.0,10,4,7,0
2020-07-10 11:00:00+00:00,0,0.0,11,4,7,0
2020-07-10 12:00:00+00:00,0,0.0,12,4,7,0
2020-07-10 13:00:00+00:00,0,0.0,13,4,7,0
2020-07-10 14:00:00+00:00,0,0.0,14,4,7,0
2020-07-10 15:00:00+00:00,1,1.535,15,4,7,0
2020-07-10 16:00:00+00:00,0,0.0,16,4,7,0
2020-07-10 17:00:00+00:00,0,0.0,17,4,7,0
2020-07-10 18:00:00+00:00,0,0.0,18,4,7,0
2020-07-10 19:00:00+00:00,0,0.0,19,4,7,0
2020-07-10 20:00:00+00:00,0,0.0,20,4,7,0
2020-07-10 21:00:00+00:00,0,0.0,21,4,7,0
2020-07-10 22:00:00+00:00,0,0.0,22,4,7,0
2020-07-10 23:00:00+00:00,0,0.0,23,4,7,0
2020-07-11 00:00:00+00:00,0,0.0,0,5,7,1
2020-07-11 01:00:00+00:00,0,0.0,1,5,7,1
2020-07-11 02:00:00+00:00,0,0.0,2,5,7,1
2020-07-11 03:00:00+00:00,0,0.0,3,5,7,1
2020-07-11 04:00:00+00:00,0,0.0,4,5,7,1
2020-07-11 05:00:00+00:00,0,0.0,5,5,7,1
2020-07-11 06:00:00+00:00,0,0.0,6,5,7,1
2020-07-11 07:00:00+00:00,0,0.0,7,5,7,1
2020-07-11 08:00:00+00:00,0,0.0,8,5,7,1
2020-07-11 09:00:00+00:00,0,0.0,9,5,7,1
2020-07-11 10:00:00+00:00,0,0.0,10,5,7,1
2020-07-11 11:00:00+00:00,0,0.0,11,5,7,1
2020-07-11 12:00:00+00:00,0,0.0,12,5,7,1
2020-07-11 13:00:00+00:00,0,0.0,13,5,7,1
2020-07-11 14:00:00+00:00,0,0.0,14,5,7,1
2020-07-11 15:00:00+00:00,0,0.0,15,5,7,1
2020-07-11 16:00:00+00:00,0,0.0,16,5,7,1
2020-07-11 17:00:00+00:00,0,0.0,17,5,7,1
2020-07-11 18:00:00+00:00,1,14.886,18,5,7,1
2020-07-11 19:00:00+00:00,0,0.0,19,5,7,1
2020-07-11 20:00:00+00:00,0,0.0,20,5,7,1
2020-07-11 21:00:00+00:00,0,0.0,21,5,7,1
2020-07-11 22:00:00+00:00,0,0.0,22,5,7,1
2020-07-11 23:00:00+00:00,0,0.0,23,5,7,1
2020-07-12 00:00:00+00:00,0,0.0,0,6,7,1
2020-07-12 01:00:00+00:00,0,0.0,1,6,7,1
2020-07-12 02:00:00+00:00,0,0.0,2,6,7,1
2020-07-12 03:00:00+00:00,0,0.0,3,6,7,1
2020-07-12 04:00:00+00:00,0,0.0,4,6,7,1
2020-07-12 05:00:00+00:00,0,0.0,5,6,7,1
2020-07-12 06:00:00+00:00,0,0.0,6,6,7,1
2020-07-12 07:00:00+00:00,0,0.0,7,6,7,1
2020-07-12 08:00:00+00:00,0,0.0,8,6,7,1
2020-07-12 09:00:00+00:00,0,0.0,9,6,7,1
2020-07-12 10:00:00+00:00,0,0.0,10,6,7,1
2020-07-12 11:00:00+00:00,0,0.0,11,6,7,1
2020-07-12 12:00:00+00:00,0,0.0,12,6,7,1
2020-07-12 13:00:00+00:00,0,0.0,13,6,7,1
2020-07-12 14:00:00+00:00,0,0.0,14,6,7,1
2020-07-12 15:00:00+00:00,0,0.0,15,6,7,1
2020-07-12 16:00:00+00:00,0,0.0,16,6,7,1
2020-07-12 17:00:00+00:00,0,0.0,17,6,7,1
2020-07-12 18:00:00+00:00,0,0.0,18,6,7,1
2020-07-12 19:00:00+00:00,0,0.0,19,6,7,1
2020-07-12 20:00:00+00:00,0,0.0,20,6,7,1
2020-07-12 21:00:00+00:00,0,0.0,21,6,7,1
2020-07-12 22:00:00+00:00,0,0.0,22,6,7,1
2020-07-12 23:00:00+00:00,1,8.711,23,6,7,1
2020-07-13 00:00:00+00:00,0,0.0,0,0,7,0
2020-07-13 01:00:00+00:00,0,0.0,1,0,7,0
2020-07-13 02:00:00+00:00,0,0.0,2,0,7,0
2020-07-13 03:00:00+00:00,0,0.0,3,0,7,0
2020-07-13 04:00:00+00:00,0,0.0,4,0,7,0
2020-07-13 05:00:00+00:00,0,0.0,5,0,7,0
2020-07-13 06:00:00+00:00,0,0.0,6,0,7,0
2020-07-13 07:00:00+00:00,0,0.0,7,0,7,0
2020-07-13 08:00:00+00:00,0,0.0,8,0,7,0
2020-07-13 09:00:00+00:00,0,0.0,9,0,7,0
2020-07-13 10:00:00+00:00,0,0.0,10,0,7,0
2020-07-13 11:00:00+00:00,0,0.0,11,0,7,0
2020-07-13 12:00:00+00:00,0,0.0,12,0,7,0
2020-07-13 13:00:00+00:00,0,0.0,13,0,7,0
2020-07-13 14:00:00+00:00,0,0.0,14,0,7,0
2020-07-13 15:00:00+00:00,2,11.748954444444443,15,0,7,0
2020-07-13 16:00:00+00:00,0,0.0,16,0,7,0
2020-07-13 17:00:00+00:00,1,7.229,17,0,7,0
2020-07-13 18:00:00+00:00,0,0.0,18,0,7,0
2020-07-13 19:00:00+00:00,1,21.307,19,0,7,0
2020-07-13 20:00:00+00:00,0,0.0,20,0,7,0
2020-07-13 21:00:00+00:00,0,0.0,21,0,7,0
2020-07-13 22:00:00+00:00,0,0.0,22,0,7,0
2020-07-13 23:00:00+00:00,0,0.0,23,0,7,0
2020-07-14 00:00:00+00:00,0,0.0,0,1,7,0
2020-07-14 01:00:00+00:00,0,0.0,1,1,7,0
2020-07-14 02:00:00+00:00,0,0.0,2,1,7,0
2020-07-14 03:00:00+00:00,0,0.0,3,1,7,0
2020-07-14 04:00:00+00:00,0,0.0,4,1,7,0
2020-07-14 05:00:00+00:00,0,0.0,5,1,7,0
2020-07-14 06:00:00+00:00,0,0.0,6,1,7,0
2020-07-14 07:00:00+00:00,0,0.0,7,1,7,0
2020-07-14 08:00:00+00:00,0,0.0,8,1,7,0
2020-07-14 09:00:00+00:00,0,0.0,9,1,7,0
2020-07-14 10:00:00+00:00,0,0.0,10,1,7,0
2020-07-14 11:00:00+00:00,0,0.0,11,1,7,0
2020-07-14 12:00:00+00:00,0,0.0,12,1,7,0
2020-07-14 13:00:00+00:00,0,0.0,13,1,7,0
2020-07-14 14:00:00+00:00,0,0.0,14,1,7,0
2020-07-14 15:00:00+00:00,0,0.0,15,1,7,0
2020-07-14 16:00:00+00:00,0,0.0,16,1,7,0
2020-07-14 17:00:00+00:00,0,0.0,17,1,7,0
2020-07-14 18:00:00+00:00,0,0.0,18,1,7,0
2020-07-14 19:00:00+00:00,0,0.0,19,1,7,0
2020-07-14 20:00:00+00:00,1,4.49,20,1,7,0
2020-07-14 21:00:00+00:00,0,0.0,21,1,7,0
2020-07-14 22:00:00+00:00,0,0.0,22,1,7,0
2020-07-14 23:00:00+00:00,0,0.0,23,1,7,0
2020-07-15 00:00:00+00:00,0,0.0,0,2,7,0
2020-07-15 01:00:00+00:00,0,0.0,1,2,7,0
2020-07-15 02:00:00+00:00,0,0.0,2,2,7,0
2020-07-15 03:00:00+00:00,0,0.0,3,2,7,0
2020-07-15 04:00:00+00:00,0,0.0,4,2,7,0
2020-07-15 05:00:00+00:00,0,0.0,5,2,7,0
2020-07-15 06:00:00+00:00,0,0.0,6,2,7,0
2020-07-15 07:00:00+00:00,0,0.0,7,2,7,0
2020-07-15 08:00:00+00:00,0,0.0,8,2,7,0
2020-07-15 09:00:00+00:00,0,0.0,9,2,7,0
2020-07-15 10:00:00+00:00,0,0.0,10,2,7,0
2020-07-15 11:00:00+00:00,0,0.0,11,2,7,0
2020-07-15 12:00:00+00:00,0,0.0,12,2,7,0
2020-07-15 13:00:00+00:00,0,0.0,13,2,7,0
2020-07-15 14:00:00+00:00,0,0.0,14,2,7,0
2020-07-15 15:00:00+00:00,1,6.216,15,2,7,0
2020-07-15 16:00:00+00:00,0,0.0,16,2,7,0
2020-07-15 17:00:00+00:00,0,0.0,17,2,7,0
2020-07-15 18:00:00+00:00,0,0.0,18,2,7,0
2020-07-15 19:00:00+00:00,0,0.0,19,2,7,0
2020-07-15 20:00:00+00:00,2,4.909,20,2,7,0
2020-07-15 21:00:00+00:00,0,0.0,21,2,7,0
2020-07-15 22:00:00+00:00,0,0.0,22,2,7,0
2020-07-15 23:00:00+00:00,0,0.0,23,2,7,0
2020-07-16 00:00:00+00:00,0,0.0,0,3,7,0
2020-07-16 01:00:00+00:00,0,0.0,1,3,7,0
2020-07-16 02:00:00+00:00,0,0.0,2,3,7,0
2020-07-16 03:00:00+00:00,0,0.0,3,3,7,0
2020-07-16 04:00:00+00:00,0,0.0,4,3,7,0
2020-07-16 05:00:00+00:00,0,0.0,5,3,7,0
2020-07-16 06:00:00+00:00,0,0.0,6,3,7,0
2020-07-16 07:00:00+00:00,0,0.0,7,3,7,0
2020-07-16 08:00:00+00:00,0,0.0,8,3,7,0
2020-07-16 09:00:00+00:00,0,0.0,9,3,7,0
2020-07-16 10:00:00+00:00,0,0.0,10,3,7,0
2020-07-16 11:00:00+00:00,0,0.0,11,3,7,0
2020-07-16 12:00:00+00:00,0,0.0,12,3,7,0
2020-07-16 13:00:00+00:00,0,0.0,13,3,7,0
2020-07-16 14:00:00+00:00,0,0.0,14,3,7,0
2020-07-16 15:00:00+00:00,2,29.729,15,3,7,0
2020-07-16 16:00:00+00:00,0,0.0,16,3,7,0
2020-07-16 17:00:00+00:00,0,0.0,17,3,7,0
2020-07-16 18:00:00+00:00,0,0.0,18,3,7,0
2020-07-16 19:00:00+00:00,0,0.0,19,3,7,0
2020-07-16 20:00:00+00:00,0,0.0,20,3,7,0
2020-07-16 21:00:00+00:00,0,0.0,21,3,7,0
2020-07-16 22:00:00+00:00,0,0.0,22,3,7,0
2020-07-16 23:00:00+00:00,0,0.0,23,3,7,0
2020-07-17 00:00:00+00:00,0,0.0,0,4,7,0
2020-07-17 01:00:00+00:00,0,0.0,1,4,7,0
2020-07-17 02:00:00+00:00,0,0.0,2,4,7,0
2020-07-17 03:00:00+00:00,0,0.0,3,4,7,0
2020-07-17 04:00:00+00:00,0,0.0,4,4,7,0
2020-07-17 05:00:00+00:00,0,0.0,5,4,7,0
2020-07-17 06:00:00+00:00,0,0.0,6,4,7,0
2020-07-17 07:00:00+00:00,0,0.0,7,4,7,0
2020-07-17 08:00:00+00:00,0,0.0,8,4,7,0
2020-07-17 09:00:00+00:00,0,0.0,9,4,7,0
2020-07-17 10:00:00+00:00,0,0.0,10,4,7,0
2020-07-17 11:00:00+00:00,0,0.0,11,4,7,0
2020-07-17 12:00:00+00:00,0,0.0,12,4,7,0
2020-07-17 13:00:00+00:00,0,0.0,13,4,7,0
2020-07-17 14:00:00+00:00,0,0.0,14,4,7,0
2020-07-17 15:00:00+00:00,2,2.638,15,4,7,0
2020-07-17 16:00:00+00:00,0,0.0,16,4,7,0
2020-07-17 17:00:00+00:00,0,0.0,17,4,7,0
2020-07-17 18:00:00+00:00,0,0.0,18,4,7,0
2020-07-17 19:00:00+00:00,0,0.0,19,4,7,0
2020-07-17 20:00:00+00:00,0,0.0,20,4,7,0
2020-07-17 21:00:00+00:00,0,0.0,21,4,7,0
2020-07-17 22:00:00+00:00,2,10.332,22,4,7,0
2020-07-17 23:00:00+00:00,1,0.812,23,4,7,0
2020-07-18 00:00:00+00:00,0,0.0,0,5,7,1
2020-07-18 01:00:00+00:00,0,0.0,1,5,7,1
2020-07-18 02:00:00+00:00,0,0.0,2,5,7,1
2020-07-18 03:00:00+00:00,0,0.0,3,5,7,1
2020-07-18 04:00:00+00:00,0,0.0,4,5,7,1
2020-07-18 05:00:00+00:00,0,0.0,5,5,7,1
2020-07-18 06:00:00+00:00,0,0.0,6,5,7,1
2020-07-18 07:00:00+00:00,0,0.0,7,5,7,1
2020-07-18 08:00:00+00:00,0,0.0,8,5,7,1
2020-07-18 09:00:00+00:00,0,0.0,9,5,7,1
2020-07-18 10:00:00+00:00,0,0.0,10,5,7,1
2020-07-18 11:00:00+00:00,0,0.0,11,5,7,1
2020-07-18 12:00:00+00:00,0,0.0,12,5,7,1
2020-07-18 13:00:00+00:00,0,0.0,13,5,7,1
2020-07-18 14:00:00+00:00,0,0.0,14,5,7,1
2020-07-18 15:00:00+00:00,0,0.0,15,5,7,1
2020-07-18 16:00:00+00:00,0,0.0,16,5,7,1
2020-07-18 17:00:00+00:00,0,0.0,17,5,7,1
2020-07-18 18:00:00+00:00,0,0.0,18,5,7,1
2020-07-18 19:00:00+00:00,0,0.0,19,5,7,1
2020-07-18 20:00:00+00:00,0,0.0,20,5,7,1
2020-07-18 21:00:00+00:00,0,0.0,21,5,7,1
2020-07-18 22:00:00+00:00,0,0.0,22,5,7,1
2020-07-18 23:00:00+00:00,0,0.0,23,5,7,1
2020-07-19 00:00:00+00:00,0,0.0,0,6,7,1
2020-07-19 01:00:00+00:00,0,0.0,1,6,7,1
2020-07-19 02:00:00+00:00,0,0.0,2,6,7,1
2020-07-19 03:00:00+00:00,0,0.0,3,6,7,1
2020-07-19 04:00:00+00:00,0,0.0,4,6,7,1
2020-07-19 05:00:00+00:00,0,0.0,5,6,7,1
2020-07-19 06:00:00+00:00,1,11.516,6,6,7,1
2020-07-19 07:00:00+00:00,0,0.0,7,6,7,1
2020-07-19 08:00:00+00:00,0,0.0,8,6,7,1
2020-07-19 09:00:00+00:00,0,0.0,9,6,7,1
2020-07-19 10:00:00+00:00,0,0.0,10,6,7,1
2020-07-19 11:00:00+00:00,0,0.0,11,6,7,1
2020-07-19 12:00:00+00:00,0,0.0,12,6,7,1
2020-07-19 13:00:00+00:00,0,0.0,13,6,7,1
2020-07-19 14:00:00+00:00,0,0.0,14,6,7,1
2020-07-19 15:00:00+00:00,0,0.0,15,6,7,1
2020-07-19 16:00:00+00:00,0,0.0,16,6,7,1
2020-07-19 17:00:00+00:00,2,52.324,17,6,7,1
2020-07-19 18:00:00+00:00,0,0.0,18,6,7,1
2020-07-19 19:00:00+00:00,0,0.0,19,6,7,1
2020-07-19 20:00:00+00:00,0,0.0,20,6,7,1
2020-07-19 21:00:00+00:00,0,0.0,21,6,7,1
2020-07-19 22:00:00+00:00,0,0.0,22,6,7,1
2020-07-19 23:00:00+00:00,0,0.0,23,6,7,1
2020-07-20 00:00:00+00:00,0,0.0,0,0,7,0
2020-07-20 01:00:00+00:00,0,0.0,1,0,7,0
2020-07-20 02:00:00+00:00,0,0.0,2,0,7,0
2020-07-20 03:00:00+00:00,0,0.0,3,0,7,0
2020-07-20 04:00:00+00:00,0,0.0,4,0,7,0
2020-07-20 05:00:00+00:00,1,0.728,5,0,7,0
2020-07-20 06:00:00+00:00,0,0.0,6,0,7,0
2020-07-20 07:00:00+00:00,0,0.0,7,0,7,0
2020-07-20 08:00:00+00:00,0,0.0,8,0,7,0
2020-07-20 09:00:00+00:00,0,0.0,9,0,7,0
2020-07-20 10:00:00+00:00,0,0.0,10,0,7,0
2020-07-20 11:00:00+00:00,0,0.0,11,0,7,0
2020-07-20 12:00:00+00:00,0,0.0,12,0,7,0
2020-07-20 13:00:00+00:00,0,0.0,13,0,7,0
2020-07-20 14:00:00+00:00,0,0.0,14,0,7,0
2020-07-20 15:00:00+00:00,1,2.538,15,0,7,0
2020-07-20 16:00:00+00:00,0,0.0,16,0,7,0
2020-07-20 17:00:00+00:00,1,7.807,17,0,7,0
2020-07-20 18:00:00+00:00,1,48.455,18,0,7,0
2020-07-20 19:00:00+00:00,0,0.0,19,0,7,0
2020-07-20 20:00:00+00:00,0,0.0,20,0,7,0
2020-07-20 21:00:00+00:00,0,0.0,21,0,7,0
2020-07-20 22:00:00+00:00,0,0.0,22,0,7,0
2020-07-20 23:00:00+00:00,0,0.0,23,0,7,0
2020-07-21 00:00:00+00:00,0,0.0,0,1,7,0
2020-07-21 01:00:00+00:00,0,0.0,1,1,7,0
2020-07-21 02:00:00+00:00,0,0.0,2,1,7,0
2020-07-21 03:00:00+00:00,0,0.0,3,1,7,0
2020-07-21 04:00:00+00:00,0,0.0,4,1,7,0
2020-07-21 05:00:00+00:00,0,0.0,5,1,7,0
2020-07-21 06:00:00+00:00,0,0.0,6,1,7,0
2020-07-21 07:00:00+00:00,0,0.0,7,1,7,0
2020-07-21 08:00:00+00:00,0,0.0,8,1,7,0
2020-07-21 09:00:00+00:00,0,0.0,9,1,7,0
2020-07-21 10:00:00+00:00,0,0.0,10,1,7,0
2020-07-21 11:00:00+00:00,0,0.0,11,1,7,0
2020-07-21 12:00:00+00:00,0,0.0,12,1,7,0
2020-07-21 13:00:00+00:00,0,0.0,13,1,7,0
2020-07-21 14:00:00+00:00,1,5.945,14,1,7,0
2020-07-21 15:00:00+00:00,0,0.0,15,1,7,0
2020-07-21 16:00:00+00:00,0,0.0,16,1,7,0
2020-07-21 17:00:00+00:00,0,0.0,17,1,7,0
2020-07-21 18:00:00+00:00,0,0.0,18,1,7,0
2020-07-21 19:00:00+00:00,0,0.0,19,1,7,0
2020-07-21 20:00:00+00:00,0,0.0,20,1,7,0
2020-07-21 21:00:00+00:00,0,0.0,21,1,7,0
2020-07-21 22:00:00+00:00,0,0.0,22,1,7,0
2020-07-21 23:00:00+00:00,0,0.0,23,1,7,0
2020-07-22 00:00:00+00:00,0,0.0,0,2,7,0
2020-07-22 01:00:00+00:00,0,0.0,1,2,7,0
2020-07-22 02:00:00+00:00,0,0.0,2,2,7,0
2020-07-22 03:00:00+00:00,0,0.0,3,2,7,0
2020-07-22 04:00:00+00:00,0,0.0,4,2,7,0
2020-07-22 05:00:00+00:00,0,0.0,5,2,7,0
2020-07-22 06:00:00+00:00,0,0.0,6,2,7,0
2020-07-22 07:00:00+00:00,0,0.0,7,2,7,0
2020-07-22 08:00:00+00:00,0,0.0,8,2,7,0
2020-07-22 09:00:00+00:00,0,0.0,9,2,7,0
2020-07-22 10:00:00+00:00,0,0.0,10,2,7,0
2020-07-22 11:00:00+00:00,0,0.0,11,2,7,0
2020-07-22 12:00:00+00:00,0,0.0,12,2,7,0
2020-07-22 13:00:00+00:00,0,0.0,13,2,7,0
2020-07-22 14:00:00+00:00,0,0.0,14,2,7,0
2020-07-22 15:00:00+00:00,0,0.0,15,2,7,0
2020-07-22 16:00:00+00:00,0,0.0,16,2,7,0
2020-07-22 17:00:00+00:00,0,0.0,17,2,7,0
2020-07-22 18:00:00+00:00,0,0.0,18,2,7,0
2020-07-22 19:00:00+00:00,0,0.0,19,2,7,0
2020-07-22 20:00:00+00:00,0,0.0,20,2,7,0
2020-07-22 21:00:00+00:00,1,2.973,21,2,7,0
2020-07-22 22:00:00+00:00,0,0.0,22,2,7,0
2020-07-22 23:00:00+00:00,0,0.0,23,2,7,0
2020-07-23 00:00:00+00:00,0,0.0,0,3,7,0
2020-07-23 01:00:00+00:00,0,0.0,1,3,7,0
2020-07-23 02:00:00+00:00,0,0.0,2,3,7,0
2020-07-23 03:00:00+00:00,0,0.0,3,3,7,0
2020-07-23 04:00:00+00:00,0,0.0,4,3,7,0
2020-07-23 05:00:00+00:00,0,0.0,5,3,7,0
2020-07-23 06:00:00+00:00,0,0.0,6,3,7,0
2020-07-23 07:00:00+00:00,0,0.0,7,3,7,0
2020-07-23 08:00:00+00:00,0,0.0,8,3,7,0
2020-07-23 09:00:00+00:00,0,0.0,9,3,7,0
2020-07-23 10:00:00+00:00,0,0.0,10,3,7,0
2020-07-23 11:00:00+00:00,0,0.0,11,3,7,0
2020-07-23 12:00:00+00:00,0,0.0,12,3,7,0
2020-07-23 13:00:00+00:00,0,0.0,13,3,7,0
2020-07-23 14:00:00+00:00,0,0.0,14,3,7,0
2020-07-23 15:00:00+00:00,0,0.0,15,3,7,0
2020-07-23 16:00:00+00:00,0,0.0,16,3,7,0
2020-07-23 17:00:00+00:00,0,0.0,17,3,7,0
2020-07-23 18:00:00+00:00,0,0.0,18,3,7,0
2020-07-23 19:00:00+00:00,0,0.0,19,3,7,0
2020-07-23 20:00:00+00:00,0,0.0,20,3,7,0
2020-07-23 21:00:00+00:00,0,0.0,21,3,7,0
2020-07-23 22:00:00+00:00,0,0.0,22,3,7,0
2020-07-23 23:00:00+00:00,0,0.0,23,3,7,0
2020-07-24 00:00:00+00:00,0,0.0,0,4,7,0
2020-07-24 01:00:00+00:00,0,0.0,1,4,7,0
2020-07-24 02:00:00+00:00,0,0.0,2,4,7,0
2020-07-24 03:00:00+00:00,0,0.0,3,4,7,0
2020-07-24 04:00:00+00:00,0,0.0,4,4,7,0
2020-07-24 05:00:00+00:00,0,0.0,5,4,7,0
2020-07-24 06:00:00+00:00,0,0.0,6,4,7,0
2020-07-24 07:00:00+00:00,0,0.0,7,4,7,0
2020-07-24 08:00:00+00:00,0,0.0,8,4,7,0
2020-07-24 09:00:00+00:00,0,0.0,9,4,7,0
2020-07-24 10:00:00+00:00,0,0.0,10,4,7,0
2020-07-24 11:00:00+00:00,0,0.0,11,4,7,0
2020-07-24 12:00:00+00:00,0,0.0,12,4,7,0
2020-07-24 13:00:00+00:00,0,0.0,13,4,7,0
2020-07-24 14:00:00+00:00,0,0.0,14,4,7,0
2020-07-24 15:00:00+00:00,2,9.039,15,4,7,0
2020-07-24 16:00:00+00:00,1,6.115,16,4,7,0
2020-07-24 17:00:00+00:00,0,0.0,17,4,7,0
2020-07-24 18:00:00+00:00,0,0.0,18,4,7,0
2020-07-24 19:00:00+00:00,0,0.0,19,4,7,0
2020-07-24 20:00:00+00:00,0,0.0,20,4,7,0
2020-07-24 21:00:00+00:00,0,0.0,21,4,7,0
2020-07-24 22:00:00+00:00,0,0.0,22,4,7,0
2020-07-24 23:00:00+00:00,0,0.0,23,4,7,0
2020-07-25 00:00:00+00:00,1,1.09,0,5,7,1
2020-07-25 01:00:00+00:00,0,0.0,1,5,7,1
2020-07-25 02:00:00+00:00,0,0.0,2,5,7,1
2020-07-25 03:00:00+00:00,0,0.0,3,5,7,1
2020-07-25 04:00:00+00:00,0,0.0,4,5,7,1
2020-07-25 05:00:00+00:00,0,0.0,5,5,7,1
2020-07-25 06:00:00+00:00,0,0.0,6,5,7,1
2020-07-25 07:00:00+00:00,0,0.0,7,5,7,1
2020-07-25 08:00:00+00:00,0,0.0,8,5,7,1
2020-07-25 09:00:00+00:00,0,0.0,9,5,7,1
2020-07-25 10:00:00+00:00,0,0.0,10,5,7,1
2020-07-25 11:00:00+00:00,0,0.0,11,5,7,1
2020-07-25 12:00:00+00:00,0,0.0,12,5,7,1
2020-07-25 13:00:00+00:00,0,0.0,13,5,7,1
2020-07-25 14:00:00+00:00,0,0.0,14,5,7,1
2020-07-25 15:00:00+00:00,2,48.943000000000005,15,5,7,1
2020-07-25 16:00:00+00:00,0,0.0,16,5,7,1
2020-07-25 17:00:00+00:00,0,0.0,17,5,7,1
2020-07-25 18:00:00+00:00,0,0.0,18,5,7,1
2020-07-25 19:00:00+00:00,0,0.0,19,5,7,1
2020-07-25 20:00:00+00:00,0,0.0,20,5,7,1
2020-07-25 21:00:00+00:00,0,0.0,21,5,7,1
2020-07-25 22:00:00+00:00,0,0.0,22,5,7,1
2020-07-25 23:00:00+00:00,1,0.509,23,5,7,1
2020-07-26 00:00:00+00:00,0,0.0,0,6,7,1
2020-07-26 01:00:00+00:00,0,0.0,1,6,7,1
2020-07-26 02:00:00+00:00,0,0.0,2,6,7,1
2020-07-26 03:00:00+00:00,0,0.0,3,6,7,1
2020-07-26 04:00:00+00:00,0,0.0,4,6,7,1
2020-07-26 05:00:00+00:00,0,0.0,5,6,7,1
2020-07-26 06:00:00+00:00,0,0.0,6,6,7,1
2020-07-26 07:00:00+00:00,0,0.0,7,6,7,1
2020-07-26 08:00:00+00:00,0,0.0,8,6,7,1
2020-07-26 09:00:00+00:00,0,0.0,9,6,7,1
2020-07-26 10:00:00+00:00,0,0.0,10,6,7,1
2020-07-26 11:00:00+00:00,0,0.0,11,6,7,1
2020-07-26 12:00:00+00:00,0,0.0,12,6,7,1
2020-07-26 13:00:00+00:00,0,0.0,13,6,7,1
2020-07-26 14:00:00+00:00,0,0.0,14,6,7,1
2020-07-26 15:00:00+00:00,0,0.0,15,6,7,1
2020-07-26 16:00:00+00:00,0,0.0,16,6,7,1
2020-07-26 17:00:00+00:00,0,0.0,17,6,7,1
2020-07-26 18:00:00+00:00,1,2.454,18,6,7,1
2020-07-26 19:00:00+00:00,0,0.0,19,6,7,1
2020-07-26 20:00:00+00:00,0,0.0,20,6,7,1
2020-07-26 21:00:00+00:00,0,0.0,21,6,7,1
2020-07-26 22:00:00+00:00,0,0.0,22,6,7,1
2020-07-26 23:00:00+00:00,0,0.0,23,6,7,1
2020-07-27 00:00:00+00:00,0,0.0,0,0,7,0
2020-07-27 01:00:00+00:00,1,1.353,1,0,7,0
2020-07-27 02:00:00+00:00,0,0.0,2,0,7,0
2020-07-27 03:00:00+00:00,0,0.0,3,0,7,0
2020-07-27 04:00:00+00:00,0,0.0,4,0,7,0
2020-07-27 05:00:00+00:00,0,0.0,5,0,7,0
2020-07-27 06:00:00+00:00,0,0.0,6,0,7,0
2020-07-27 07:00:00+00:00,0,0.0,7,0,7,0
2020-07-27 08:00:00+00:00,0,0.0,8,0,7,0
2020-07-27 09:00:00+00:00,0,0.0,9,0,7,0
2020-07-27 10:00:00+00:00,0,0.0,10,0,7,0
2020-07-27 11:00:00+00:00,0,0.0,11,0,7,0
2020-07-27 12:00:00+00:00,0,0.0,12,0,7,0
2020-07-27 13:00:00+00:00,0,0.0,13,0,7,0
2020-07-27 14:00:00+00:00,0,0.0,14,0,7,0
2020-07-27 15:00:00+00:00,0,0.0,15,0,7,0
2020-07-27 16:00:00+00:00,1,8.554,16,0,7,0
2020-07-27 17:00:00+00:00,0,0.0,17,0,7,0
2020-07-27 18:00:00+00:00,0,0.0,18,0,7,0
2020-07-27 19:00:00+00:00,0,0.0,19,0,7,0
2020-07-27 20:00:00+00:00,0,0.0,20,0,7,0
2020-07-27 21:00:00+00:00,0,0.0,21,0,7,0
2020-07-27 22:00:00+00:00,0,0.0,22,0,7,0
2020-07-27 23:00:00+00:00,0,0.0,23,0,7,0
2020-07-28 00:00:00+00:00,0,0.0,0,1,7,0
2020-07-28 01:00:00+00:00,0,0.0,1,1,7,0
2020-07-28 02:00:00+00:00,0,0.0,2,1,7,0
2020-07-28 03:00:00+00:00,0,0.0,3,1,7,0
2020-07-28 04:00:00+00:00,0,0.0,4,1,7,0
2020-07-28 05:00:00+00:00,0,0.0,5,1,7,0
2020-07-28 06:00:00+00:00,0,0.0,6,1,7,0
2020-07-28 07:00:00+00:00,0,0.0,7,1,7,0
2020-07-28 08:00:00+00:00,0,0.0,8,1,7,0
2020-07-28 09:00:00+00:00,0,0.0,9,1,7,0
2020-07-28 10:00:00+00:00,0,0.0,10,1,7,0
2020-07-28 11:00:00+00:00,0,0.0,11,1,7,0
2020-07-28 12:00:00+00:00,0,0.0,12,1,7,0
2020-07-28 13:00:00+00:00,1,2.28,13,1,7,0
2020-07-28 14:00:00+00:00,0,0.0,14,1,7,0
2020-07-28 15:00:00+00:00,0,0.0,15,1,7,0
2020-07-28 16:00:00+00:00,0,0.0,16,1,7,0
2020-07-28 17:00:00+00:00,0,0.0,17,1,7,0
2020-07-28 18:00:00+00:00,0,0.0,18,1,7,0
2020-07-28 19:00:00+00:00,0,0.0,19,1,7,0
2020-07-28 20:00:00+00:00,0,0.0,20,1,7,0
2020-07-28 21:00:00+00:00,1,4.984,21,1,7,0
2020-07-28 22:00:00+00:00,0,0.0,22,1,7,0
2020-07-28 23:00:00+00:00,0,0.0,23,1,7,0
2020-07-29 00:00:00+00:00,0,0.0,0,2,7,0
2020-07-29 01:00:00+00:00,0,0.0,1,2,7,0
2020-07-29 02:00:00+00:00,0,0.0,2,2,7,0
2020-07-29 03:00:00+00:00,0,0.0,3,2,7,0
2020-07-29 04:00:00+00:00,0,0.0,4,2,7,0
2020-07-29 05:00:00+00:00,0,0.0,5,2,7,0
2020-07-29 06:00:00+00:00,0,0.0,6,2,7,0
2020-07-29 07:00:00+00:00,0,0.0,7,2,7,0
2020-07-29 08:00:00+00:00,0,0.0,8,2,7,0
2020-07-29 09:00:00+00:00,0,0.0,9,2,7,0
2020-07-29 10:00:00+00:00,0,0.0,10,2,7,0
2020-07-29 11:00:00+00:00,0,0.0,11,2,7,0
2020-07-29 12:00:00+00:00,0,0.0,12,2,7,0
2020-07-29 13:00:00+00:00,0,0.0,13,2,7,0
2020-07-29 14:00:00+00:00,0,0.0,14,2,7,0
2020-07-29 15:00:00+00:00,0,0.0,15,2,7,0
2020-07-29 16:00:00+00:00,1,6.0,16,2,7,0
2020-07-29 17:00:00+00:00,0,0.0,17,2,7,0
2020-07-29 18:00:00+00:00,0,0.0,18,2,7,0
2020-07-29 19:00:00+00:00,0,0.0,19,2,7,0
2020-07-29 20:00:00+00:00,0,0.0,20,2,7,0
2020-07-29 21:00:00+00:00,0,0.0,21,2,7,0
2020-07-29 22:00:00+00:00,0,0.0,22,2,7,0
2020-07-29 23:00:00+00:00,1,0.591,23,2,7,0
2020-07-30 00:00:00+00:00,0,0.0,0,3,7,0
2020-07-30 01:00:00+00:00,0,0.0,1,3,7,0
2020-07-30 02:00:00+00:00,0,0.0,2,3,7,0
2020-07-30 03:00:00+00:00,0,0.0,3,3,7,0
2020-07-30 04:00:00+00:00,0,0.0,4,3,7,0
2020-07-30 05:00:00+00:00,0,0.0,5,3,7,0
2020-07-30 06:00:00+00:00,0,0.0,6,3,7,0
2020-07-30 07:00:00+00:00,0,0.0,7,3,7,0
2020-07-30 08:00:00+00:00,0,0.0,8,3,7,0
2020-07-30 09:00:00+00:00,0,0.0,9,3,7,0
2020-07-30 10:00:00+00:00,0,0.0,10,3,7,0
2020-07-30 11:00:00+00:00,0,0.0,11,3,7,0
2020-07-30 12:00:00+00:00,0,0.0,12,3,7,0
2020-07-30 13:00:00+00:00,0,0.0,13,3,7,0
2020-07-30 14:00:00+00:00,0,0.0,14,3,7,0
2020-07-30 15:00:00+00:00,0,0.0,15,3,7,0
2020-07-30 16:00:00+00:00,0,0.0,16,3,7,0
2020-07-30 17:00:00+00:00,0,0.0,17,3,7,0
2020-07-30 18:00:00+00:00,0,0.0,18,3,7,0
2020-07-30 19:00:00+00:00,0,0.0,19,3,7,0
2020-07-30 20:00:00+00:00,1,4.657,20,3,7,0
2020-07-30 21:00:00+00:00,0,0.0,21,3,7,0
2020-07-30 22:00:00+00:00,0,0.0,22,3,7,0
2020-07-30 23:00:00+00:00,0,0.0,23,3,7,0
2020-07-31 00:00:00+00:00,0,0.0,0,4,7,0
2020-07-31 01:00:00+00:00,0,0.0,1,4,7,0
2020-07-31 02:00:00+00:00,0,0.0,2,4,7,0
2020-07-31 03:00:00+00:00,0,0.0,3,4,7,0
2020-07-31 04:00:00+00:00,0,0.0,4,4,7,0
2020-07-31 05:00:00+00:00,0,0.0,5,4,7,0
2020-07-31 06:00:00+00:00,0,0.0,6,4,7,0
2020-07-31 07:00:00+00:00,0,0.0,7,4,7,0
2020-07-31 08:00:00+00:00,0,0.0,8,4,7,0
2020-07-31 09:00:00+00:00,0,0.0,9,4,7,0
2020-07-31 10:00:00+00:00,0,0.0,10,4,7,0
2020-07-31 11:00:00+00:00,0,0.0,11,4,7,0
2020-07-31 12:00:00+00:00,0,0.0,12,4,7,0
2020-07-31 13:00:00+00:00,0,0.0,13,4,7,0
2020-07-31 14:00:00+00:00,0,0.0,14,4,7,0
2020-07-31 15:00:00+00:00,0,0.0,15,4,7,0
2020-07-31 16:00:00+00:00,0,0.0,16,4,7,0
2020-07-31 17:00:00+00:00,0,0.0,17,4,7,0
2020-07-31 18:00:00+00:00,1,6.423,18,4,7,0
2020-07-31 19:00:00+00:00,0,0.0,19,4,7,0
2020-07-31 20:00:00+00:00,1,4.087,20,4,7,0
2020-07-31 21:00:00+00:00,0,0.0,21,4,7,0
2020-07-31 22:00:00+00:00,0,0.0,22,4,7,0
2020-07-31 23:00:00+00:00,0,0.0,23,4,7,0
2020-08-01 00:00:00+00:00,1,7.933,0,5,8,1
2020-08-01 01:00:00+00:00,0,0.0,1,5,8,1
2020-08-01 02:00:00+00:00,1,1.729,2,5,8,1
2020-08-01 03:00:00+00:00,0,0.0,3,5,8,1
2020-08-01 04:00:00+00:00,0,0.0,4,5,8,1
2020-08-01 05:00:00+00:00,0,0.0,5,5,8,1
2020-08-01 06:00:00+00:00,0,0.0,6,5,8,1
2020-08-01 07:00:00+00:00,0,0.0,7,5,8,1
2020-08-01 08:00:00+00:00,0,0.0,8,5,8,1
2020-08-01 09:00:00+00:00,0,0.0,9,5,8,1
2020-08-01 10:00:00+00:00,0,0.0,10,5,8,1
2020-08-01 11:00:00+00:00,0,0.0,11,5,8,1
2020-08-01 12:00:00+00:00,0,0.0,12,5,8,1
2020-08-01 13:00:00+00:00,0,0.0,13,5,8,1
2020-08-01 14:00:00+00:00,0,0.0,14,5,8,1
2020-08-01 15:00:00+00:00,0,0.0,15,5,8,1
2020-08-01 16:00:00+00:00,0,0.0,16,5,8,1
2020-08-01 17:00:00+00:00,0,0.0,17,5,8,1
2020-08-01 18:00:00+00:00,0,0.0,18,5,8,1
2020-08-01 19:00:00+00:00,0,0.0,19,5,8,1
2020-08-01 20:00:00+00:00,0,0.0,20,5,8,1
2020-08-01 21:00:00+00:00,0,0.0,21,5,8,1
2020-08-01 22:00:00+00:00,0,0.0,22,5,8,1
2020-08-01 23:00:00+00:00,0,0.0,23,5,8,1
2020-08-02 00:00:00+00:00,0,0.0,0,6,8,1
2020-08-02 01:00:00+00:00,0,0.0,1,6,8,1
2020-08-02 02:00:00+00:00,0,0.0,2,6,8,1
2020-08-02 03:00:00+00:00,0,0.0,3,6,8,1
2020-08-02 04:00:00+00:00,0,0.0,4,6,8,1
2020-08-02 05:00:00+00:00,0,0.0,5,6,8,1
2020-08-02 06:00:00+00:00,0,0.0,6,6,8,1
2020-08-02 07:00:00+00:00,0,0.0,7,6,8,1
2020-08-02 08:00:00+00:00,0,0.0,8,6,8,1
2020-08-02 09:00:00+00:00,0,0.0,9,6,8,1
2020-08-02 10:00:00+00:00,0,0.0,10,6,8,1
2020-08-02 11:00:00+00:00,0,0.0,11,6,8,1
2020-08-02 12:00:00+00:00,1,28.87,12,6,8,1
2020-08-02 13:00:00+00:00,0,0.0,13,6,8,1
2020-08-02 14:00:00+00:00,0,0.0,14,6,8,1
2020-08-02 15:00:00+00:00,0,0.0,15,6,8,1
2020-08-02 16:00:00+00:00,0,0.0,16,6,8,1
2020-08-02 17:00:00+00:00,0,0.0,17,6,8,1
2020-08-02 18:00:00+00:00,0,0.0,18,6,8,1
2020-08-02 19:00:00+00:00,0,0.0,19,6,8,1
2020-08-02 20:00:00+00:00,0,0.0,20,6,8,1
2020-08-02 21:00:00+00:00,0,0.0,21,6,8,1
2020-08-02 22:00:00+00:00,0,0.0,22,6,8,1
2020-08-02 23:00:00+00:00,0,0.0,23,6,8,1
2020-08-03 00:00:00+00:00,0,0.0,0,0,8,0
2020-08-03 01:00:00+00:00,0,0.0,1,0,8,0
2020-08-03 02:00:00+00:00,0,0.0,2,0,8,0
2020-08-03 03:00:00+00:00,0,0.0,3,0,8,0
2020-08-03 04:00:00+00:00,0,0.0,4,0,8,0
2020-08-03 05:00:00+00:00,0,0.0,5,0,8,0
2020-08-03 06:00:00+00:00,0,0.0,6,0,8,0
2020-08-03 07:00:00+00:00,0,0.0,7,0,8,0
2020-08-03 08:00:00+00:00,0,0.0,8,0,8,0
2020-08-03 09:00:00+00:00,0,0.0,9,0,8,0
2020-08-03 10:00:00+00:00,0,0.0,10,0,8,0
2020-08-03 11:00:00+00:00,0,0.0,11,0,8,0
2020-08-03 12:00:00+00:00,0,0.0,12,0,8,0
2020-08-03 13:00:00+00:00,0,0.0,13,0,8,0
2020-08-03 14:00:00+00:00,0,0.0,14,0,8,0
2020-08-03 15:00:00+00:00,1,3.144,15,0,8,0
2020-08-03 16:00:00+00:00,0,0.0,16,0,8,0
2020-08-03 17:00:00+00:00,0,0.0,17,0,8,0
2020-08-03 18:00:00+00:00,1,53.068,18,0,8,0
2020-08-03 19:00:00+00:00,1,1.32,19,0,8,0
2020-08-03 20:00:00+00:00,0,0.0,20,0,8,0
2020-08-03 21:00:00+00:00,0,0.0,21,0,8,0
2020-08-03 22:00:00+00:00,1,1.724,22,0,8,0
2020-08-03 23:00:00+00:00,0,0.0,23,0,8,0
2020-08-04 00:00:00+00:00,0,0.0,0,1,8,0
2020-08-04 01:00:00+00:00,0,0.0,1,1,8,0
2020-08-04 02:00:00+00:00,0,0.0,2,1,8,0
2020-08-04 03:00:00+00:00,0,0.0,3,1,8,0
2020-08-04 04:00:00+00:00,0,0.0,4,1,8,0
2020-08-04 05:00:00+00:00,0,0.0,5,1,8,0
2020-08-04 06:00:00+00:00,0,0.0,6,1,8,0
2020-08-04 07:00:00+00:00,0,0.0,7,1,8,0
2020-08-04 08:00:00+00:00,0,0.0,8,1,8,0
2020-08-04 09:00:00+00:00,0,0.0,9,1,8,0
2020-08-04 10:00:00+00:00,0,0.0,10,1,8,0
2020-08-04 11:00:00+00:00,0,0.0,11,1,8,0
2020-08-04 12:00:00+00:00,0,0.0,12,1,8,0
2020-08-04 13:00:00+00:00,0,0.0,13,1,8,0
2020-08-04 14:00:00+00:00,0,0.0,14,1,8,0
2020-08-04 15:00:00+00:00,0,0.0,15,1,8,0
2020-08-04 16:00:00+00:00,0,0.0,16,1,8,0
2020-08-04 17:00:00+00:00,0,0.0,17,1,8,0
2020-08-04 18:00:00+00:00,0,0.0,18,1,8,0
2020-08-04 19:00:00+00:00,0,0.0,19,1,8,0
2020-08-04 20:00:00+00:00,0,0.0,20,1,8,0
2020-08-04 21:00:00+00:00,0,0.0,21,1,8,0
2020-08-04 22:00:00+00:00,0,0.0,22,1,8,0
2020-08-04 23:00:00+00:00,0,0.0,23,1,8,0
2020-08-05 00:00:00+00:00,0,0.0,0,2,8,0
2020-08-05 01:00:00+00:00,0,0.0,1,2,8,0
2020-08-05 02:00:00+00:00,0,0.0,2,2,8,0
2020-08-05 03:00:00+00:00,0,0.0,3,2,8,0
2020-08-05 04:00:00+00:00,0,0.0,4,2,8,0
2020-08-05 05:00:00+00:00,0,0.0,5,2,8,0
2020-08-05 06:00:00+00:00,0,0.0,6,2,8,0
2020-08-05 07:00:00+00:00,0,0.0,7,2,8,0
2020-08-05 08:00:00+00:00,0,0.0,8,2,8,0
2020-08-05 09:00:00+00:00,0,0.0,9,2,8,0
2020-08-05 10:00:00+00:00,0,0.0,10,2,8,0
2020-08-05 11:00:00+00:00,0,0.0,11,2,8,0
2020-08-05 12:00:00+00:00,0,0.0,12,2,8,0
2020-08-05 13:00:00+00:00,0,0.0,13,2,8,0
2020-08-05 14:00:00+00:00,0,0.0,14,2,8,0
2020-08-05 15:00:00+00:00,0,0.0,15,2,8,0
2020-08-05 16:00:00+00:00,0,0.0,16,2,8,0
2020-08-05 17:00:00+00:00,0,0.0,17,2,8,0
2020-08-05 18:00:00+00:00,0,0.0,18,2,8,0
2020-08-05 19:00:00+00:00,0,0.0,19,2,8,0
2020-08-05 20:00:00+00:00,0,0.0,20,2,8,0
2020-08-05 21:00:00+00:00,0,0.0,21,2,8,0
2020-08-05 22:00:00+00:00,0,0.0,22,2,8,0
2020-08-05 23:00:00+00:00,0,0.0,23,2,8,0
2020-08-06 00:00:00+00:00,0,0.0,0,3,8,0
2020-08-06 01:00:00+00:00,0,0.0,1,3,8,0
2020-08-06 02:00:00+00:00,0,0.0,2,3,8,0
2020-08-06 03:00:00+00:00,0,0.0,3,3,8,0
2020-08-06 04:00:00+00:00,0,0.0,4,3,8,0
2020-08-06 05:00:00+00:00,0,0.0,5,3,8,0
2020-08-06 06:00:00+00:00,0,0.0,6,3,8,0
2020-08-06 07:00:00+00:00,0,0.0,7,3,8,0
2020-08-06 08:00:00+00:00,0,0.0,8,3,8,0
2020-08-06 09:00:00+00:00,0,0.0,9,3,8,0
2020-08-06 10:00:00+00:00,0,0.0,10,3,8,0
2020-08-06 11:00:00+00:00,0,0.0,11,3,8,0
2020-08-06 12:00:00+00:00,0,0.0,12,3,8,0
2020-08-06 13:00:00+00:00,0,0.0,13,3,8,0
2020-08-06 14:00:00+00:00,0,0.0,14,3,8,0
2020-08-06 15:00:00+00:00,0,0.0,15,3,8,0
2020-08-06 16:00:00+00:00,0,0.0,16,3,8,0
2020-08-06 17:00:00+00:00,0,0.0,17,3,8,0
2020-08-06 18:00:00+00:00,0,0.0,18,3,8,0
2020-08-06 19:00:00+00:00,0,0.0,19,3,8,0
2020-08-06 20:00:00+00:00,0,0.0,20,3,8,0
2020-08-06 21:00:00+00:00,0,0.0,21,3,8,0
2020-08-06 22:00:00+00:00,0,0.0,22,3,8,0
2020-08-06 23:00:00+00:00,0,0.0,23,3,8,0
2020-08-07 00:00:00+00:00,0,0.0,0,4,8,0
2020-08-07 01:00:00+00:00,0,0.0,1,4,8,0
2020-08-07 02:00:00+00:00,0,0.0,2,4,8,0
2020-08-07 03:00:00+00:00,0,0.0,3,4,8,0
2020-08-07 04:00:00+00:00,0,0.0,4,4,8,0
2020-08-07 05:00:00+00:00,0,0.0,5,4,8,0
2020-08-07 06:00:00+00:00,0,0.0,6,4,8,0
2020-08-07 07:00:00+00:00,0,0.0,7,4,8,0
2020-08-07 08:00:00+00:00,0,0.0,8,4,8,0
2020-08-07 09:00:00+00:00,0,0.0,9,4,8,0
2020-08-07 10:00:00+00:00,0,0.0,10,4,8,0
2020-08-07 11:00:00+00:00,0,0.0,11,4,8,0
2020-08-07 12:00:00+00:00,0,0.0,12,4,8,0
2020-08-07 13:00:00+00:00,0,0.0,13,4,8,0
2020-08-07 14:00:00+00:00,0,0.0,14,4,8,0
2020-08-07 15:00:00+00:00,0,0.0,15,4,8,0
2020-08-07 16:00:00+00:00,0,0.0,16,4,8,0
2020-08-07 17:00:00+00:00,0,0.0,17,4,8,0
2020-08-07 18:00:00+00:00,0,0.0,18,4,8,0
2020-08-07 19:00:00+00:00,0,0.0,19,4,8,0
2020-08-07 20:00:00+00:00,0,0.0,20,4,8,0
2020-08-07 21:00:00+00:00,0,0.0,21,4,8,0
2020-08-07 22:00:00+00:00,0,0.0,22,4,8,0
2020-08-07 23:00:00+00:00,0,0.0,23,4,8,0
2020-08-08 00:00:00+00:00,0,0.0,0,5,8,1
2020-08-08 01:00:00+00:00,0,0.0,1,5,8,1
2020-08-08 02:00:00+00:00,0,0.0,2,5,8,1
2020-08-08 03:00:00+00:00,0,0.0,3,5,8,1
2020-08-08 04:00:00+00:00,0,0.0,4,5,8,1
2020-08-08 05:00:00+00:00,0,0.0,5,5,8,1
2020-08-08 06:00:00+00:00,0,0.0,6,5,8,1
2020-08-08 07:00:00+00:00,0,0.0,7,5,8,1
2020-08-08 08:00:00+00:00,0,0.0,8,5,8,1
2020-08-08 09:00:00+00:00,0,0.0,9,5,8,1
2020-08-08 10:00:00+00:00,0,0.0,10,5,8,1
2020-08-08 11:00:00+00:00,0,0.0,11,5,8,1
2020-08-08 12:00:00+00:00,0,0.0,12,5,8,1
2020-08-08 13:00:00+00:00,0,0.0,13,5,8,1
2020-08-08 14:00:00+00:00,0,0.0,14,5,8,1
2020-08-08 15:00:00+00:00,0,0.0,15,5,8,1
2020-08-08 16:00:00+00:00,0,0.0,16,5,8,1
2020-08-08 17:00:00+00:00,0,0.0,17,5,8,1
2020-08-08 18:00:00+00:00,0,0.0,18,5,8,1
2020-08-08 19:00:00+00:00,0,0.0,19,5,8,1
2020-08-08 20:00:00+00:00,0,0.0,20,5,8,1
2020-08-08 21:00:00+00:00,0,0.0,21,5,8,1
2020-08-08 22:00:00+00:00,0,0.0,22,5,8,1
2020-08-08 23:00:00+00:00,0,0.0,23,5,8,1
2020-08-09 00:00:00+00:00,0,0.0,0,6,8,1
2020-08-09 01:00:00+00:00,0,0.0,1,6,8,1
2020-08-09 02:00:00+00:00,0,0.0,2,6,8,1
2020-08-09 03:00:00+00:00,0,0.0,3,6,8,1
2020-08-09 04:00:00+00:00,0,0.0,4,6,8,1
2020-08-09 05:00:00+00:00,0,0.0,5,6,8,1
2020-08-09 06:00:00+00:00,0,0.0,6,6,8,1
2020-08-09 07:00:00+00:00,0,0.0,7,6,8,1
2020-08-09 08:00:00+00:00,0,0.0,8,6,8,1
2020-08-09 09:00:00+00:00,0,0.0,9,6,8,1
2020-08-09 10:00:00+00:00,0,0.0,10,6,8,1
2020-08-09 11:00:00+00:00,0,0.0,11,6,8,1
2020-08-09 12:00:00+00:00,0,0.0,12,6,8,1
2020-08-09 13:00:00+00:00,0,0.0,13,6,8,1
2020-08-09 14:00:00+00:00,0,0.0,14,6,8,1
2020-08-09 15:00:00+00:00,0,0.0,15,6,8,1
2020-08-09 16:00:00+00:00,0,0.0,16,6,8,1
2020-08-09 17:00:00+00:00,0,0.0,17,6,8,1
2020-08-09 18:00:00+00:00,0,0.0,18,6,8,1
2020-08-09 19:00:00+00:00,0,0.0,19,6,8,1
2020-08-09 20:00:00+00:00,0,0.0,20,6,8,1
2020-08-09 21:00:00+00:00,0,0.0,21,6,8,1
2020-08-09 22:00:00+00:00,0,0.0,22,6,8,1
2020-08-09 23:00:00+00:00,0,0.0,23,6,8,1
2020-08-10 00:00:00+00:00,0,0.0,0,0,8,0
2020-08-10 01:00:00+00:00,0,0.0,1,0,8,0
2020-08-10 02:00:00+00:00,0,0.0,2,0,8,0
2020-08-10 03:00:00+00:00,0,0.0,3,0,8,0
2020-08-10 04:00:00+00:00,0,0.0,4,0,8,0
2020-08-10 05:00:00+00:00,0,0.0,5,0,8,0
2020-08-10 06:00:00+00:00,0,0.0,6,0,8,0
2020-08-10 07:00:00+00:00,0,0.0,7,0,8,0
2020-08-10 08:00:00+00:00,0,0.0,8,0,8,0
2020-08-10 09:00:00+00:00,0,0.0,9,0,8,0
2020-08-10 10:00:00+00:00,0,0.0,10,0,8,0
2020-08-10 11:00:00+00:00,0,0.0,11,0,8,0
2020-08-10 12:00:00+00:00,0,0.0,12,0,8,0
2020-08-10 13:00:00+00:00,0,0.0,13,0,8,0
2020-08-10 14:00:00+00:00,0,0.0,14,0,8,0
2020-08-10 15:00:00+00:00,0,0.0,15,0,8,0
2020-08-10 16:00:00+00:00,0,0.0,16,0,8,0
2020-08-10 17:00:00+00:00,0,0.0,17,0,8,0
2020-08-10 18:00:00+00:00,0,0.0,18,0,8,0
2020-08-10 19:00:00+00:00,0,0.0,19,0,8,0
2020-08-10 20:00:00+00:00,0,0.0,20,0,8,0
2020-08-10 21:00:00+00:00,0,0.0,21,0,8,0
2020-08-10 22:00:00+00:00,0,0.0,22,0,8,0
2020-08-10 23:00:00+00:00,0,0.0,23,0,8,0
2020-08-11 00:00:00+00:00,0,0.0,0,1,8,0
2020-08-11 01:00:00+00:00,0,0.0,1,1,8,0
2020-08-11 02:00:00+00:00,0,0.0,2,1,8,0
2020-08-11 03:00:00+00:00,0,0.0,3,1,8,0
2020-08-11 04:00:00+00:00,0,0.0,4,1,8,0
2020-08-11 05:00:00+00:00,0,0.0,5,1,8,0
2020-08-11 06:00:00+00:00,0,0.0,6,1,8,0
2020-08-11 07:00:00+00:00,0,0.0,7,1,8,0
2020-08-11 08:00:00+00:00,0,0.0,8,1,8,0
2020-08-11 09:00:00+00:00,0,0.0,9,1,8,0
2020-08-11 10:00:00+00:00,0,0.0,10,1,8,0
2020-08-11 11:00:00+00:00,0,0.0,11,1,8,0
2020-08-11 12:00:00+00:00,0,0.0,12,1,8,0
2020-08-11 13:00:00+00:00,0,0.0,13,1,8,0
2020-08-11 14:00:00+00:00,0,0.0,14,1,8,0
2020-08-11 15:00:00+00:00,0,0.0,15,1,8,0
2020-08-11 16:00:00+00:00,0,0.0,16,1,8,0
2020-08-11 17:00:00+00:00,0,0.0,17,1,8,0
2020-08-11 18:00:00+00:00,0,0.0,18,1,8,0
2020-08-11 19:00:00+00:00,0,0.0,19,1,8,0
2020-08-11 20:00:00+00:00,0,0.0,20,1,8,0
2020-08-11 21:00:00+00:00,0,0.0,21,1,8,0
2020-08-11 22:00:00+00:00,0,0.0,22,1,8,0
2020-08-11 23:00:00+00:00,0,0.0,23,1,8,0
2020-08-12 00:00:00+00:00,0,0.0,0,2,8,0
2020-08-12 01:00:00+00:00,0,0.0,1,2,8,0
2020-08-12 02:00:00+00:00,0,0.0,2,2,8,0
2020-08-12 03:00:00+00:00,0,0.0,3,2,8,0
2020-08-12 04:00:00+00:00,0,0.0,4,2,8,0
2020-08-12 05:00:00+00:00,0,0.0,5,2,8,0
2020-08-12 06:00:00+00:00,0,0.0,6,2,8,0
2020-08-12 07:00:00+00:00,0,0.0,7,2,8,0
2020-08-12 08:00:00+00:00,0,0.0,8,2,8,0
2020-08-12 09:00:00+00:00,0,0.0,9,2,8,0
2020-08-12 10:00:00+00:00,0,0.0,10,2,8,0
2020-08-12 11:00:00+00:00,0,0.0,11,2,8,0
2020-08-12 12:00:00+00:00,0,0.0,12,2,8,0
2020-08-12 13:00:00+00:00,0,0.0,13,2,8,0
2020-08-12 14:00:00+00:00,0,0.0,14,2,8,0
2020-08-12 15:00:00+00:00,0,0.0,15,2,8,0
2020-08-12 16:00:00+00:00,0,0.0,16,2,8,0
2020-08-12 17:00:00+00:00,0,0.0,17,2,8,0
2020-08-12 18:00:00+00:00,0,0.0,18,2,8,0
2020-08-12 19:00:00+00:00,0,0.0,19,2,8,0
2020-08-12 20:00:00+00:00,0,0.0,20,2,8,0
2020-08-12 21:00:00+00:00,0,0.0,21,2,8,0
2020-08-12 22:00:00+00:00,0,0.0,22,2,8,0
2020-08-12 23:00:00+00:00,0,0.0,23,2,8,0
2020-08-13 00:00:00+00:00,0,0.0,0,3,8,0
2020-08-13 01:00:00+00:00,0,0.0,1,3,8,0
2020-08-13 02:00:00+00:00,0,0.0,2,3,8,0
2020-08-13 03:00:00+00:00,0,0.0,3,3,8,0
2020-08-13 04:00:00+00:00,0,0.0,4,3,8,0
2020-08-13 05:00:00+00:00,0,0.0,5,3,8,0
2020-08-13 06:00:00+00:00,0,0.0,6,3,8,0
2020-08-13 07:00:00+00:00,0,0.0,7,3,8,0
2020-08-13 08:00:00+00:00,0,0.0,8,3,8,0
2020-08-13 09:00:00+00:00,0,0.0,9,3,8,0
2020-08-13 10:00:00+00:00,0,0.0,10,3,8,0
2020-08-13 11:00:00+00:00,0,0.0,11,3,8,0
2020-08-13 12:00:00+00:00,0,0.0,12,3,8,0
2020-08-13 13:00:00+00:00,0,0.0,13,3,8,0
2020-08-13 14:00:00+00:00,0,0.0,14,3,8,0
2020-08-13 15:00:00+00:00,0,0.0,15,3,8,0
2020-08-13 16:00:00+00:00,0,0.0,16,3,8,0
2020-08-13 17:00:00+00:00,0,0.0,17,3,8,0
2020-08-13 18:00:00+00:00,0,0.0,18,3,8,0
2020-08-13 19:00:00+00:00,0,0.0,19,3,8,0
2020-08-13 20:00:00+00:00,0,0.0,20,3,8,0
2020-08-13 21:00:00+00:00,0,0.0,21,3,8,0
2020-08-13 22:00:00+00:00,0,0.0,22,3,8,0
2020-08-13 23:00:00+00:00,0,0.0,23,3,8,0
2020-08-14 00:00:00+00:00,0,0.0,0,4,8,0
2020-08-14 01:00:00+00:00,0,0.0,1,4,8,0
2020-08-14 02:00:00+00:00,0,0.0,2,4,8,0
2020-08-14 03:00:00+00:00,0,0.0,3,4,8,0
2020-08-14 04:00:00+00:00,0,0.0,4,4,8,0
2020-08-14 05:00:00+00:00,0,0.0,5,4,8,0
2020-08-14 06:00:00+00:00,0,0.0,6,4,8,0
2020-08-14 07:00:00+00:00,0,0.0,7,4,8,0
2020-08-14 08:00:00+00:00,0,0.0,8,4,8,0
2020-08-14 09:00:00+00:00,0,0.0,9,4,8,0
2020-08-14 10:00:00+00:00,0,0.0,10,4,8,0
2020-08-14 11:00:00+00:00,0,0.0,11,4,8,0
2020-08-14 12:00:00+00:00,0,0.0,12,4,8,0
2020-08-14 13:00:00+00:00,0,0.0,13,4,8,0
2020-08-14 14:00:00+00:00,0,0.0,14,4,8,0
2020-08-14 15:00:00+00:00,0,0.0,15,4,8,0
2020-08-14 16:00:00+00:00,0,0.0,16,4,8,0
2020-08-14 17:00:00+00:00,0,0.0,17,4,8,0
2020-08-14 18:00:00+00:00,0,0.0,18,4,8,0
2020-08-14 19:00:00+00:00,0,0.0,19,4,8,0
2020-08-14 20:00:00+00:00,0,0.0,20,4,8,0
2020-08-14 21:00:00+00:00,0,0.0,21,4,8,0
2020-08-14 22:00:00+00:00,0,0.0,22,4,8,0
2020-08-14 23:00:00+00:00,0,0.0,23,4,8,0
2020-08-15 00:00:00+00:00,0,0.0,0,5,8,1
2020-08-15 01:00:00+00:00,0,0.0,1,5,8,1
2020-08-15 02:00:00+00:00,0,0.0,2,5,8,1
2020-08-15 03:00:00+00:00,0,0.0,3,5,8,1
2020-08-15 04:00:00+00:00,0,0.0,4,5,8,1
2020-08-15 05:00:00+00:00,0,0.0,5,5,8,1
2020-08-15 06:00:00+00:00,0,0.0,6,5,8,1
2020-08-15 07:00:00+00:00,0,0.0,7,5,8,1
2020-08-15 08:00:00+00:00,0,0.0,8,5,8,1
2020-08-15 09:00:00+00:00,0,0.0,9,5,8,1
2020-08-15 10:00:00+00:00,0,0.0,10,5,8,1
2020-08-15 11:00:00+00:00,0,0.0,11,5,8,1
2020-08-15 12:00:00+00:00,0,0.0,12,5,8,1
2020-08-15 13:00:00+00:00,0,0.0,13,5,8,1
2020-08-15 14:00:00+00:00,0,0.0,14,5,8,1
2020-08-15 15:00:00+00:00,0,0.0,15,5,8,1
2020-08-15 16:00:00+00:00,0,0.0,16,5,8,1
2020-08-15 17:00:00+00:00,0,0.0,17,5,8,1
2020-08-15 18:00:00+00:00,0,0.0,18,5,8,1
2020-08-15 19:00:00+00:00,0,0.0,19,5,8,1
2020-08-15 20:00:00+00:00,0,0.0,20,5,8,1
2020-08-15 21:00:00+00:00,0,0.0,21,5,8,1
2020-08-15 22:00:00+00:00,0,0.0,22,5,8,1
2020-08-15 23:00:00+00:00,0,0.0,23,5,8,1
2020-08-16 00:00:00+00:00,0,0.0,0,6,8,1
2020-08-16 01:00:00+00:00,0,0.0,1,6,8,1
2020-08-16 02:00:00+00:00,0,0.0,2,6,8,1
2020-08-16 03:00:00+00:00,0,0.0,3,6,8,1
2020-08-16 04:00:00+00:00,0,0.0,4,6,8,1
2020-08-16 05:00:00+00:00,0,0.0,5,6,8,1
2020-08-16 06:00:00+00:00,0,0.0,6,6,8,1
2020-08-16 07:00:00+00:00,0,0.0,7,6,8,1
2020-08-16 08:00:00+00:00,0,0.0,8,6,8,1
2020-08-16 09:00:00+00:00,0,0.0,9,6,8,1
2020-08-16 10:00:00+00:00,0,0.0,10,6,8,1
2020-08-16 11:00:00+00:00,0,0.0,11,6,8,1
2020-08-16 12:00:00+00:00,0,0.0,12,6,8,1
2020-08-16 13:00:00+00:00,0,0.0,13,6,8,1
2020-08-16 14:00:00+00:00,0,0.0,14,6,8,1
2020-08-16 15:00:00+00:00,0,0.0,15,6,8,1
2020-08-16 16:00:00+00:00,0,0.0,16,6,8,1
2020-08-16 17:00:00+00:00,0,0.0,17,6,8,1
2020-08-16 18:00:00+00:00,0,0.0,18,6,8,1
2020-08-16 19:00:00+00:00,0,0.0,19,6,8,1
2020-08-16 20:00:00+00:00,0,0.0,20,6,8,1
2020-08-16 21:00:00+00:00,0,0.0,21,6,8,1
2020-08-16 22:00:00+00:00,0,0.0,22,6,8,1
2020-08-16 23:00:00+00:00,0,0.0,23,6,8,1
2020-08-17 00:00:00+00:00,0,0.0,0,0,8,0
2020-08-17 01:00:00+00:00,0,0.0,1,0,8,0
2020-08-17 02:00:00+00:00,0,0.0,2,0,8,0
2020-08-17 03:00:00+00:00,0,0.0,3,0,8,0
2020-08-17 04:00:00+00:00,0,0.0,4,0,8,0
2020-08-17 05:00:00+00:00,0,0.0,5,0,8,0
2020-08-17 06:00:00+00:00,0,0.0,6,0,8,0
2020-08-17 07:00:00+00:00,0,0.0,7,0,8,0
2020-08-17 08:00:00+00:00,0,0.0,8,0,8,0
2020-08-17 09:00:00+00:00,0,0.0,9,0,8,0
2020-08-17 10:00:00+00:00,0,0.0,10,0,8,0
2020-08-17 11:00:00+00:00,0,0.0,11,0,8,0
2020-08-17 12:00:00+00:00,0,0.0,12,0,8,0
2020-08-17 13:00:00+00:00,0,0.0,13,0,8,0
2020-08-17 14:00:00+00:00,0,0.0,14,0,8,0
2020-08-17 15:00:00+00:00,0,0.0,15,0,8,0
2020-08-17 16:00:00+00:00,0,0.0,16,0,8,0
2020-08-17 17:00:00+00:00,0,0.0,17,0,8,0
2020-08-17 18:00:00+00:00,0,0.0,18,0,8,0
2020-08-17 19:00:00+00:00,0,0.0,19,0,8,0
2020-08-17 20:00:00+00:00,0,0.0,20,0,8,0
2020-08-17 21:00:00+00:00,0,0.0,21,0,8,0
2020-08-17 22:00:00+00:00,0,0.0,22,0,8,0
2020-08-17 23:00:00+00:00,0,0.0,23,0,8,0
2020-08-18 00:00:00+00:00,0,0.0,0,1,8,0
2020-08-18 01:00:00+00:00,0,0.0,1,1,8,0
2020-08-18 02:00:00+00:00,0,0.0,2,1,8,0
2020-08-18 03:00:00+00:00,0,0.0,3,1,8,0
2020-08-18 04:00:00+00:00,0,0.0,4,1,8,0
2020-08-18 05:00:00+00:00,0,0.0,5,1,8,0
2020-08-18 06:00:00+00:00,0,0.0,6,1,8,0
2020-08-18 07:00:00+00:00,0,0.0,7,1,8,0
2020-08-18 08:00:00+00:00,0,0.0,8,1,8,0
2020-08-18 09:00:00+00:00,0,0.0,9,1,8,0
2020-08-18 10:00:00+00:00,0,0.0,10,1,8,0
2020-08-18 11:00:00+00:00,0,0.0,11,1,8,0
2020-08-18 12:00:00+00:00,0,0.0,12,1,8,0
2020-08-18 13:00:00+00:00,0,0.0,13,1,8,0
2020-08-18 14:00:00+00:00,0,0.0,14,1,8,0
2020-08-18 15:00:00+00:00,0,0.0,15,1,8,0
2020-08-18 16:00:00+00:00,0,0.0,16,1,8,0
2020-08-18 17:00:00+00:00,0,0.0,17,1,8,0
2020-08-18 18:00:00+00:00,0,0.0,18,1,8,0
2020-08-18 19:00:00+00:00,0,0.0,19,1,8,0
2020-08-18 20:00:00+00:00,0,0.0,20,1,8,0
2020-08-18 21:00:00+00:00,0,0.0,21,1,8,0
2020-08-18 22:00:00+00:00,0,0.0,22,1,8,0
2020-08-18 23:00:00+00:00,0,0.0,23,1,8,0
2020-08-19 00:00:00+00:00,0,0.0,0,2,8,0
2020-08-19 01:00:00+00:00,0,0.0,1,2,8,0
2020-08-19 02:00:00+00:00,0,0.0,2,2,8,0
2020-08-19 03:00:00+00:00,0,0.0,3,2,8,0
2020-08-19 04:00:00+00:00,0,0.0,4,2,8,0
2020-08-19 05:00:00+00:00,0,0.0,5,2,8,0
2020-08-19 06:00:00+00:00,0,0.0,6,2,8,0
2020-08-19 07:00:00+00:00,0,0.0,7,2,8,0
2020-08-19 08:00:00+00:00,0,0.0,8,2,8,0
2020-08-19 09:00:00+00:00,0,0.0,9,2,8,0
2020-08-19 10:00:00+00:00,0,0.0,10,2,8,0
2020-08-19 11:00:00+00:00,0,0.0,11,2,8,0
2020-08-19 12:00:00+00:00,0,0.0,12,2,8,0
2020-08-19 13:00:00+00:00,0,0.0,13,2,8,0
2020-08-19 14:00:00+00:00,0,0.0,14,2,8,0
2020-08-19 15:00:00+00:00,0,0.0,15,2,8,0
2020-08-19 16:00:00+00:00,0,0.0,16,2,8,0
2020-08-19 17:00:00+00:00,0,0.0,17,2,8,0
2020-08-19 18:00:00+00:00,0,0.0,18,2,8,0
2020-08-19 19:00:00+00:00,0,0.0,19,2,8,0
2020-08-19 20:00:00+00:00,0,0.0,20,2,8,0
2020-08-19 21:00:00+00:00,0,0.0,21,2,8,0
2020-08-19 22:00:00+00:00,0,0.0,22,2,8,0
2020-08-19 23:00:00+00:00,0,0.0,23,2,8,0
2020-08-20 00:00:00+00:00,0,0.0,0,3,8,0
2020-08-20 01:00:00+00:00,0,0.0,1,3,8,0
2020-08-20 02:00:00+00:00,0,0.0,2,3,8,0
2020-08-20 03:00:00+00:00,0,0.0,3,3,8,0
2020-08-20 04:00:00+00:00,0,0.0,4,3,8,0
2020-08-20 05:00:00+00:00,0,0.0,5,3,8,0
2020-08-20 06:00:00+00:00,0,0.0,6,3,8,0
2020-08-20 07:00:00+00:00,0,0.0,7,3,8,0
2020-08-20 08:00:00+00:00,0,0.0,8,3,8,0
2020-08-20 09:00:00+00:00,0,0.0,9,3,8,0
2020-08-20 10:00:00+00:00,0,0.0,10,3,8,0
2020-08-20 11:00:00+00:00,0,0.0,11,3,8,0
2020-08-20 12:00:00+00:00,0,0.0,12,3,8,0
2020-08-20 13:00:00+00:00,0,0.0,13,3,8,0
2020-08-20 14:00:00+00:00,0,0.0,14,3,8,0
2020-08-20 15:00:00+00:00,0,0.0,15,3,8,0
2020-08-20 16:00:00+00:00,0,0.0,16,3,8,0
2020-08-20 17:00:00+00:00,0,0.0,17,3,8,0
2020-08-20 18:00:00+00:00,0,0.0,18,3,8,0
2020-08-20 19:00:00+00:00,0,0.0,19,3,8,0
2020-08-20 20:00:00+00:00,0,0.0,20,3,8,0
2020-08-20 21:00:00+00:00,0,0.0,21,3,8,0
2020-08-20 22:00:00+00:00,0,0.0,22,3,8,0
2020-08-20 23:00:00+00:00,0,0.0,23,3,8,0
2020-08-21 00:00:00+00:00,0,0.0,0,4,8,0
2020-08-21 01:00:00+00:00,0,0.0,1,4,8,0
2020-08-21 02:00:00+00:00,0,0.0,2,4,8,0
2020-08-21 03:00:00+00:00,0,0.0,3,4,8,0
2020-08-21 04:00:00+00:00,0,0.0,4,4,8,0
2020-08-21 05:00:00+00:00,0,0.0,5,4,8,0
2020-08-21 06:00:00+00:00,0,0.0,6,4,8,0
2020-08-21 07:00:00+00:00,0,0.0,7,4,8,0
2020-08-21 08:00:00+00:00,0,0.0,8,4,8,0
2020-08-21 09:00:00+00:00,0,0.0,9,4,8,0
2020-08-21 10:00:00+00:00,0,0.0,10,4,8,0
2020-08-21 11:00:00+00:00,0,0.0,11,4,8,0
2020-08-21 12:00:00+00:00,0,0.0,12,4,8,0
2020-08-21 13:00:00+00:00,0,0.0,13,4,8,0
2020-08-21 14:00:00+00:00,0,0.0,14,4,8,0
2020-08-21 15:00:00+00:00,0,0.0,15,4,8,0
2020-08-21 16:00:00+00:00,0,0.0,16,4,8,0
2020-08-21 17:00:00+00:00,0,0.0,17,4,8,0
2020-08-21 18:00:00+00:00,0,0.0,18,4,8,0
2020-08-21 19:00:00+00:00,0,0.0,19,4,8,0
2020-08-21 20:00:00+00:00,0,0.0,20,4,8,0
2020-08-21 21:00:00+00:00,0,0.0,21,4,8,0
2020-08-21 22:00:00+00:00,0,0.0,22,4,8,0
2020-08-21 23:00:00+00:00,0,0.0,23,4,8,0
2020-08-22 00:00:00+00:00,0,0.0,0,5,8,1
2020-08-22 01:00:00+00:00,0,0.0,1,5,8,1
2020-08-22 02:00:00+00:00,0,0.0,2,5,8,1
2020-08-22 03:00:00+00:00,0,0.0,3,5,8,1
2020-08-22 04:00:00+00:00,0,0.0,4,5,8,1
2020-08-22 05:00:00+00:00,0,0.0,5,5,8,1
2020-08-22 06:00:00+00:00,0,0.0,6,5,8,1
2020-08-22 07:00:00+00:00,0,0.0,7,5,8,1
2020-08-22 08:00:00+00:00,0,0.0,8,5,8,1
2020-08-22 09:00:00+00:00,0,0.0,9,5,8,1
2020-08-22 10:00:00+00:00,0,0.0,10,5,8,1
2020-08-22 11:00:00+00:00,0,0.0,11,5,8,1
2020-08-22 12:00:00+00:00,0,0.0,12,5,8,1
2020-08-22 13:00:00+00:00,0,0.0,13,5,8,1
2020-08-22 14:00:00+00:00,0,0.0,14,5,8,1
2020-08-22 15:00:00+00:00,0,0.0,15,5,8,1
2020-08-22 16:00:00+00:00,0,0.0,16,5,8,1
2020-08-22 17:00:00+00:00,0,0.0,17,5,8,1
2020-08-22 18:00:00+00:00,0,0.0,18,5,8,1
2020-08-22 19:00:00+00:00,0,0.0,19,5,8,1
2020-08-22 20:00:00+00:00,0,0.0,20,5,8,1
2020-08-22 21:00:00+00:00,0,0.0,21,5,8,1
2020-08-22 22:00:00+00:00,0,0.0,22,5,8,1
2020-08-22 23:00:00+00:00,0,0.0,23,5,8,1
2020-08-23 00:00:00+00:00,0,0.0,0,6,8,1
2020-08-23 01:00:00+00:00,0,0.0,1,6,8,1
2020-08-23 02:00:00+00:00,0,0.0,2,6,8,1
2020-08-23 03:00:00+00:00,0,0.0,3,6,8,1
2020-08-23 04:00:00+00:00,0,0.0,4,6,8,1
2020-08-23 05:00:00+00:00,0,0.0,5,6,8,1
2020-08-23 06:00:00+00:00,0,0.0,6,6,8,1
2020-08-23 07:00:00+00:00,0,0.0,7,6,8,1
2020-08-23 08:00:00+00:00,0,0.0,8,6,8,1
2020-08-23 09:00:00+00:00,0,0.0,9,6,8,1
2020-08-23 10:00:00+00:00,0,0.0,10,6,8,1
2020-08-23 11:00:00+00:00,0,0.0,11,6,8,1
2020-08-23 12:00:00+00:00,0,0.0,12,6,8,1
2020-08-23 13:00:00+00:00,0,0.0,13,6,8,1
2020-08-23 14:00:00+00:00,0,0.0,14,6,8,1
2020-08-23 15:00:00+00:00,0,0.0,15,6,8,1
2020-08-23 16:00:00+00:00,0,0.0,16,6,8,1
2020-08-23 17:00:00+00:00,0,0.0,17,6,8,1
2020-08-23 18:00:00+00:00,0,0.0,18,6,8,1
2020-08-23 19:00:00+00:00,0,0.0,19,6,8,1
2020-08-23 20:00:00+00:00,0,0.0,20,6,8,1
2020-08-23 21:00:00+00:00,0,0.0,21,6,8,1
2020-08-23 22:00:00+00:00,0,0.0,22,6,8,1
2020-08-23 23:00:00+00:00,0,0.0,23,6,8,1
2020-08-24 00:00:00+00:00,0,0.0,0,0,8,0
2020-08-24 01:00:00+00:00,0,0.0,1,0,8,0
2020-08-24 02:00:00+00:00,0,0.0,2,0,8,0
2020-08-24 03:00:00+00:00,0,0.0,3,0,8,0
2020-08-24 04:00:00+00:00,0,0.0,4,0,8,0
2020-08-24 05:00:00+00:00,0,0.0,5,0,8,0
2020-08-24 06:00:00+00:00,0,0.0,6,0,8,0
2020-08-24 07:00:00+00:00,0,0.0,7,0,8,0
2020-08-24 08:00:00+00:00,0,0.0,8,0,8,0
2020-08-24 09:00:00+00:00,0,0.0,9,0,8,0
2020-08-24 10:00:00+00:00,0,0.0,10,0,8,0
2020-08-24 11:00:00+00:00,0,0.0,11,0,8,0
2020-08-24 12:00:00+00:00,0,0.0,12,0,8,0
2020-08-24 13:00:00+00:00,0,0.0,13,0,8,0
2020-08-24 14:00:00+00:00,0,0.0,14,0,8,0
2020-08-24 15:00:00+00:00,0,0.0,15,0,8,0
2020-08-24 16:00:00+00:00,0,0.0,16,0,8,0
2020-08-24 17:00:00+00:00,0,0.0,17,0,8,0
2020-08-24 18:00:00+00:00,0,0.0,18,0,8,0
2020-08-24 19:00:00+00:00,0,0.0,19,0,8,0
2020-08-24 20:00:00+00:00,0,0.0,20,0,8,0
2020-08-24 21:00:00+00:00,0,0.0,21,0,8,0
2020-08-24 22:00:00+00:00,0,0.0,22,0,8,0
2020-08-24 23:00:00+00:00,0,0.0,23,0,8,0
2020-08-25 00:00:00+00:00,0,0.0,0,1,8,0
2020-08-25 01:00:00+00:00,0,0.0,1,1,8,0
2020-08-25 02:00:00+00:00,0,0.0,2,1,8,0
2020-08-25 03:00:00+00:00,0,0.0,3,1,8,0
2020-08-25 04:00:00+00:00,0,0.0,4,1,8,0
2020-08-25 05:00:00+00:00,0,0.0,5,1,8,0
2020-08-25 06:00:00+00:00,0,0.0,6,1,8,0
2020-08-25 07:00:00+00:00,0,0.0,7,1,8,0
2020-08-25 08:00:00+00:00,0,0.0,8,1,8,0
2020-08-25 09:00:00+00:00,0,0.0,9,1,8,0
2020-08-25 10:00:00+00:00,0,0.0,10,1,8,0
2020-08-25 11:00:00+00:00,0,0.0,11,1,8,0
2020-08-25 12:00:00+00:00,0,0.0,12,1,8,0
2020-08-25 13:00:00+00:00,0,0.0,13,1,8,0
2020-08-25 14:00:00+00:00,0,0.0,14,1,8,0
2020-08-25 15:00:00+00:00,0,0.0,15,1,8,0
2020-08-25 16:00:00+00:00,0,0.0,16,1,8,0
2020-08-25 17:00:00+00:00,0,0.0,17,1,8,0
2020-08-25 18:00:00+00:00,0,0.0,18,1,8,0
2020-08-25 19:00:00+00:00,0,0.0,19,1,8,0
2020-08-25 20:00:00+00:00,0,0.0,20,1,8,0
2020-08-25 21:00:00+00:00,0,0.0,21,1,8,0
2020-08-25 22:00:00+00:00,0,0.0,22,1,8,0
2020-08-25 23:00:00+00:00,0,0.0,23,1,8,0
2020-08-26 00:00:00+00:00,0,0.0,0,2,8,0
2020-08-26 01:00:00+00:00,0,0.0,1,2,8,0
2020-08-26 02:00:00+00:00,0,0.0,2,2,8,0
2020-08-26 03:00:00+00:00,0,0.0,3,2,8,0
2020-08-26 04:00:00+00:00,0,0.0,4,2,8,0
2020-08-26 05:00:00+00:00,0,0.0,5,2,8,0
2020-08-26 06:00:00+00:00,0,0.0,6,2,8,0
2020-08-26 07:00:00+00:00,0,0.0,7,2,8,0
2020-08-26 08:00:00+00:00,0,0.0,8,2,8,0
2020-08-26 09:00:00+00:00,0,0.0,9,2,8,0
2020-08-26 10:00:00+00:00,0,0.0,10,2,8,0
2020-08-26 11:00:00+00:00,0,0.0,11,2,8,0
2020-08-26 12:00:00+00:00,0,0.0,12,2,8,0
2020-08-26 13:00:00+00:00,0,0.0,13,2,8,0
2020-08-26 14:00:00+00:00,0,0.0,14,2,8,0
2020-08-26 15:00:00+00:00,0,0.0,15,2,8,0
2020-08-26 16:00:00+00:00,0,0.0,16,2,8,0
2020-08-26 17:00:00+00:00,0,0.0,17,2,8,0
2020-08-26 18:00:00+00:00,0,0.0,18,2,8,0
2020-08-26 19:00:00+00:00,0,0.0,19,2,8,0
2020-08-26 20:00:00+00:00,0,0.0,20,2,8,0
2020-08-26 21:00:00+00:00,0,0.0,21,2,8,0
2020-08-26 22:00:00+00:00,0,0.0,22,2,8,0
2020-08-26 23:00:00+00:00,0,0.0,23,2,8,0
2020-08-27 00:00:00+00:00,0,0.0,0,3,8,0
2020-08-27 01:00:00+00:00,0,0.0,1,3,8,0
2020-08-27 02:00:00+00:00,0,0.0,2,3,8,0
2020-08-27 03:00:00+00:00,0,0.0,3,3,8,0
2020-08-27 04:00:00+00:00,0,0.0,4,3,8,0
2020-08-27 05:00:00+00:00,0,0.0,5,3,8,0
2020-08-27 06:00:00+00:00,0,0.0,6,3,8,0
2020-08-27 07:00:00+00:00,0,0.0,7,3,8,0
2020-08-27 08:00:00+00:00,0,0.0,8,3,8,0
2020-08-27 09:00:00+00:00,0,0.0,9,3,8,0
2020-08-27 10:00:00+00:00,0,0.0,10,3,8,0
2020-08-27 11:00:00+00:00,0,0.0,11,3,8,0
2020-08-27 12:00:00+00:00,0,0.0,12,3,8,0
2020-08-27 13:00:00+00:00,0,0.0,13,3,8,0
2020-08-27 14:00:00+00:00,0,0.0,14,3,8,0
2020-08-27 15:00:00+00:00,0,0.0,15,3,8,0
2020-08-27 16:00:00+00:00,0,0.0,16,3,8,0
2020-08-27 17:00:00+00:00,0,0.0,17,3,8,0
2020-08-27 18:00:00+00:00,0,0.0,18,3,8,0
2020-08-27 19:00:00+00:00,0,0.0,19,3,8,0
2020-08-27 20:00:00+00:00,0,0.0,20,3,8,0
2020-08-27 21:00:00+00:00,0,0.0,21,3,8,0
2020-08-27 22:00:00+00:00,0,0.0,22,3,8,0
2020-08-27 23:00:00+00:00,0,0.0,23,3,8,0
2020-08-28 00:00:00+00:00,0,0.0,0,4,8,0
2020-08-28 01:00:00+00:00,0,0.0,1,4,8,0
2020-08-28 02:00:00+00:00,0,0.0,2,4,8,0
2020-08-28 03:00:00+00:00,0,0.0,3,4,8,0
2020-08-28 04:00:00+00:00,0,0.0,4,4,8,0
2020-08-28 05:00:00+00:00,0,0.0,5,4,8,0
2020-08-28 06:00:00+00:00,0,0.0,6,4,8,0
2020-08-28 07:00:00+00:00,0,0.0,7,4,8,0
2020-08-28 08:00:00+00:00,0,0.0,8,4,8,0
2020-08-28 09:00:00+00:00,0,0.0,9,4,8,0
2020-08-28 10:00:00+00:00,0,0.0,10,4,8,0
2020-08-28 11:00:00+00:00,0,0.0,11,4,8,0
2020-08-28 12:00:00+00:00,0,0.0,12,4,8,0
2020-08-28 13:00:00+00:00,0,0.0,13,4,8,0
2020-08-28 14:00:00+00:00,0,0.0,14,4,8,0
2020-08-28 15:00:00+00:00,0,0.0,15,4,8,0
2020-08-28 16:00:00+00:00,0,0.0,16,4,8,0
2020-08-28 17:00:00+00:00,0,0.0,17,4,8,0
2020-08-28 18:00:00+00:00,0,0.0,18,4,8,0
2020-08-28 19:00:00+00:00,0,0.0,19,4,8,0
2020-08-28 20:00:00+00:00,0,0.0,20,4,8,0
2020-08-28 21:00:00+00:00,0,0.0,21,4,8,0
2020-08-28 22:00:00+00:00,0,0.0,22,4,8,0
2020-08-28 23:00:00+00:00,0,0.0,23,4,8,0
2020-08-29 00:00:00+00:00,0,0.0,0,5,8,1
2020-08-29 01:00:00+00:00,0,0.0,1,5,8,1
2020-08-29 02:00:00+00:00,0,0.0,2,5,8,1
2020-08-29 03:00:00+00:00,0,0.0,3,5,8,1
2020-08-29 04:00:00+00:00,0,0.0,4,5,8,1
2020-08-29 05:00:00+00:00,0,0.0,5,5,8,1
2020-08-29 06:00:00+00:00,0,0.0,6,5,8,1
2020-08-29 07:00:00+00:00,0,0.0,7,5,8,1
2020-08-29 08:00:00+00:00,0,0.0,8,5,8,1
2020-08-29 09:00:00+00:00,0,0.0,9,5,8,1
2020-08-29 10:00:00+00:00,0,0.0,10,5,8,1
2020-08-29 11:00:00+00:00,0,0.0,11,5,8,1
2020-08-29 12:00:00+00:00,0,0.0,12,5,8,1
2020-08-29 13:00:00+00:00,0,0.0,13,5,8,1
2020-08-29 14:00:00+00:00,0,0.0,14,5,8,1
2020-08-29 15:00:00+00:00,0,0.0,15,5,8,1
2020-08-29 16:00:00+00:00,0,0.0,16,5,8,1
2020-08-29 17:00:00+00:00,0,0.0,17,5,8,1
2020-08-29 18:00:00+00:00,0,0.0,18,5,8,1
2020-08-29 19:00:00+00:00,0,0.0,19,5,8,1
2020-08-29 20:00:00+00:00,0,0.0,20,5,8,1
2020-08-29 21:00:00+00:00,0,0.0,21,5,8,1
2020-08-29 22:00:00+00:00,0,0.0,22,5,8,1
2020-08-29 23:00:00+00:00,0,0.0,23,5,8,1
2020-08-30 00:00:00+00:00,0,0.0,0,6,8,1
2020-08-30 01:00:00+00:00,0,0.0,1,6,8,1
2020-08-30 02:00:00+00:00,0,0.0,2,6,8,1
2020-08-30 03:00:00+00:00,0,0.0,3,6,8,1
2020-08-30 04:00:00+00:00,0,0.0,4,6,8,1
2020-08-30 05:00:00+00:00,0,0.0,5,6,8,1
2020-08-30 06:00:00+00:00,0,0.0,6,6,8,1
2020-08-30 07:00:00+00:00,0,0.0,7,6,8,1
2020-08-30 08:00:00+00:00,0,0.0,8,6,8,1
2020-08-30 09:00:00+00:00,0,0.0,9,6,8,1
2020-08-30 10:00:00+00:00,0,0.0,10,6,8,1
2020-08-30 11:00:00+00:00,0,0.0,11,6,8,1
2020-08-30 12:00:00+00:00,0,0.0,12,6,8,1
2020-08-30 13:00:00+00:00,0,0.0,13,6,8,1
2020-08-30 14:00:00+00:00,0,0.0,14,6,8,1
2020-08-30 15:00:00+00:00,0,0.0,15,6,8,1
2020-08-30 16:00:00+00:00,0,0.0,16,6,8,1
2020-08-30 17:00:00+00:00,0,0.0,17,6,8,1
2020-08-30 18:00:00+00:00,0,0.0,18,6,8,1
2020-08-30 19:00:00+00:00,0,0.0,19,6,8,1
2020-08-30 20:00:00+00:00,0,0.0,20,6,8,1
2020-08-30 21:00:00+00:00,0,0.0,21,6,8,1
2020-08-30 22:00:00+00:00,0,0.0,22,6,8,1
2020-08-30 23:00:00+00:00,0,0.0,23,6,8,1
2020-08-31 00:00:00+00:00,0,0.0,0,0,8,0
2020-08-31 01:00:00+00:00,0,0.0,1,0,8,0
2020-08-31 02:00:00+00:00,0,0.0,2,0,8,0
2020-08-31 03:00:00+00:00,0,0.0,3,0,8,0
2020-08-31 04:00:00+00:00,0,0.0,4,0,8,0
2020-08-31 05:00:00+00:00,0,0.0,5,0,8,0
2020-08-31 06:00:00+00:00,0,0.0,6,0,8,0
2020-08-31 07:00:00+00:00,0,0.0,7,0,8,0
2020-08-31 08:00:00+00:00,0,0.0,8,0,8,0
2020-08-31 09:00:00+00:00,0,0.0,9,0,8,0
2020-08-31 10:00:00+00:00,0,0.0,10,0,8,0
2020-08-31 11:00:00+00:00,0,0.0,11,0,8,0
2020-08-31 12:00:00+00:00,0,0.0,12,0,8,0
2020-08-31 13:00:00+00:00,0,0.0,13,0,8,0
2020-08-31 14:00:00+00:00,0,0.0,14,0,8,0
2020-08-31 15:00:00+00:00,0,0.0,15,0,8,0
2020-08-31 16:00:00+00:00,0,0.0,16,0,8,0
2020-08-31 17:00:00+00:00,0,0.0,17,0,8,0
2020-08-31 18:00:00+00:00,0,0.0,18,0,8,0
2020-08-31 19:00:00+00:00,0,0.0,19,0,8,0
2020-08-31 20:00:00+00:00,0,0.0,20,0,8,0
2020-08-31 21:00:00+00:00,0,0.0,21,0,8,0
2020-08-31 22:00:00+00:00,0,0.0,22,0,8,0
2020-08-31 23:00:00+00:00,0,0.0,23,0,8,0
2020-09-01 00:00:00+00:00,0,0.0,0,1,9,0
2020-09-01 01:00:00+00:00,0,0.0,1,1,9,0
2020-09-01 02:00:00+00:00,0,0.0,2,1,9,0
2020-09-01 03:00:00+00:00,0,0.0,3,1,9,0
2020-09-01 04:00:00+00:00,0,0.0,4,1,9,0
2020-09-01 05:00:00+00:00,0,0.0,5,1,9,0
2020-09-01 06:00:00+00:00,0,0.0,6,1,9,0
2020-09-01 07:00:00+00:00,0,0.0,7,1,9,0
2020-09-01 08:00:00+00:00,0,0.0,8,1,9,0
2020-09-01 09:00:00+00:00,0,0.0,9,1,9,0
2020-09-01 10:00:00+00:00,0,0.0,10,1,9,0
2020-09-01 11:00:00+00:00,0,0.0,11,1,9,0
2020-09-01 12:00:00+00:00,0,0.0,12,1,9,0
2020-09-01 13:00:00+00:00,0,0.0,13,1,9,0
2020-09-01 14:00:00+00:00,0,0.0,14,1,9,0
2020-09-01 15:00:00+00:00,0,0.0,15,1,9,0
2020-09-01 16:00:00+00:00,0,0.0,16,1,9,0
2020-09-01 17:00:00+00:00,0,0.0,17,1,9,0
2020-09-01 18:00:00+00:00,0,0.0,18,1,9,0
2020-09-01 19:00:00+00:00,0,0.0,19,1,9,0
2020-09-01 20:00:00+00:00,0,0.0,20,1,9,0
2020-09-01 21:00:00+00:00,0,0.0,21,1,9,0
2020-09-01 22:00:00+00:00,0,0.0,22,1,9,0
2020-09-01 23:00:00+00:00,0,0.0,23,1,9,0
2020-09-02 00:00:00+00:00,0,0.0,0,2,9,0
2020-09-02 01:00:00+00:00,0,0.0,1,2,9,0
2020-09-02 02:00:00+00:00,0,0.0,2,2,9,0
2020-09-02 03:00:00+00:00,0,0.0,3,2,9,0
2020-09-02 04:00:00+00:00,0,0.0,4,2,9,0
2020-09-02 05:00:00+00:00,0,0.0,5,2,9,0
2020-09-02 06:00:00+00:00,0,0.0,6,2,9,0
2020-09-02 07:00:00+00:00,0,0.0,7,2,9,0
2020-09-02 08:00:00+00:00,0,0.0,8,2,9,0
2020-09-02 09:00:00+00:00,0,0.0,9,2,9,0
2020-09-02 10:00:00+00:00,0,0.0,10,2,9,0
2020-09-02 11:00:00+00:00,0,0.0,11,2,9,0
2020-09-02 12:00:00+00:00,0,0.0,12,2,9,0
2020-09-02 13:00:00+00:00,0,0.0,13,2,9,0
2020-09-02 14:00:00+00:00,0,0.0,14,2,9,0
2020-09-02 15:00:00+00:00,0,0.0,15,2,9,0
2020-09-02 16:00:00+00:00,0,0.0,16,2,9,0
2020-09-02 17:00:00+00:00,0,0.0,17,2,9,0
2020-09-02 18:00:00+00:00,0,0.0,18,2,9,0
2020-09-02 19:00:00+00:00,0,0.0,19,2,9,0
2020-09-02 20:00:00+00:00,0,0.0,20,2,9,0
2020-09-02 21:00:00+00:00,0,0.0,21,2,9,0
2020-09-02 22:00:00+00:00,0,0.0,22,2,9,0
2020-09-02 23:00:00+00:00,0,0.0,23,2,9,0
2020-09-03 00:00:00+00:00,0,0.0,0,3,9,0
2020-09-03 01:00:00+00:00,0,0.0,1,3,9,0
2020-09-03 02:00:00+00:00,0,0.0,2,3,9,0
2020-09-03 03:00:00+00:00,0,0.0,3,3,9,0
2020-09-03 04:00:00+00:00,0,0.0,4,3,9,0
2020-09-03 05:00:00+00:00,0,0.0,5,3,9,0
2020-09-03 06:00:00+00:00,0,0.0,6,3,9,0
2020-09-03 07:00:00+00:00,0,0.0,7,3,9,0
2020-09-03 08:00:00+00:00,0,0.0,8,3,9,0
2020-09-03 09:00:00+00:00,0,0.0,9,3,9,0
2020-09-03 10:00:00+00:00,0,0.0,10,3,9,0
2020-09-03 11:00:00+00:00,0,0.0,11,3,9,0
2020-09-03 12:00:00+00:00,0,0.0,12,3,9,0
2020-09-03 13:00:00+00:00,0,0.0,13,3,9,0
2020-09-03 14:00:00+00:00,0,0.0,14,3,9,0
2020-09-03 15:00:00+00:00,0,0.0,15,3,9,0
2020-09-03 16:00:00+00:00,0,0.0,16,3,9,0
2020-09-03 17:00:00+00:00,0,0.0,17,3,9,0
2020-09-03 18:00:00+00:00,0,0.0,18,3,9,0
2020-09-03 19:00:00+00:00,0,0.0,19,3,9,0
2020-09-03 20:00:00+00:00,0,0.0,20,3,9,0
2020-09-03 21:00:00+00:00,0,0.0,21,3,9,0
2020-09-03 22:00:00+00:00,0,0.0,22,3,9,0
2020-09-03 23:00:00+00:00,0,0.0,23,3,9,0
2020-09-04 00:00:00+00:00,0,0.0,0,4,9,0
2020-09-04 01:00:00+00:00,0,0.0,1,4,9,0
2020-09-04 02:00:00+00:00,0,0.0,2,4,9,0
2020-09-04 03:00:00+00:00,0,0.0,3,4,9,0
2020-09-04 04:00:00+00:00,0,0.0,4,4,9,0
2020-09-04 05:00:00+00:00,0,0.0,5,4,9,0
2020-09-04 06:00:00+00:00,0,0.0,6,4,9,0
2020-09-04 07:00:00+00:00,0,0.0,7,4,9,0
2020-09-04 08:00:00+00:00,0,0.0,8,4,9,0
2020-09-04 09:00:00+00:00,0,0.0,9,4,9,0
2020-09-04 10:00:00+00:00,0,0.0,10,4,9,0
2020-09-04 11:00:00+00:00,0,0.0,11,4,9,0
2020-09-04 12:00:00+00:00,0,0.0,12,4,9,0
2020-09-04 13:00:00+00:00,0,0.0,13,4,9,0
2020-09-04 14:00:00+00:00,0,0.0,14,4,9,0
2020-09-04 15:00:00+00:00,0,0.0,15,4,9,0
2020-09-04 16:00:00+00:00,0,0.0,16,4,9,0
2020-09-04 17:00:00+00:00,0,0.0,17,4,9,0
2020-09-04 18:00:00+00:00,0,0.0,18,4,9,0
2020-09-04 19:00:00+00:00,0,0.0,19,4,9,0
2020-09-04 20:00:00+00:00,0,0.0,20,4,9,0
2020-09-04 21:00:00+00:00,0,0.0,21,4,9,0
2020-09-04 22:00:00+00:00,0,0.0,22,4,9,0
2020-09-04 23:00:00+00:00,0,0.0,23,4,9,0
2020-09-05 00:00:00+00:00,0,0.0,0,5,9,1
2020-09-05 01:00:00+00:00,0,0.0,1,5,9,1
2020-09-05 02:00:00+00:00,0,0.0,2,5,9,1
2020-09-05 03:00:00+00:00,0,0.0,3,5,9,1
2020-09-05 04:00:00+00:00,0,0.0,4,5,9,1
2020-09-05 05:00:00+00:00,0,0.0,5,5,9,1
2020-09-05 06:00:00+00:00,0,0.0,6,5,9,1
2020-09-05 07:00:00+00:00,0,0.0,7,5,9,1
2020-09-05 08:00:00+00:00,0,0.0,8,5,9,1
2020-09-05 09:00:00+00:00,0,0.0,9,5,9,1
2020-09-05 10:00:00+00:00,0,0.0,10,5,9,1
2020-09-05 11:00:00+00:00,0,0.0,11,5,9,1
2020-09-05 12:00:00+00:00,0,0.0,12,5,9,1
2020-09-05 13:00:00+00:00,0,0.0,13,5,9,1
2020-09-05 14:00:00+00:00,0,0.0,14,5,9,1
2020-09-05 15:00:00+00:00,0,0.0,15,5,9,1
2020-09-05 16:00:00+00:00,0,0.0,16,5,9,1
2020-09-05 17:00:00+00:00,0,0.0,17,5,9,1
2020-09-05 18:00:00+00:00,0,0.0,18,5,9,1
2020-09-05 19:00:00+00:00,0,0.0,19,5,9,1
2020-09-05 20:00:00+00:00,0,0.0,20,5,9,1
2020-09-05 21:00:00+00:00,0,0.0,21,5,9,1
2020-09-05 22:00:00+00:00,0,0.0,22,5,9,1
2020-09-05 23:00:00+00:00,0,0.0,23,5,9,1
2020-09-06 00:00:00+00:00,0,0.0,0,6,9,1
2020-09-06 01:00:00+00:00,0,0.0,1,6,9,1
2020-09-06 02:00:00+00:00,0,0.0,2,6,9,1
2020-09-06 03:00:00+00:00,0,0.0,3,6,9,1
2020-09-06 04:00:00+00:00,0,0.0,4,6,9,1
2020-09-06 05:00:00+00:00,0,0.0,5,6,9,1
2020-09-06 06:00:00+00:00,0,0.0,6,6,9,1
2020-09-06 07:00:00+00:00,0,0.0,7,6,9,1
2020-09-06 08:00:00+00:00,0,0.0,8,6,9,1
2020-09-06 09:00:00+00:00,0,0.0,9,6,9,1
2020-09-06 10:00:00+00:00,0,0.0,10,6,9,1
2020-09-06 11:00:00+00:00,0,0.0,11,6,9,1
2020-09-06 12:00:00+00:00,0,0.0,12,6,9,1
2020-09-06 13:00:00+00:00,0,0.0,13,6,9,1
2020-09-06 14:00:00+00:00,0,0.0,14,6,9,1
2020-09-06 15:00:00+00:00,0,0.0,15,6,9,1
2020-09-06 16:00:00+00:00,0,0.0,16,6,9,1
2020-09-06 17:00:00+00:00,0,0.0,17,6,9,1
2020-09-06 18:00:00+00:00,0,0.0,18,6,9,1
2020-09-06 19:00:00+00:00,0,0.0,19,6,9,1
2020-09-06 20:00:00+00:00,0,0.0,20,6,9,1
2020-09-06 21:00:00+00:00,0,0.0,21,6,9,1
2020-09-06 22:00:00+00:00,0,0.0,22,6,9,1
2020-09-06 23:00:00+00:00,0,0.0,23,6,9,1
2020-09-07 00:00:00+00:00,0,0.0,0,0,9,0
2020-09-07 01:00:00+00:00,0,0.0,1,0,9,0
2020-09-07 02:00:00+00:00,0,0.0,2,0,9,0
2020-09-07 03:00:00+00:00,0,0.0,3,0,9,0
2020-09-07 04:00:00+00:00,0,0.0,4,0,9,0
2020-09-07 05:00:00+00:00,0,0.0,5,0,9,0
2020-09-07 06:00:00+00:00,0,0.0,6,0,9,0
2020-09-07 07:00:00+00:00,0,0.0,7,0,9,0
2020-09-07 08:00:00+00:00,0,0.0,8,0,9,0
2020-09-07 09:00:00+00:00,0,0.0,9,0,9,0
2020-09-07 10:00:00+00:00,0,0.0,10,0,9,0
2020-09-07 11:00:00+00:00,0,0.0,11,0,9,0
2020-09-07 12:00:00+00:00,0,0.0,12,0,9,0
2020-09-07 13:00:00+00:00,0,0.0,13,0,9,0
2020-09-07 14:00:00+00:00,0,0.0,14,0,9,0
2020-09-07 15:00:00+00:00,0,0.0,15,0,9,0
2020-09-07 16:00:00+00:00,0,0.0,16,0,9,0
2020-09-07 17:00:00+00:00,0,0.0,17,0,9,0
2020-09-07 18:00:00+00:00,0,0.0,18,0,9,0
2020-09-07 19:00:00+00:00,0,0.0,19,0,9,0
2020-09-07 20:00:00+00:00,0,0.0,20,0,9,0
2020-09-07 21:00:00+00:00,0,0.0,21,0,9,0
2020-09-07 22:00:00+00:00,0,0.0,22,0,9,0
2020-09-07 23:00:00+00:00,0,0.0,23,0,9,0
2020-09-08 00:00:00+00:00,0,0.0,0,1,9,0
2020-09-08 01:00:00+00:00,0,0.0,1,1,9,0
2020-09-08 02:00:00+00:00,0,0.0,2,1,9,0
2020-09-08 03:00:00+00:00,0,0.0,3,1,9,0
2020-09-08 04:00:00+00:00,0,0.0,4,1,9,0
2020-09-08 05:00:00+00:00,0,0.0,5,1,9,0
2020-09-08 06:00:00+00:00,0,0.0,6,1,9,0
2020-09-08 07:00:00+00:00,0,0.0,7,1,9,0
2020-09-08 08:00:00+00:00,0,0.0,8,1,9,0
2020-09-08 09:00:00+00:00,0,0.0,9,1,9,0
2020-09-08 10:00:00+00:00,0,0.0,10,1,9,0
2020-09-08 11:00:00+00:00,0,0.0,11,1,9,0
2020-09-08 12:00:00+00:00,0,0.0,12,1,9,0
2020-09-08 13:00:00+00:00,0,0.0,13,1,9,0
2020-09-08 14:00:00+00:00,0,0.0,14,1,9,0
2020-09-08 15:00:00+00:00,0,0.0,15,1,9,0
2020-09-08 16:00:00+00:00,0,0.0,16,1,9,0
2020-09-08 17:00:00+00:00,0,0.0,17,1,9,0
2020-09-08 18:00:00+00:00,0,0.0,18,1,9,0
2020-09-08 19:00:00+00:00,0,0.0,19,1,9,0
2020-09-08 20:00:00+00:00,0,0.0,20,1,9,0
2020-09-08 21:00:00+00:00,0,0.0,21,1,9,0
2020-09-08 22:00:00+00:00,0,0.0,22,1,9,0
2020-09-08 23:00:00+00:00,0,0.0,23,1,9,0
2020-09-09 00:00:00+00:00,0,0.0,0,2,9,0
2020-09-09 01:00:00+00:00,0,0.0,1,2,9,0
2020-09-09 02:00:00+00:00,0,0.0,2,2,9,0
2020-09-09 03:00:00+00:00,0,0.0,3,2,9,0
2020-09-09 04:00:00+00:00,0,0.0,4,2,9,0
2020-09-09 05:00:00+00:00,0,0.0,5,2,9,0
2020-09-09 06:00:00+00:00,0,0.0,6,2,9,0
2020-09-09 07:00:00+00:00,0,0.0,7,2,9,0
2020-09-09 08:00:00+00:00,0,0.0,8,2,9,0
2020-09-09 09:00:00+00:00,0,0.0,9,2,9,0
2020-09-09 10:00:00+00:00,0,0.0,10,2,9,0
2020-09-09 11:00:00+00:00,0,0.0,11,2,9,0
2020-09-09 12:00:00+00:00,0,0.0,12,2,9,0
2020-09-09 13:00:00+00:00,0,0.0,13,2,9,0
2020-09-09 14:00:00+00:00,0,0.0,14,2,9,0
2020-09-09 15:00:00+00:00,0,0.0,15,2,9,0
2020-09-09 16:00:00+00:00,0,0.0,16,2,9,0
2020-09-09 17:00:00+00:00,0,0.0,17,2,9,0
2020-09-09 18:00:00+00:00,0,0.0,18,2,9,0
2020-09-09 19:00:00+00:00,0,0.0,19,2,9,0
2020-09-09 20:00:00+00:00,0,0.0,20,2,9,0
2020-09-09 21:00:00+00:00,0,0.0,21,2,9,0
2020-09-09 22:00:00+00:00,0,0.0,22,2,9,0
2020-09-09 23:00:00+00:00,0,0.0,23,2,9,0
2020-09-10 00:00:00+00:00,0,0.0,0,3,9,0
2020-09-10 01:00:00+00:00,0,0.0,1,3,9,0
2020-09-10 02:00:00+00:00,0,0.0,2,3,9,0
2020-09-10 03:00:00+00:00,0,0.0,3,3,9,0
2020-09-10 04:00:00+00:00,0,0.0,4,3,9,0
2020-09-10 05:00:00+00:00,0,0.0,5,3,9,0
2020-09-10 06:00:00+00:00,0,0.0,6,3,9,0
2020-09-10 07:00:00+00:00,0,0.0,7,3,9,0
2020-09-10 08:00:00+00:00,0,0.0,8,3,9,0
2020-09-10 09:00:00+00:00,0,0.0,9,3,9,0
2020-09-10 10:00:00+00:00,0,0.0,10,3,9,0
2020-09-10 11:00:00+00:00,0,0.0,11,3,9,0
2020-09-10 12:00:00+00:00,0,0.0,12,3,9,0
2020-09-10 13:00:00+00:00,0,0.0,13,3,9,0
2020-09-10 14:00:00+00:00,0,0.0,14,3,9,0
2020-09-10 15:00:00+00:00,0,0.0,15,3,9,0
2020-09-10 16:00:00+00:00,0,0.0,16,3,9,0
2020-09-10 17:00:00+00:00,0,0.0,17,3,9,0
2020-09-10 18:00:00+00:00,0,0.0,18,3,9,0
2020-09-10 19:00:00+00:00,0,0.0,19,3,9,0
2020-09-10 20:00:00+00:00,0,0.0,20,3,9,0
2020-09-10 21:00:00+00:00,0,0.0,21,3,9,0
2020-09-10 22:00:00+00:00,0,0.0,22,3,9,0
2020-09-10 23:00:00+00:00,0,0.0,23,3,9,0
2020-09-11 00:00:00+00:00,0,0.0,0,4,9,0
2020-09-11 01:00:00+00:00,0,0.0,1,4,9,0
2020-09-11 02:00:00+00:00,0,0.0,2,4,9,0
2020-09-11 03:00:00+00:00,0,0.0,3,4,9,0
2020-09-11 04:00:00+00:00,0,0.0,4,4,9,0
2020-09-11 05:00:00+00:00,0,0.0,5,4,9,0
2020-09-11 06:00:00+00:00,0,0.0,6,4,9,0
2020-09-11 07:00:00+00:00,0,0.0,7,4,9,0
2020-09-11 08:00:00+00:00,0,0.0,8,4,9,0
2020-09-11 09:00:00+00:00,0,0.0,9,4,9,0
2020-09-11 10:00:00+00:00,0,0.0,10,4,9,0
2020-09-11 11:00:00+00:00,0,0.0,11,4,9,0
2020-09-11 12:00:00+00:00,0,0.0,12,4,9,0
2020-09-11 13:00:00+00:00,0,0.0,13,4,9,0
2020-09-11 14:00:00+00:00,0,0.0,14,4,9,0
2020-09-11 15:00:00+00:00,0,0.0,15,4,9,0
2020-09-11 16:00:00+00:00,0,0.0,16,4,9,0
2020-09-11 17:00:00+00:00,0,0.0,17,4,9,0
2020-09-11 18:00:00+00:00,0,0.0,18,4,9,0
2020-09-11 19:00:00+00:00,0,0.0,19,4,9,0
2020-09-11 20:00:00+00:00,0,0.0,20,4,9,0
2020-09-11 21:00:00+00:00,0,0.0,21,4,9,0
2020-09-11 22:00:00+00:00,0,0.0,22,4,9,0
2020-09-11 23:00:00+00:00,0,0.0,23,4,9,0
2020-09-12 00:00:00+00:00,0,0.0,0,5,9,1
2020-09-12 01:00:00+00:00,0,0.0,1,5,9,1
2020-09-12 02:00:00+00:00,0,0.0,2,5,9,1
2020-09-12 03:00:00+00:00,0,0.0,3,5,9,1
2020-09-12 04:00:00+00:00,0,0.0,4,5,9,1
2020-09-12 05:00:00+00:00,0,0.0,5,5,9,1
2020-09-12 06:00:00+00:00,0,0.0,6,5,9,1
2020-09-12 07:00:00+00:00,0,0.0,7,5,9,1
2020-09-12 08:00:00+00:00,0,0.0,8,5,9,1
2020-09-12 09:00:00+00:00,0,0.0,9,5,9,1
2020-09-12 10:00:00+00:00,0,0.0,10,5,9,1
2020-09-12 11:00:00+00:00,0,0.0,11,5,9,1
2020-09-12 12:00:00+00:00,0,0.0,12,5,9,1
2020-09-12 13:00:00+00:00,0,0.0,13,5,9,1
2020-09-12 14:00:00+00:00,0,0.0,14,5,9,1
2020-09-12 15:00:00+00:00,0,0.0,15,5,9,1
2020-09-12 16:00:00+00:00,0,0.0,16,5,9,1
2020-09-12 17:00:00+00:00,0,0.0,17,5,9,1
2020-09-12 18:00:00+00:00,0,0.0,18,5,9,1
2020-09-12 19:00:00+00:00,0,0.0,19,5,9,1
2020-09-12 20:00:00+00:00,0,0.0,20,5,9,1
2020-09-12 21:00:00+00:00,0,0.0,21,5,9,1
2020-09-12 22:00:00+00:00,0,0.0,22,5,9,1
2020-09-12 23:00:00+00:00,0,0.0,23,5,9,1
2020-09-13 00:00:00+00:00,0,0.0,0,6,9,1
2020-09-13 01:00:00+00:00,0,0.0,1,6,9,1
2020-09-13 02:00:00+00:00,0,0.0,2,6,9,1
2020-09-13 03:00:00+00:00,0,0.0,3,6,9,1
2020-09-13 04:00:00+00:00,0,0.0,4,6,9,1
2020-09-13 05:00:00+00:00,0,0.0,5,6,9,1
2020-09-13 06:00:00+00:00,0,0.0,6,6,9,1
2020-09-13 07:00:00+00:00,0,0.0,7,6,9,1
2020-09-13 08:00:00+00:00,0,0.0,8,6,9,1
2020-09-13 09:00:00+00:00,0,0.0,9,6,9,1
2020-09-13 10:00:00+00:00,0,0.0,10,6,9,1
2020-09-13 11:00:00+00:00,0,0.0,11,6,9,1
2020-09-13 12:00:00+00:00,0,0.0,12,6,9,1
2020-09-13 13:00:00+00:00,0,0.0,13,6,9,1
2020-09-13 14:00:00+00:00,0,0.0,14,6,9,1
2020-09-13 15:00:00+00:00,0,0.0,15,6,9,1
2020-09-13 16:00:00+00:00,0,0.0,16,6,9,1
2020-09-13 17:00:00+00:00,0,0.0,17,6,9,1
2020-09-13 18:00:00+00:00,0,0.0,18,6,9,1
2020-09-13 19:00:00+00:00,0,0.0,19,6,9,1
2020-09-13 20:00:00+00:00,0,0.0,20,6,9,1
2020-09-13 21:00:00+00:00,0,0.0,21,6,9,1
2020-09-13 22:00:00+00:00,0,0.0,22,6,9,1
2020-09-13 23:00:00+00:00,0,0.0,23,6,9,1
2020-09-14 00:00:00+00:00,0,0.0,0,0,9,0
2020-09-14 01:00:00+00:00,0,0.0,1,0,9,0
2020-09-14 02:00:00+00:00,0,0.0,2,0,9,0
2020-09-14 03:00:00+00:00,0,0.0,3,0,9,0
2020-09-14 04:00:00+00:00,0,0.0,4,0,9,0
2020-09-14 05:00:00+00:00,0,0.0,5,0,9,0
2020-09-14 06:00:00+00:00,0,0.0,6,0,9,0
2020-09-14 07:00:00+00:00,0,0.0,7,0,9,0
2020-09-14 08:00:00+00:00,0,0.0,8,0,9,0
2020-09-14 09:00:00+00:00,0,0.0,9,0,9,0
2020-09-14 10:00:00+00:00,0,0.0,10,0,9,0
2020-09-14 11:00:00+00:00,0,0.0,11,0,9,0
2020-09-14 12:00:00+00:00,0,0.0,12,0,9,0
2020-09-14 13:00:00+00:00,0,0.0,13,0,9,0
2020-09-14 14:00:00+00:00,0,0.0,14,0,9,0
2020-09-14 15:00:00+00:00,0,0.0,15,0,9,0
2020-09-14 16:00:00+00:00,0,0.0,16,0,9,0
2020-09-14 17:00:00+00:00,0,0.0,17,0,9,0
2020-09-14 18:00:00+00:00,0,0.0,18,0,9,0
2020-09-14 19:00:00+00:00,0,0.0,19,0,9,0
2020-09-14 20:00:00+00:00,0,0.0,20,0,9,0
2020-09-14 21:00:00+00:00,0,0.0,21,0,9,0
2020-09-14 22:00:00+00:00,0,0.0,22,0,9,0
2020-09-14 23:00:00+00:00,0,0.0,23,0,9,0
2020-09-15 00:00:00+00:00,0,0.0,0,1,9,0
2020-09-15 01:00:00+00:00,0,0.0,1,1,9,0
2020-09-15 02:00:00+00:00,0,0.0,2,1,9,0
2020-09-15 03:00:00+00:00,0,0.0,3,1,9,0
2020-09-15 04:00:00+00:00,0,0.0,4,1,9,0
2020-09-15 05:00:00+00:00,0,0.0,5,1,9,0
2020-09-15 06:00:00+00:00,0,0.0,6,1,9,0
2020-09-15 07:00:00+00:00,0,0.0,7,1,9,0
2020-09-15 08:00:00+00:00,0,0.0,8,1,9,0
2020-09-15 09:00:00+00:00,0,0.0,9,1,9,0
2020-09-15 10:00:00+00:00,0,0.0,10,1,9,0
2020-09-15 11:00:00+00:00,0,0.0,11,1,9,0
2020-09-15 12:00:00+00:00,0,0.0,12,1,9,0
2020-09-15 13:00:00+00:00,0,0.0,13,1,9,0
2020-09-15 14:00:00+00:00,0,0.0,14,1,9,0
2020-09-15 15:00:00+00:00,0,0.0,15,1,9,0
2020-09-15 16:00:00+00:00,0,0.0,16,1,9,0
2020-09-15 17:00:00+00:00,0,0.0,17,1,9,0
2020-09-15 18:00:00+00:00,0,0.0,18,1,9,0
2020-09-15 19:00:00+00:00,0,0.0,19,1,9,0
2020-09-15 20:00:00+00:00,0,0.0,20,1,9,0
2020-09-15 21:00:00+00:00,0,0.0,21,1,9,0
2020-09-15 22:00:00+00:00,0,0.0,22,1,9,0
2020-09-15 23:00:00+00:00,0,0.0,23,1,9,0
2020-09-16 00:00:00+00:00,0,0.0,0,2,9,0
2020-09-16 01:00:00+00:00,0,0.0,1,2,9,0
2020-09-16 02:00:00+00:00,0,0.0,2,2,9,0
2020-09-16 03:00:00+00:00,0,0.0,3,2,9,0
2020-09-16 04:00:00+00:00,0,0.0,4,2,9,0
2020-09-16 05:00:00+00:00,0,0.0,5,2,9,0
2020-09-16 06:00:00+00:00,0,0.0,6,2,9,0
2020-09-16 07:00:00+00:00,0,0.0,7,2,9,0
2020-09-16 08:00:00+00:00,0,0.0,8,2,9,0
2020-09-16 09:00:00+00:00,0,0.0,9,2,9,0
2020-09-16 10:00:00+00:00,0,0.0,10,2,9,0
2020-09-16 11:00:00+00:00,0,0.0,11,2,9,0
2020-09-16 12:00:00+00:00,0,0.0,12,2,9,0
2020-09-16 13:00:00+00:00,0,0.0,13,2,9,0
2020-09-16 14:00:00+00:00,0,0.0,14,2,9,0
2020-09-16 15:00:00+00:00,0,0.0,15,2,9,0
2020-09-16 16:00:00+00:00,0,0.0,16,2,9,0
2020-09-16 17:00:00+00:00,0,0.0,17,2,9,0
2020-09-16 18:00:00+00:00,0,0.0,18,2,9,0
2020-09-16 19:00:00+00:00,0,0.0,19,2,9,0
2020-09-16 20:00:00+00:00,0,0.0,20,2,9,0
2020-09-16 21:00:00+00:00,0,0.0,21,2,9,0
2020-09-16 22:00:00+00:00,0,0.0,22,2,9,0
2020-09-16 23:00:00+00:00,0,0.0,23,2,9,0
2020-09-17 00:00:00+00:00,0,0.0,0,3,9,0
2020-09-17 01:00:00+00:00,0,0.0,1,3,9,0
2020-09-17 02:00:00+00:00,0,0.0,2,3,9,0
2020-09-17 03:00:00+00:00,0,0.0,3,3,9,0
2020-09-17 04:00:00+00:00,0,0.0,4,3,9,0
2020-09-17 05:00:00+00:00,0,0.0,5,3,9,0
2020-09-17 06:00:00+00:00,0,0.0,6,3,9,0
2020-09-17 07:00:00+00:00,0,0.0,7,3,9,0
2020-09-17 08:00:00+00:00,0,0.0,8,3,9,0
2020-09-17 09:00:00+00:00,0,0.0,9,3,9,0
2020-09-17 10:00:00+00:00,0,0.0,10,3,9,0
2020-09-17 11:00:00+00:00,0,0.0,11,3,9,0
2020-09-17 12:00:00+00:00,0,0.0,12,3,9,0
2020-09-17 13:00:00+00:00,0,0.0,13,3,9,0
2020-09-17 14:00:00+00:00,0,0.0,14,3,9,0
2020-09-17 15:00:00+00:00,0,0.0,15,3,9,0
2020-09-17 16:00:00+00:00,0,0.0,16,3,9,0
2020-09-17 17:00:00+00:00,0,0.0,17,3,9,0
2020-09-17 18:00:00+00:00,0,0.0,18,3,9,0
2020-09-17 19:00:00+00:00,0,0.0,19,3,9,0
2020-09-17 20:00:00+00:00,0,0.0,20,3,9,0
2020-09-17 21:00:00+00:00,0,0.0,21,3,9,0
2020-09-17 22:00:00+00:00,0,0.0,22,3,9,0
2020-09-17 23:00:00+00:00,0,0.0,23,3,9,0
2020-09-18 00:00:00+00:00,0,0.0,0,4,9,0
2020-09-18 01:00:00+00:00,0,0.0,1,4,9,0
2020-09-18 02:00:00+00:00,0,0.0,2,4,9,0
2020-09-18 03:00:00+00:00,0,0.0,3,4,9,0
2020-09-18 04:00:00+00:00,0,0.0,4,4,9,0
2020-09-18 05:00:00+00:00,0,0.0,5,4,9,0
2020-09-18 06:00:00+00:00,0,0.0,6,4,9,0
2020-09-18 07:00:00+00:00,0,0.0,7,4,9,0
2020-09-18 08:00:00+00:00,0,0.0,8,4,9,0
2020-09-18 09:00:00+00:00,0,0.0,9,4,9,0
2020-09-18 10:00:00+00:00,0,0.0,10,4,9,0
2020-09-18 11:00:00+00:00,0,0.0,11,4,9,0
2020-09-18 12:00:00+00:00,0,0.0,12,4,9,0
2020-09-18 13:00:00+00:00,0,0.0,13,4,9,0
2020-09-18 14:00:00+00:00,0,0.0,14,4,9,0
2020-09-18 15:00:00+00:00,0,0.0,15,4,9,0
2020-09-18 16:00:00+00:00,0,0.0,16,4,9,0
2020-09-18 17:00:00+00:00,0,0.0,17,4,9,0
2020-09-18 18:00:00+00:00,0,0.0,18,4,9,0
2020-09-18 19:00:00+00:00,0,0.0,19,4,9,0
2020-09-18 20:00:00+00:00,0,0.0,20,4,9,0
2020-09-18 21:00:00+00:00,0,0.0,21,4,9,0
2020-09-18 22:00:00+00:00,0,0.0,22,4,9,0
2020-09-18 23:00:00+00:00,0,0.0,23,4,9,0
2020-09-19 00:00:00+00:00,0,0.0,0,5,9,1
2020-09-19 01:00:00+00:00,0,0.0,1,5,9,1
2020-09-19 02:00:00+00:00,0,0.0,2,5,9,1
2020-09-19 03:00:00+00:00,0,0.0,3,5,9,1
2020-09-19 04:00:00+00:00,0,0.0,4,5,9,1
2020-09-19 05:00:00+00:00,0,0.0,5,5,9,1
2020-09-19 06:00:00+00:00,0,0.0,6,5,9,1
2020-09-19 07:00:00+00:00,0,0.0,7,5,9,1
2020-09-19 08:00:00+00:00,0,0.0,8,5,9,1
2020-09-19 09:00:00+00:00,0,0.0,9,5,9,1
2020-09-19 10:00:00+00:00,0,0.0,10,5,9,1
2020-09-19 11:00:00+00:00,0,0.0,11,5,9,1
2020-09-19 12:00:00+00:00,0,0.0,12,5,9,1
2020-09-19 13:00:00+00:00,0,0.0,13,5,9,1
2020-09-19 14:00:00+00:00,0,0.0,14,5,9,1
2020-09-19 15:00:00+00:00,0,0.0,15,5,9,1
2020-09-19 16:00:00+00:00,0,0.0,16,5,9,1
2020-09-19 17:00:00+00:00,0,0.0,17,5,9,1
2020-09-19 18:00:00+00:00,0,0.0,18,5,9,1
2020-09-19 19:00:00+00:00,0,0.0,19,5,9,1
2020-09-19 20:00:00+00:00,0,0.0,20,5,9,1
2020-09-19 21:00:00+00:00,0,0.0,21,5,9,1
2020-09-19 22:00:00+00:00,0,0.0,22,5,9,1
2020-09-19 23:00:00+00:00,0,0.0,23,5,9,1
2020-09-20 00:00:00+00:00,0,0.0,0,6,9,1
2020-09-20 01:00:00+00:00,0,0.0,1,6,9,1
2020-09-20 02:00:00+00:00,0,0.0,2,6,9,1
2020-09-20 03:00:00+00:00,0,0.0,3,6,9,1
2020-09-20 04:00:00+00:00,0,0.0,4,6,9,1
2020-09-20 05:00:00+00:00,0,0.0,5,6,9,1
2020-09-20 06:00:00+00:00,0,0.0,6,6,9,1
2020-09-20 07:00:00+00:00,0,0.0,7,6,9,1
2020-09-20 08:00:00+00:00,0,0.0,8,6,9,1
2020-09-20 09:00:00+00:00,0,0.0,9,6,9,1
2020-09-20 10:00:00+00:00,0,0.0,10,6,9,1
2020-09-20 11:00:00+00:00,0,0.0,11,6,9,1
2020-09-20 12:00:00+00:00,0,0.0,12,6,9,1
2020-09-20 13:00:00+00:00,0,0.0,13,6,9,1
2020-09-20 14:00:00+00:00,0,0.0,14,6,9,1
2020-09-20 15:00:00+00:00,0,0.0,15,6,9,1
2020-09-20 16:00:00+00:00,0,0.0,16,6,9,1
2020-09-20 17:00:00+00:00,0,0.0,17,6,9,1
2020-09-20 18:00:00+00:00,0,0.0,18,6,9,1
2020-09-20 19:00:00+00:00,0,0.0,19,6,9,1
2020-09-20 20:00:00+00:00,0,0.0,20,6,9,1
2020-09-20 21:00:00+00:00,0,0.0,21,6,9,1
2020-09-20 22:00:00+00:00,0,0.0,22,6,9,1
2020-09-20 23:00:00+00:00,0,0.0,23,6,9,1
2020-09-21 00:00:00+00:00,0,0.0,0,0,9,0
2020-09-21 01:00:00+00:00,0,0.0,1,0,9,0
2020-09-21 02:00:00+00:00,0,0.0,2,0,9,0
2020-09-21 03:00:00+00:00,0,0.0,3,0,9,0
2020-09-21 04:00:00+00:00,0,0.0,4,0,9,0
2020-09-21 05:00:00+00:00,0,0.0,5,0,9,0
2020-09-21 06:00:00+00:00,0,0.0,6,0,9,0
2020-09-21 07:00:00+00:00,0,0.0,7,0,9,0
2020-09-21 08:00:00+00:00,0,0.0,8,0,9,0
2020-09-21 09:00:00+00:00,0,0.0,9,0,9,0
2020-09-21 10:00:00+00:00,0,0.0,10,0,9,0
2020-09-21 11:00:00+00:00,0,0.0,11,0,9,0
2020-09-21 12:00:00+00:00,0,0.0,12,0,9,0
2020-09-21 13:00:00+00:00,0,0.0,13,0,9,0
2020-09-21 14:00:00+00:00,0,0.0,14,0,9,0
2020-09-21 15:00:00+00:00,0,0.0,15,0,9,0
2020-09-21 16:00:00+00:00,0,0.0,16,0,9,0
2020-09-21 17:00:00+00:00,0,0.0,17,0,9,0
2020-09-21 18:00:00+00:00,0,0.0,18,0,9,0
2020-09-21 19:00:00+00:00,0,0.0,19,0,9,0
2020-09-21 20:00:00+00:00,0,0.0,20,0,9,0
2020-09-21 21:00:00+00:00,0,0.0,21,0,9,0
2020-09-21 22:00:00+00:00,0,0.0,22,0,9,0
2020-09-21 23:00:00+00:00,0,0.0,23,0,9,0
2020-09-22 00:00:00+00:00,0,0.0,0,1,9,0
2020-09-22 01:00:00+00:00,0,0.0,1,1,9,0
2020-09-22 02:00:00+00:00,0,0.0,2,1,9,0
2020-09-22 03:00:00+00:00,0,0.0,3,1,9,0
2020-09-22 04:00:00+00:00,0,0.0,4,1,9,0
2020-09-22 05:00:00+00:00,0,0.0,5,1,9,0
2020-09-22 06:00:00+00:00,0,0.0,6,1,9,0
2020-09-22 07:00:00+00:00,0,0.0,7,1,9,0
2020-09-22 08:00:00+00:00,0,0.0,8,1,9,0
2020-09-22 09:00:00+00:00,0,0.0,9,1,9,0
2020-09-22 10:00:00+00:00,0,0.0,10,1,9,0
2020-09-22 11:00:00+00:00,0,0.0,11,1,9,0
2020-09-22 12:00:00+00:00,0,0.0,12,1,9,0
2020-09-22 13:00:00+00:00,0,0.0,13,1,9,0
2020-09-22 14:00:00+00:00,0,0.0,14,1,9,0
2020-09-22 15:00:00+00:00,0,0.0,15,1,9,0
2020-09-22 16:00:00+00:00,0,0.0,16,1,9,0
2020-09-22 17:00:00+00:00,0,0.0,17,1,9,0
2020-09-22 18:00:00+00:00,0,0.0,18,1,9,0
2020-09-22 19:00:00+00:00,0,0.0,19,1,9,0
2020-09-22 20:00:00+00:00,0,0.0,20,1,9,0
2020-09-22 21:00:00+00:00,0,0.0,21,1,9,0
2020-09-22 22:00:00+00:00,0,0.0,22,1,9,0
2020-09-22 23:00:00+00:00,0,0.0,23,1,9,0
2020-09-23 00:00:00+00:00,0,0.0,0,2,9,0
2020-09-23 01:00:00+00:00,0,0.0,1,2,9,0
2020-09-23 02:00:00+00:00,0,0.0,2,2,9,0
2020-09-23 03:00:00+00:00,0,0.0,3,2,9,0
2020-09-23 04:00:00+00:00,0,0.0,4,2,9,0
2020-09-23 05:00:00+00:00,0,0.0,5,2,9,0
2020-09-23 06:00:00+00:00,0,0.0,6,2,9,0
2020-09-23 07:00:00+00:00,0,0.0,7,2,9,0
2020-09-23 08:00:00+00:00,0,0.0,8,2,9,0
2020-09-23 09:00:00+00:00,0,0.0,9,2,9,0
2020-09-23 10:00:00+00:00,0,0.0,10,2,9,0
2020-09-23 11:00:00+00:00,0,0.0,11,2,9,0
2020-09-23 12:00:00+00:00,0,0.0,12,2,9,0
2020-09-23 13:00:00+00:00,0,0.0,13,2,9,0
2020-09-23 14:00:00+00:00,0,0.0,14,2,9,0
2020-09-23 15:00:00+00:00,0,0.0,15,2,9,0
2020-09-23 16:00:00+00:00,0,0.0,16,2,9,0
2020-09-23 17:00:00+00:00,0,0.0,17,2,9,0
2020-09-23 18:00:00+00:00,0,0.0,18,2,9,0
2020-09-23 19:00:00+00:00,0,0.0,19,2,9,0
2020-09-23 20:00:00+00:00,0,0.0,20,2,9,0
2020-09-23 21:00:00+00:00,0,0.0,21,2,9,0
2020-09-23 22:00:00+00:00,0,0.0,22,2,9,0
2020-09-23 23:00:00+00:00,0,0.0,23,2,9,0
2020-09-24 00:00:00+00:00,0,0.0,0,3,9,0
2020-09-24 01:00:00+00:00,0,0.0,1,3,9,0
2020-09-24 02:00:00+00:00,0,0.0,2,3,9,0
2020-09-24 03:00:00+00:00,0,0.0,3,3,9,0
2020-09-24 04:00:00+00:00,0,0.0,4,3,9,0
2020-09-24 05:00:00+00:00,0,0.0,5,3,9,0
2020-09-24 06:00:00+00:00,0,0.0,6,3,9,0
2020-09-24 07:00:00+00:00,0,0.0,7,3,9,0
2020-09-24 08:00:00+00:00,0,0.0,8,3,9,0
2020-09-24 09:00:00+00:00,0,0.0,9,3,9,0
2020-09-24 10:00:00+00:00,0,0.0,10,3,9,0
2020-09-24 11:00:00+00:00,0,0.0,11,3,9,0
2020-09-24 12:00:00+00:00,0,0.0,12,3,9,0
2020-09-24 13:00:00+00:00,0,0.0,13,3,9,0
2020-09-24 14:00:00+00:00,0,0.0,14,3,9,0
2020-09-24 15:00:00+00:00,0,0.0,15,3,9,0
2020-09-24 16:00:00+00:00,0,0.0,16,3,9,0
2020-09-24 17:00:00+00:00,0,0.0,17,3,9,0
2020-09-24 18:00:00+00:00,0,0.0,18,3,9,0
2020-09-24 19:00:00+00:00,0,0.0,19,3,9,0
2020-09-24 20:00:00+00:00,0,0.0,20,3,9,0
2020-09-24 21:00:00+00:00,0,0.0,21,3,9,0
2020-09-24 22:00:00+00:00,0,0.0,22,3,9,0
2020-09-24 23:00:00+00:00,0,0.0,23,3,9,0
2020-09-25 00:00:00+00:00,0,0.0,0,4,9,0
2020-09-25 01:00:00+00:00,0,0.0,1,4,9,0
2020-09-25 02:00:00+00:00,0,0.0,2,4,9,0
2020-09-25 03:00:00+00:00,0,0.0,3,4,9,0
2020-09-25 04:00:00+00:00,0,0.0,4,4,9,0
2020-09-25 05:00:00+00:00,0,0.0,5,4,9,0
2020-09-25 06:00:00+00:00,0,0.0,6,4,9,0
2020-09-25 07:00:00+00:00,0,0.0,7,4,9,0
2020-09-25 08:00:00+00:00,0,0.0,8,4,9,0
2020-09-25 09:00:00+00:00,0,0.0,9,4,9,0
2020-09-25 10:00:00+00:00,0,0.0,10,4,9,0
2020-09-25 11:00:00+00:00,0,0.0,11,4,9,0
2020-09-25 12:00:00+00:00,0,0.0,12,4,9,0
2020-09-25 13:00:00+00:00,0,0.0,13,4,9,0
2020-09-25 14:00:00+00:00,0,0.0,14,4,9,0
2020-09-25 15:00:00+00:00,0,0.0,15,4,9,0
2020-09-25 16:00:00+00:00,0,0.0,16,4,9,0
2020-09-25 17:00:00+00:00,0,0.0,17,4,9,0
2020-09-25 18:00:00+00:00,0,0.0,18,4,9,0
2020-09-25 19:00:00+00:00,0,0.0,19,4,9,0
2020-09-25 20:00:00+00:00,0,0.0,20,4,9,0
2020-09-25 21:00:00+00:00,0,0.0,21,4,9,0
2020-09-25 22:00:00+00:00,0,0.0,22,4,9,0
2020-09-25 23:00:00+00:00,0,0.0,23,4,9,0
2020-09-26 00:00:00+00:00,0,0.0,0,5,9,1
2020-09-26 01:00:00+00:00,0,0.0,1,5,9,1
2020-09-26 02:00:00+00:00,0,0.0,2,5,9,1
2020-09-26 03:00:00+00:00,0,0.0,3,5,9,1
2020-09-26 04:00:00+00:00,0,0.0,4,5,9,1
2020-09-26 05:00:00+00:00,0,0.0,5,5,9,1
2020-09-26 06:00:00+00:00,0,0.0,6,5,9,1
2020-09-26 07:00:00+00:00,0,0.0,7,5,9,1
2020-09-26 08:00:00+00:00,0,0.0,8,5,9,1
2020-09-26 09:00:00+00:00,0,0.0,9,5,9,1
2020-09-26 10:00:00+00:00,0,0.0,10,5,9,1
2020-09-26 11:00:00+00:00,0,0.0,11,5,9,1
2020-09-26 12:00:00+00:00,0,0.0,12,5,9,1
2020-09-26 13:00:00+00:00,0,0.0,13,5,9,1
2020-09-26 14:00:00+00:00,0,0.0,14,5,9,1
2020-09-26 15:00:00+00:00,0,0.0,15,5,9,1
2020-09-26 16:00:00+00:00,0,0.0,16,5,9,1
2020-09-26 17:00:00+00:00,0,0.0,17,5,9,1
2020-09-26 18:00:00+00:00,0,0.0,18,5,9,1
2020-09-26 19:00:00+00:00,0,0.0,19,5,9,1
2020-09-26 20:00:00+00:00,0,0.0,20,5,9,1
2020-09-26 21:00:00+00:00,0,0.0,21,5,9,1
2020-09-26 22:00:00+00:00,0,0.0,22,5,9,1
2020-09-26 23:00:00+00:00,0,0.0,23,5,9,1
2020-09-27 00:00:00+00:00,0,0.0,0,6,9,1
2020-09-27 01:00:00+00:00,0,0.0,1,6,9,1
2020-09-27 02:00:00+00:00,0,0.0,2,6,9,1
2020-09-27 03:00:00+00:00,0,0.0,3,6,9,1
2020-09-27 04:00:00+00:00,0,0.0,4,6,9,1
2020-09-27 05:00:00+00:00,0,0.0,5,6,9,1
2020-09-27 06:00:00+00:00,0,0.0,6,6,9,1
2020-09-27 07:00:00+00:00,0,0.0,7,6,9,1
2020-09-27 08:00:00+00:00,0,0.0,8,6,9,1
2020-09-27 09:00:00+00:00,0,0.0,9,6,9,1
2020-09-27 10:00:00+00:00,0,0.0,10,6,9,1
2020-09-27 11:00:00+00:00,0,0.0,11,6,9,1
2020-09-27 12:00:00+00:00,0,0.0,12,6,9,1
2020-09-27 13:00:00+00:00,0,0.0,13,6,9,1
2020-09-27 14:00:00+00:00,0,0.0,14,6,9,1
2020-09-27 15:00:00+00:00,0,0.0,15,6,9,1
2020-09-27 16:00:00+00:00,0,0.0,16,6,9,1
2020-09-27 17:00:00+00:00,0,0.0,17,6,9,1
2020-09-27 18:00:00+00:00,0,0.0,18,6,9,1
2020-09-27 19:00:00+00:00,0,0.0,19,6,9,1
2020-09-27 20:00:00+00:00,0,0.0,20,6,9,1
2020-09-27 21:00:00+00:00,0,0.0,21,6,9,1
2020-09-27 22:00:00+00:00,0,0.0,22,6,9,1
2020-09-27 23:00:00+00:00,0,0.0,23,6,9,1
2020-09-28 00:00:00+00:00,0,0.0,0,0,9,0
2020-09-28 01:00:00+00:00,0,0.0,1,0,9,0
2020-09-28 02:00:00+00:00,0,0.0,2,0,9,0
2020-09-28 03:00:00+00:00,0,0.0,3,0,9,0
2020-09-28 04:00:00+00:00,0,0.0,4,0,9,0
2020-09-28 05:00:00+00:00,0,0.0,5,0,9,0
2020-09-28 06:00:00+00:00,0,0.0,6,0,9,0
2020-09-28 07:00:00+00:00,0,0.0,7,0,9,0
2020-09-28 08:00:00+00:00,0,0.0,8,0,9,0
2020-09-28 09:00:00+00:00,0,0.0,9,0,9,0
2020-09-28 10:00:00+00:00,0,0.0,10,0,9,0
2020-09-28 11:00:00+00:00,0,0.0,11,0,9,0
2020-09-28 12:00:00+00:00,0,0.0,12,0,9,0
2020-09-28 13:00:00+00:00,0,0.0,13,0,9,0
2020-09-28 14:00:00+00:00,0,0.0,14,0,9,0
2020-09-28 15:00:00+00:00,0,0.0,15,0,9,0
2020-09-28 16:00:00+00:00,0,0.0,16,0,9,0
2020-09-28 17:00:00+00:00,0,0.0,17,0,9,0
2020-09-28 18:00:00+00:00,0,0.0,18,0,9,0
2020-09-28 19:00:00+00:00,0,0.0,19,0,9,0
2020-09-28 20:00:00+00:00,0,0.0,20,0,9,0
2020-09-28 21:00:00+00:00,0,0.0,21,0,9,0
2020-09-28 22:00:00+00:00,0,0.0,22,0,9,0
2020-09-28 23:00:00+00:00,0,0.0,23,0,9,0
2020-09-29 00:00:00+00:00,0,0.0,0,1,9,0
2020-09-29 01:00:00+00:00,0,0.0,1,1,9,0
2020-09-29 02:00:00+00:00,0,0.0,2,1,9,0
2020-09-29 03:00:00+00:00,0,0.0,3,1,9,0
2020-09-29 04:00:00+00:00,0,0.0,4,1,9,0
2020-09-29 05:00:00+00:00,0,0.0,5,1,9,0
2020-09-29 06:00:00+00:00,0,0.0,6,1,9,0
2020-09-29 07:00:00+00:00,0,0.0,7,1,9,0
2020-09-29 08:00:00+00:00,0,0.0,8,1,9,0
2020-09-29 09:00:00+00:00,0,0.0,9,1,9,0
2020-09-29 10:00:00+00:00,0,0.0,10,1,9,0
2020-09-29 11:00:00+00:00,0,0.0,11,1,9,0
2020-09-29 12:00:00+00:00,0,0.0,12,1,9,0
2020-09-29 13:00:00+00:00,0,0.0,13,1,9,0
2020-09-29 14:00:00+00:00,0,0.0,14,1,9,0
2020-09-29 15:00:00+00:00,0,0.0,15,1,9,0
2020-09-29 16:00:00+00:00,0,0.0,16,1,9,0
2020-09-29 17:00:00+00:00,0,0.0,17,1,9,0
2020-09-29 18:00:00+00:00,0,0.0,18,1,9,0
2020-09-29 19:00:00+00:00,0,0.0,19,1,9,0
2020-09-29 20:00:00+00:00,0,0.0,20,1,9,0
2020-09-29 21:00:00+00:00,0,0.0,21,1,9,0
2020-09-29 22:00:00+00:00,0,0.0,22,1,9,0
2020-09-29 23:00:00+00:00,0,0.0,23,1,9,0
2020-09-30 00:00:00+00:00,0,0.0,0,2,9,0
2020-09-30 01:00:00+00:00,0,0.0,1,2,9,0
2020-09-30 02:00:00+00:00,0,0.0,2,2,9,0
2020-09-30 03:00:00+00:00,0,0.0,3,2,9,0
2020-09-30 04:00:00+00:00,0,0.0,4,2,9,0
2020-09-30 05:00:00+00:00,0,0.0,5,2,9,0
2020-09-30 06:00:00+00:00,0,0.0,6,2,9,0
2020-09-30 07:00:00+00:00,0,0.0,7,2,9,0
2020-09-30 08:00:00+00:00,0,0.0,8,2,9,0
2020-09-30 09:00:00+00:00,0,0.0,9,2,9,0
2020-09-30 10:00:00+00:00,0,0.0,10,2,9,0
2020-09-30 11:00:00+00:00,0,0.0,11,2,9,0
2020-09-30 12:00:00+00:00,0,0.0,12,2,9,0
2020-09-30 13:00:00+00:00,0,0.0,13,2,9,0
2020-09-30 14:00:00+00:00,0,0.0,14,2,9,0
2020-09-30 15:00:00+00:00,0,0.0,15,2,9,0
2020-09-30 16:00:00+00:00,0,0.0,16,2,9,0
2020-09-30 17:00:00+00:00,0,0.0,17,2,9,0
2020-09-30 18:00:00+00:00,0,0.0,18,2,9,0
2020-09-30 19:00:00+00:00,0,0.0,19,2,9,0
2020-09-30 20:00:00+00:00,0,0.0,20,2,9,0
2020-09-30 21:00:00+00:00,0,0.0,21,2,9,0
2020-09-30 22:00:00+00:00,0,0.0,22,2,9,0
2020-09-30 23:00:00+00:00,0,0.0,23,2,9,0
2020-10-01 00:00:00+00:00,0,0.0,0,3,10,0
2020-10-01 01:00:00+00:00,0,0.0,1,3,10,0
2020-10-01 02:00:00+00:00,0,0.0,2,3,10,0
2020-10-01 03:00:00+00:00,0,0.0,3,3,10,0
2020-10-01 04:00:00+00:00,0,0.0,4,3,10,0
2020-10-01 05:00:00+00:00,0,0.0,5,3,10,0
2020-10-01 06:00:00+00:00,0,0.0,6,3,10,0
2020-10-01 07:00:00+00:00,0,0.0,7,3,10,0
2020-10-01 08:00:00+00:00,0,0.0,8,3,10,0
2020-10-01 09:00:00+00:00,0,0.0,9,3,10,0
2020-10-01 10:00:00+00:00,0,0.0,10,3,10,0
2020-10-01 11:00:00+00:00,0,0.0,11,3,10,0
2020-10-01 12:00:00+00:00,0,0.0,12,3,10,0
2020-10-01 13:00:00+00:00,0,0.0,13,3,10,0
2020-10-01 14:00:00+00:00,0,0.0,14,3,10,0
2020-10-01 15:00:00+00:00,0,0.0,15,3,10,0
2020-10-01 16:00:00+00:00,0,0.0,16,3,10,0
2020-10-01 17:00:00+00:00,0,0.0,17,3,10,0
2020-10-01 18:00:00+00:00,0,0.0,18,3,10,0
2020-10-01 19:00:00+00:00,0,0.0,19,3,10,0
2020-10-01 20:00:00+00:00,0,0.0,20,3,10,0
2020-10-01 21:00:00+00:00,0,0.0,21,3,10,0
2020-10-01 22:00:00+00:00,0,0.0,22,3,10,0
2020-10-01 23:00:00+00:00,0,0.0,23,3,10,0
2020-10-02 00:00:00+00:00,0,0.0,0,4,10,0
2020-10-02 01:00:00+00:00,0,0.0,1,4,10,0
2020-10-02 02:00:00+00:00,0,0.0,2,4,10,0
2020-10-02 03:00:00+00:00,0,0.0,3,4,10,0
2020-10-02 04:00:00+00:00,0,0.0,4,4,10,0
2020-10-02 05:00:00+00:00,0,0.0,5,4,10,0
2020-10-02 06:00:00+00:00,0,0.0,6,4,10,0
2020-10-02 07:00:00+00:00,0,0.0,7,4,10,0
2020-10-02 08:00:00+00:00,0,0.0,8,4,10,0
2020-10-02 09:00:00+00:00,0,0.0,9,4,10,0
2020-10-02 10:00:00+00:00,0,0.0,10,4,10,0
2020-10-02 11:00:00+00:00,0,0.0,11,4,10,0
2020-10-02 12:00:00+00:00,0,0.0,12,4,10,0
2020-10-02 13:00:00+00:00,0,0.0,13,4,10,0
2020-10-02 14:00:00+00:00,0,0.0,14,4,10,0
2020-10-02 15:00:00+00:00,0,0.0,15,4,10,0
2020-10-02 16:00:00+00:00,0,0.0,16,4,10,0
2020-10-02 17:00:00+00:00,0,0.0,17,4,10,0
2020-10-02 18:00:00+00:00,0,0.0,18,4,10,0
2020-10-02 19:00:00+00:00,0,0.0,19,4,10,0
2020-10-02 20:00:00+00:00,0,0.0,20,4,10,0
2020-10-02 21:00:00+00:00,0,0.0,21,4,10,0
2020-10-02 22:00:00+00:00,0,0.0,22,4,10,0
2020-10-02 23:00:00+00:00,0,0.0,23,4,10,0
2020-10-03 00:00:00+00:00,0,0.0,0,5,10,1
2020-10-03 01:00:00+00:00,0,0.0,1,5,10,1
2020-10-03 02:00:00+00:00,0,0.0,2,5,10,1
2020-10-03 03:00:00+00:00,0,0.0,3,5,10,1
2020-10-03 04:00:00+00:00,0,0.0,4,5,10,1
2020-10-03 05:00:00+00:00,0,0.0,5,5,10,1
2020-10-03 06:00:00+00:00,0,0.0,6,5,10,1
2020-10-03 07:00:00+00:00,0,0.0,7,5,10,1
2020-10-03 08:00:00+00:00,0,0.0,8,5,10,1
2020-10-03 09:00:00+00:00,0,0.0,9,5,10,1
2020-10-03 10:00:00+00:00,0,0.0,10,5,10,1
2020-10-03 11:00:00+00:00,0,0.0,11,5,10,1
2020-10-03 12:00:00+00:00,0,0.0,12,5,10,1
2020-10-03 13:00:00+00:00,0,0.0,13,5,10,1
2020-10-03 14:00:00+00:00,0,0.0,14,5,10,1
2020-10-03 15:00:00+00:00,0,0.0,15,5,10,1
2020-10-03 16:00:00+00:00,0,0.0,16,5,10,1
2020-10-03 17:00:00+00:00,0,0.0,17,5,10,1
2020-10-03 18:00:00+00:00,0,0.0,18,5,10,1
2020-10-03 19:00:00+00:00,0,0.0,19,5,10,1
2020-10-03 20:00:00+00:00,0,0.0,20,5,10,1
2020-10-03 21:00:00+00:00,0,0.0,21,5,10,1
2020-10-03 22:00:00+00:00,0,0.0,22,5,10,1
2020-10-03 23:00:00+00:00,0,0.0,23,5,10,1
2020-10-04 00:00:00+00:00,0,0.0,0,6,10,1
2020-10-04 01:00:00+00:00,0,0.0,1,6,10,1
2020-10-04 02:00:00+00:00,0,0.0,2,6,10,1
2020-10-04 03:00:00+00:00,0,0.0,3,6,10,1
2020-10-04 04:00:00+00:00,0,0.0,4,6,10,1
2020-10-04 05:00:00+00:00,0,0.0,5,6,10,1
2020-10-04 06:00:00+00:00,0,0.0,6,6,10,1
2020-10-04 07:00:00+00:00,0,0.0,7,6,10,1
2020-10-04 08:00:00+00:00,0,0.0,8,6,10,1
2020-10-04 09:00:00+00:00,0,0.0,9,6,10,1
2020-10-04 10:00:00+00:00,0,0.0,10,6,10,1
2020-10-04 11:00:00+00:00,0,0.0,11,6,10,1
2020-10-04 12:00:00+00:00,0,0.0,12,6,10,1
2020-10-04 13:00:00+00:00,0,0.0,13,6,10,1
2020-10-04 14:00:00+00:00,0,0.0,14,6,10,1
2020-10-04 15:00:00+00:00,0,0.0,15,6,10,1
2020-10-04 16:00:00+00:00,0,0.0,16,6,10,1
2020-10-04 17:00:00+00:00,0,0.0,17,6,10,1
2020-10-04 18:00:00+00:00,0,0.0,18,6,10,1
2020-10-04 19:00:00+00:00,0,0.0,19,6,10,1
2020-10-04 20:00:00+00:00,0,0.0,20,6,10,1
2020-10-04 21:00:00+00:00,0,0.0,21,6,10,1
2020-10-04 22:00:00+00:00,0,0.0,22,6,10,1
2020-10-04 23:00:00+00:00,0,0.0,23,6,10,1
2020-10-05 00:00:00+00:00,0,0.0,0,0,10,0
2020-10-05 01:00:00+00:00,0,0.0,1,0,10,0
2020-10-05 02:00:00+00:00,0,0.0,2,0,10,0
2020-10-05 03:00:00+00:00,0,0.0,3,0,10,0
2020-10-05 04:00:00+00:00,0,0.0,4,0,10,0
2020-10-05 05:00:00+00:00,0,0.0,5,0,10,0
2020-10-05 06:00:00+00:00,0,0.0,6,0,10,0
2020-10-05 07:00:00+00:00,0,0.0,7,0,10,0
2020-10-05 08:00:00+00:00,0,0.0,8,0,10,0
2020-10-05 09:00:00+00:00,0,0.0,9,0,10,0
2020-10-05 10:00:00+00:00,0,0.0,10,0,10,0
2020-10-05 11:00:00+00:00,0,0.0,11,0,10,0
2020-10-05 12:00:00+00:00,0,0.0,12,0,10,0
2020-10-05 13:00:00+00:00,0,0.0,13,0,10,0
2020-10-05 14:00:00+00:00,0,0.0,14,0,10,0
2020-10-05 15:00:00+00:00,0,0.0,15,0,10,0
2020-10-05 16:00:00+00:00,0,0.0,16,0,10,0
2020-10-05 17:00:00+00:00,0,0.0,17,0,10,0
2020-10-05 18:00:00+00:00,0,0.0,18,0,10,0
2020-10-05 19:00:00+00:00,0,0.0,19,0,10,0
2020-10-05 20:00:00+00:00,0,0.0,20,0,10,0
2020-10-05 21:00:00+00:00,0,0.0,21,0,10,0
2020-10-05 22:00:00+00:00,0,0.0,22,0,10,0
2020-10-05 23:00:00+00:00,0,0.0,23,0,10,0
2020-10-06 00:00:00+00:00,0,0.0,0,1,10,0
2020-10-06 01:00:00+00:00,0,0.0,1,1,10,0
2020-10-06 02:00:00+00:00,0,0.0,2,1,10,0
2020-10-06 03:00:00+00:00,0,0.0,3,1,10,0
2020-10-06 04:00:00+00:00,0,0.0,4,1,10,0
2020-10-06 05:00:00+00:00,0,0.0,5,1,10,0
2020-10-06 06:00:00+00:00,0,0.0,6,1,10,0
2020-10-06 07:00:00+00:00,0,0.0,7,1,10,0
2020-10-06 08:00:00+00:00,0,0.0,8,1,10,0
2020-10-06 09:00:00+00:00,0,0.0,9,1,10,0
2020-10-06 10:00:00+00:00,0,0.0,10,1,10,0
2020-10-06 11:00:00+00:00,0,0.0,11,1,10,0
2020-10-06 12:00:00+00:00,0,0.0,12,1,10,0
2020-10-06 13:00:00+00:00,0,0.0,13,1,10,0
2020-10-06 14:00:00+00:00,0,0.0,14,1,10,0
2020-10-06 15:00:00+00:00,0,0.0,15,1,10,0
2020-10-06 16:00:00+00:00,0,0.0,16,1,10,0
2020-10-06 17:00:00+00:00,0,0.0,17,1,10,0
2020-10-06 18:00:00+00:00,0,0.0,18,1,10,0
2020-10-06 19:00:00+00:00,0,0.0,19,1,10,0
2020-10-06 20:00:00+00:00,0,0.0,20,1,10,0
2020-10-06 21:00:00+00:00,0,0.0,21,1,10,0
2020-10-06 22:00:00+00:00,0,0.0,22,1,10,0
2020-10-06 23:00:00+00:00,0,0.0,23,1,10,0
2020-10-07 00:00:00+00:00,0,0.0,0,2,10,0
2020-10-07 01:00:00+00:00,0,0.0,1,2,10,0
2020-10-07 02:00:00+00:00,0,0.0,2,2,10,0
2020-10-07 03:00:00+00:00,0,0.0,3,2,10,0
2020-10-07 04:00:00+00:00,0,0.0,4,2,10,0
2020-10-07 05:00:00+00:00,0,0.0,5,2,10,0
2020-10-07 06:00:00+00:00,0,0.0,6,2,10,0
2020-10-07 07:00:00+00:00,0,0.0,7,2,10,0
2020-10-07 08:00:00+00:00,0,0.0,8,2,10,0
2020-10-07 09:00:00+00:00,0,0.0,9,2,10,0
2020-10-07 10:00:00+00:00,0,0.0,10,2,10,0
2020-10-07 11:00:00+00:00,0,0.0,11,2,10,0
2020-10-07 12:00:00+00:00,0,0.0,12,2,10,0
2020-10-07 13:00:00+00:00,0,0.0,13,2,10,0
2020-10-07 14:00:00+00:00,0,0.0,14,2,10,0
2020-10-07 15:00:00+00:00,0,0.0,15,2,10,0
2020-10-07 16:00:00+00:00,0,0.0,16,2,10,0
2020-10-07 17:00:00+00:00,0,0.0,17,2,10,0
2020-10-07 18:00:00+00:00,0,0.0,18,2,10,0
2020-10-07 19:00:00+00:00,0,0.0,19,2,10,0
2020-10-07 20:00:00+00:00,0,0.0,20,2,10,0
2020-10-07 21:00:00+00:00,0,0.0,21,2,10,0
2020-10-07 22:00:00+00:00,0,0.0,22,2,10,0
2020-10-07 23:00:00+00:00,0,0.0,23,2,10,0
2020-10-08 00:00:00+00:00,0,0.0,0,3,10,0
2020-10-08 01:00:00+00:00,0,0.0,1,3,10,0
2020-10-08 02:00:00+00:00,0,0.0,2,3,10,0
2020-10-08 03:00:00+00:00,0,0.0,3,3,10,0
2020-10-08 04:00:00+00:00,0,0.0,4,3,10,0
2020-10-08 05:00:00+00:00,0,0.0,5,3,10,0
2020-10-08 06:00:00+00:00,0,0.0,6,3,10,0
2020-10-08 07:00:00+00:00,0,0.0,7,3,10,0
2020-10-08 08:00:00+00:00,0,0.0,8,3,10,0
2020-10-08 09:00:00+00:00,0,0.0,9,3,10,0
2020-10-08 10:00:00+00:00,0,0.0,10,3,10,0
2020-10-08 11:00:00+00:00,0,0.0,11,3,10,0
2020-10-08 12:00:00+00:00,0,0.0,12,3,10,0
2020-10-08 13:00:00+00:00,0,0.0,13,3,10,0
2020-10-08 14:00:00+00:00,0,0.0,14,3,10,0
2020-10-08 15:00:00+00:00,0,0.0,15,3,10,0
2020-10-08 16:00:00+00:00,0,0.0,16,3,10,0
2020-10-08 17:00:00+00:00,0,0.0,17,3,10,0
2020-10-08 18:00:00+00:00,0,0.0,18,3,10,0
2020-10-08 19:00:00+00:00,0,0.0,19,3,10,0
2020-10-08 20:00:00+00:00,0,0.0,20,3,10,0
2020-10-08 21:00:00+00:00,0,0.0,21,3,10,0
2020-10-08 22:00:00+00:00,0,0.0,22,3,10,0
2020-10-08 23:00:00+00:00,0,0.0,23,3,10,0
2020-10-09 00:00:00+00:00,0,0.0,0,4,10,0
2020-10-09 01:00:00+00:00,0,0.0,1,4,10,0
2020-10-09 02:00:00+00:00,0,0.0,2,4,10,0
2020-10-09 03:00:00+00:00,0,0.0,3,4,10,0
2020-10-09 04:00:00+00:00,0,0.0,4,4,10,0
2020-10-09 05:00:00+00:00,0,0.0,5,4,10,0
2020-10-09 06:00:00+00:00,0,0.0,6,4,10,0
2020-10-09 07:00:00+00:00,0,0.0,7,4,10,0
2020-10-09 08:00:00+00:00,0,0.0,8,4,10,0
2020-10-09 09:00:00+00:00,0,0.0,9,4,10,0
2020-10-09 10:00:00+00:00,0,0.0,10,4,10,0
2020-10-09 11:00:00+00:00,0,0.0,11,4,10,0
2020-10-09 12:00:00+00:00,0,0.0,12,4,10,0
2020-10-09 13:00:00+00:00,0,0.0,13,4,10,0
2020-10-09 14:00:00+00:00,0,0.0,14,4,10,0
2020-10-09 15:00:00+00:00,0,0.0,15,4,10,0
2020-10-09 16:00:00+00:00,0,0.0,16,4,10,0
2020-10-09 17:00:00+00:00,0,0.0,17,4,10,0
2020-10-09 18:00:00+00:00,0,0.0,18,4,10,0
2020-10-09 19:00:00+00:00,0,0.0,19,4,10,0
2020-10-09 20:00:00+00:00,0,0.0,20,4,10,0
2020-10-09 21:00:00+00:00,0,0.0,21,4,10,0
2020-10-09 22:00:00+00:00,0,0.0,22,4,10,0
2020-10-09 23:00:00+00:00,0,0.0,23,4,10,0
2020-10-10 00:00:00+00:00,0,0.0,0,5,10,1
2020-10-10 01:00:00+00:00,0,0.0,1,5,10,1
2020-10-10 02:00:00+00:00,0,0.0,2,5,10,1
2020-10-10 03:00:00+00:00,0,0.0,3,5,10,1
2020-10-10 04:00:00+00:00,0,0.0,4,5,10,1
2020-10-10 05:00:00+00:00,0,0.0,5,5,10,1
2020-10-10 06:00:00+00:00,0,0.0,6,5,10,1
2020-10-10 07:00:00+00:00,0,0.0,7,5,10,1
2020-10-10 08:00:00+00:00,0,0.0,8,5,10,1
2020-10-10 09:00:00+00:00,0,0.0,9,5,10,1
2020-10-10 10:00:00+00:00,0,0.0,10,5,10,1
2020-10-10 11:00:00+00:00,0,0.0,11,5,10,1
2020-10-10 12:00:00+00:00,0,0.0,12,5,10,1
2020-10-10 13:00:00+00:00,0,0.0,13,5,10,1
2020-10-10 14:00:00+00:00,0,0.0,14,5,10,1
2020-10-10 15:00:00+00:00,0,0.0,15,5,10,1
2020-10-10 16:00:00+00:00,0,0.0,16,5,10,1
2020-10-10 17:00:00+00:00,0,0.0,17,5,10,1
2020-10-10 18:00:00+00:00,0,0.0,18,5,10,1
2020-10-10 19:00:00+00:00,0,0.0,19,5,10,1
2020-10-10 20:00:00+00:00,0,0.0,20,5,10,1
2020-10-10 21:00:00+00:00,0,0.0,21,5,10,1
2020-10-10 22:00:00+00:00,0,0.0,22,5,10,1
2020-10-10 23:00:00+00:00,0,0.0,23,5,10,1
2020-10-11 00:00:00+00:00,0,0.0,0,6,10,1
2020-10-11 01:00:00+00:00,0,0.0,1,6,10,1
2020-10-11 02:00:00+00:00,0,0.0,2,6,10,1
2020-10-11 03:00:00+00:00,0,0.0,3,6,10,1
2020-10-11 04:00:00+00:00,0,0.0,4,6,10,1
2020-10-11 05:00:00+00:00,0,0.0,5,6,10,1
2020-10-11 06:00:00+00:00,0,0.0,6,6,10,1
2020-10-11 07:00:00+00:00,0,0.0,7,6,10,1
2020-10-11 08:00:00+00:00,0,0.0,8,6,10,1
2020-10-11 09:00:00+00:00,0,0.0,9,6,10,1
2020-10-11 10:00:00+00:00,0,0.0,10,6,10,1
2020-10-11 11:00:00+00:00,0,0.0,11,6,10,1
2020-10-11 12:00:00+00:00,0,0.0,12,6,10,1
2020-10-11 13:00:00+00:00,0,0.0,13,6,10,1
2020-10-11 14:00:00+00:00,0,0.0,14,6,10,1
2020-10-11 15:00:00+00:00,0,0.0,15,6,10,1
2020-10-11 16:00:00+00:00,0,0.0,16,6,10,1
2020-10-11 17:00:00+00:00,0,0.0,17,6,10,1
2020-10-11 18:00:00+00:00,0,0.0,18,6,10,1
2020-10-11 19:00:00+00:00,0,0.0,19,6,10,1
2020-10-11 20:00:00+00:00,0,0.0,20,6,10,1
2020-10-11 21:00:00+00:00,0,0.0,21,6,10,1
2020-10-11 22:00:00+00:00,0,0.0,22,6,10,1
2020-10-11 23:00:00+00:00,0,0.0,23,6,10,1
2020-10-12 00:00:00+00:00,0,0.0,0,0,10,0
2020-10-12 01:00:00+00:00,0,0.0,1,0,10,0
2020-10-12 02:00:00+00:00,0,0.0,2,0,10,0
2020-10-12 03:00:00+00:00,0,0.0,3,0,10,0
2020-10-12 04:00:00+00:00,0,0.0,4,0,10,0
2020-10-12 05:00:00+00:00,0,0.0,5,0,10,0
2020-10-12 06:00:00+00:00,0,0.0,6,0,10,0
2020-10-12 07:00:00+00:00,0,0.0,7,0,10,0
2020-10-12 08:00:00+00:00,0,0.0,8,0,10,0
2020-10-12 09:00:00+00:00,0,0.0,9,0,10,0
2020-10-12 10:00:00+00:00,0,0.0,10,0,10,0
2020-10-12 11:00:00+00:00,0,0.0,11,0,10,0
2020-10-12 12:00:00+00:00,0,0.0,12,0,10,0
2020-10-12 13:00:00+00:00,0,0.0,13,0,10,0
2020-10-12 14:00:00+00:00,0,0.0,14,0,10,0
2020-10-12 15:00:00+00:00,0,0.0,15,0,10,0
2020-10-12 16:00:00+00:00,0,0.0,16,0,10,0
2020-10-12 17:00:00+00:00,0,0.0,17,0,10,0
2020-10-12 18:00:00+00:00,0,0.0,18,0,10,0
2020-10-12 19:00:00+00:00,0,0.0,19,0,10,0
2020-10-12 20:00:00+00:00,0,0.0,20,0,10,0
2020-10-12 21:00:00+00:00,0,0.0,21,0,10,0
2020-10-12 22:00:00+00:00,0,0.0,22,0,10,0
2020-10-12 23:00:00+00:00,0,0.0,23,0,10,0
2020-10-13 00:00:00+00:00,0,0.0,0,1,10,0
2020-10-13 01:00:00+00:00,0,0.0,1,1,10,0
2020-10-13 02:00:00+00:00,0,0.0,2,1,10,0
2020-10-13 03:00:00+00:00,0,0.0,3,1,10,0
2020-10-13 04:00:00+00:00,0,0.0,4,1,10,0
2020-10-13 05:00:00+00:00,0,0.0,5,1,10,0
2020-10-13 06:00:00+00:00,0,0.0,6,1,10,0
2020-10-13 07:00:00+00:00,0,0.0,7,1,10,0
2020-10-13 08:00:00+00:00,0,0.0,8,1,10,0
2020-10-13 09:00:00+00:00,0,0.0,9,1,10,0
2020-10-13 10:00:00+00:00,0,0.0,10,1,10,0
2020-10-13 11:00:00+00:00,0,0.0,11,1,10,0
2020-10-13 12:00:00+00:00,0,0.0,12,1,10,0
2020-10-13 13:00:00+00:00,0,0.0,13,1,10,0
2020-10-13 14:00:00+00:00,0,0.0,14,1,10,0
2020-10-13 15:00:00+00:00,0,0.0,15,1,10,0
2020-10-13 16:00:00+00:00,0,0.0,16,1,10,0
2020-10-13 17:00:00+00:00,0,0.0,17,1,10,0
2020-10-13 18:00:00+00:00,0,0.0,18,1,10,0
2020-10-13 19:00:00+00:00,0,0.0,19,1,10,0
2020-10-13 20:00:00+00:00,0,0.0,20,1,10,0
2020-10-13 21:00:00+00:00,0,0.0,21,1,10,0
2020-10-13 22:00:00+00:00,0,0.0,22,1,10,0
2020-10-13 23:00:00+00:00,0,0.0,23,1,10,0
2020-10-14 00:00:00+00:00,0,0.0,0,2,10,0
2020-10-14 01:00:00+00:00,0,0.0,1,2,10,0
2020-10-14 02:00:00+00:00,0,0.0,2,2,10,0
2020-10-14 03:00:00+00:00,0,0.0,3,2,10,0
2020-10-14 04:00:00+00:00,0,0.0,4,2,10,0
2020-10-14 05:00:00+00:00,0,0.0,5,2,10,0
2020-10-14 06:00:00+00:00,0,0.0,6,2,10,0
2020-10-14 07:00:00+00:00,0,0.0,7,2,10,0
2020-10-14 08:00:00+00:00,0,0.0,8,2,10,0
2020-10-14 09:00:00+00:00,0,0.0,9,2,10,0
2020-10-14 10:00:00+00:00,0,0.0,10,2,10,0
2020-10-14 11:00:00+00:00,0,0.0,11,2,10,0
2020-10-14 12:00:00+00:00,0,0.0,12,2,10,0
2020-10-14 13:00:00+00:00,0,0.0,13,2,10,0
2020-10-14 14:00:00+00:00,0,0.0,14,2,10,0
2020-10-14 15:00:00+00:00,0,0.0,15,2,10,0
2020-10-14 16:00:00+00:00,0,0.0,16,2,10,0
2020-10-14 17:00:00+00:00,0,0.0,17,2,10,0
2020-10-14 18:00:00+00:00,0,0.0,18,2,10,0
2020-10-14 19:00:00+00:00,0,0.0,19,2,10,0
2020-10-14 20:00:00+00:00,0,0.0,20,2,10,0
2020-10-14 21:00:00+00:00,0,0.0,21,2,10,0
2020-10-14 22:00:00+00:00,0,0.0,22,2,10,0
2020-10-14 23:00:00+00:00,0,0.0,23,2,10,0
2020-10-15 00:00:00+00:00,0,0.0,0,3,10,0
2020-10-15 01:00:00+00:00,0,0.0,1,3,10,0
2020-10-15 02:00:00+00:00,0,0.0,2,3,10,0
2020-10-15 03:00:00+00:00,0,0.0,3,3,10,0
2020-10-15 04:00:00+00:00,0,0.0,4,3,10,0
2020-10-15 05:00:00+00:00,0,0.0,5,3,10,0
2020-10-15 06:00:00+00:00,0,0.0,6,3,10,0
2020-10-15 07:00:00+00:00,0,0.0,7,3,10,0
2020-10-15 08:00:00+00:00,0,0.0,8,3,10,0
2020-10-15 09:00:00+00:00,0,0.0,9,3,10,0
2020-10-15 10:00:00+00:00,0,0.0,10,3,10,0
2020-10-15 11:00:00+00:00,0,0.0,11,3,10,0
2020-10-15 12:00:00+00:00,0,0.0,12,3,10,0
2020-10-15 13:00:00+00:00,0,0.0,13,3,10,0
2020-10-15 14:00:00+00:00,0,0.0,14,3,10,0
2020-10-15 15:00:00+00:00,0,0.0,15,3,10,0
2020-10-15 16:00:00+00:00,0,0.0,16,3,10,0
2020-10-15 17:00:00+00:00,0,0.0,17,3,10,0
2020-10-15 18:00:00+00:00,0,0.0,18,3,10,0
2020-10-15 19:00:00+00:00,0,0.0,19,3,10,0
2020-10-15 20:00:00+00:00,0,0.0,20,3,10,0
2020-10-15 21:00:00+00:00,0,0.0,21,3,10,0
2020-10-15 22:00:00+00:00,0,0.0,22,3,10,0
2020-10-15 23:00:00+00:00,0,0.0,23,3,10,0
2020-10-16 00:00:00+00:00,0,0.0,0,4,10,0
2020-10-16 01:00:00+00:00,0,0.0,1,4,10,0
2020-10-16 02:00:00+00:00,0,0.0,2,4,10,0
2020-10-16 03:00:00+00:00,0,0.0,3,4,10,0
2020-10-16 04:00:00+00:00,0,0.0,4,4,10,0
2020-10-16 05:00:00+00:00,0,0.0,5,4,10,0
2020-10-16 06:00:00+00:00,0,0.0,6,4,10,0
2020-10-16 07:00:00+00:00,0,0.0,7,4,10,0
2020-10-16 08:00:00+00:00,0,0.0,8,4,10,0
2020-10-16 09:00:00+00:00,0,0.0,9,4,10,0
2020-10-16 10:00:00+00:00,0,0.0,10,4,10,0
2020-10-16 11:00:00+00:00,0,0.0,11,4,10,0
2020-10-16 12:00:00+00:00,0,0.0,12,4,10,0
2020-10-16 13:00:00+00:00,0,0.0,13,4,10,0
2020-10-16 14:00:00+00:00,0,0.0,14,4,10,0
2020-10-16 15:00:00+00:00,0,0.0,15,4,10,0
2020-10-16 16:00:00+00:00,0,0.0,16,4,10,0
2020-10-16 17:00:00+00:00,0,0.0,17,4,10,0
2020-10-16 18:00:00+00:00,0,0.0,18,4,10,0
2020-10-16 19:00:00+00:00,0,0.0,19,4,10,0
2020-10-16 20:00:00+00:00,0,0.0,20,4,10,0
2020-10-16 21:00:00+00:00,0,0.0,21,4,10,0
2020-10-16 22:00:00+00:00,0,0.0,22,4,10,0
2020-10-16 23:00:00+00:00,0,0.0,23,4,10,0
2020-10-17 00:00:00+00:00,0,0.0,0,5,10,1
2020-10-17 01:00:00+00:00,0,0.0,1,5,10,1
2020-10-17 02:00:00+00:00,0,0.0,2,5,10,1
2020-10-17 03:00:00+00:00,0,0.0,3,5,10,1
2020-10-17 04:00:00+00:00,0,0.0,4,5,10,1
2020-10-17 05:00:00+00:00,0,0.0,5,5,10,1
2020-10-17 06:00:00+00:00,0,0.0,6,5,10,1
2020-10-17 07:00:00+00:00,0,0.0,7,5,10,1
2020-10-17 08:00:00+00:00,0,0.0,8,5,10,1
2020-10-17 09:00:00+00:00,0,0.0,9,5,10,1
2020-10-17 10:00:00+00:00,0,0.0,10,5,10,1
2020-10-17 11:00:00+00:00,0,0.0,11,5,10,1
2020-10-17 12:00:00+00:00,0,0.0,12,5,10,1
2020-10-17 13:00:00+00:00,0,0.0,13,5,10,1
2020-10-17 14:00:00+00:00,0,0.0,14,5,10,1
2020-10-17 15:00:00+00:00,0,0.0,15,5,10,1
2020-10-17 16:00:00+00:00,0,0.0,16,5,10,1
2020-10-17 17:00:00+00:00,0,0.0,17,5,10,1
2020-10-17 18:00:00+00:00,0,0.0,18,5,10,1
2020-10-17 19:00:00+00:00,0,0.0,19,5,10,1
2020-10-17 20:00:00+00:00,0,0.0,20,5,10,1
2020-10-17 21:00:00+00:00,0,0.0,21,5,10,1
2020-10-17 22:00:00+00:00,0,0.0,22,5,10,1
2020-10-17 23:00:00+00:00,0,0.0,23,5,10,1
2020-10-18 00:00:00+00:00,0,0.0,0,6,10,1
2020-10-18 01:00:00+00:00,0,0.0,1,6,10,1
2020-10-18 02:00:00+00:00,0,0.0,2,6,10,1
2020-10-18 03:00:00+00:00,0,0.0,3,6,10,1
2020-10-18 04:00:00+00:00,0,0.0,4,6,10,1
2020-10-18 05:00:00+00:00,0,0.0,5,6,10,1
2020-10-18 06:00:00+00:00,0,0.0,6,6,10,1
2020-10-18 07:00:00+00:00,0,0.0,7,6,10,1
2020-10-18 08:00:00+00:00,0,0.0,8,6,10,1
2020-10-18 09:00:00+00:00,0,0.0,9,6,10,1
2020-10-18 10:00:00+00:00,0,0.0,10,6,10,1
2020-10-18 11:00:00+00:00,0,0.0,11,6,10,1
2020-10-18 12:00:00+00:00,0,0.0,12,6,10,1
2020-10-18 13:00:00+00:00,0,0.0,13,6,10,1
2020-10-18 14:00:00+00:00,0,0.0,14,6,10,1
2020-10-18 15:00:00+00:00,0,0.0,15,6,10,1
2020-10-18 16:00:00+00:00,0,0.0,16,6,10,1
2020-10-18 17:00:00+00:00,0,0.0,17,6,10,1
2020-10-18 18:00:00+00:00,0,0.0,18,6,10,1
2020-10-18 19:00:00+00:00,0,0.0,19,6,10,1
2020-10-18 20:00:00+00:00,0,0.0,20,6,10,1
2020-10-18 21:00:00+00:00,0,0.0,21,6,10,1
2020-10-18 22:00:00+00:00,0,0.0,22,6,10,1
2020-10-18 23:00:00+00:00,0,0.0,23,6,10,1
2020-10-19 00:00:00+00:00,0,0.0,0,0,10,0
2020-10-19 01:00:00+00:00,0,0.0,1,0,10,0
2020-10-19 02:00:00+00:00,0,0.0,2,0,10,0
2020-10-19 03:00:00+00:00,0,0.0,3,0,10,0
2020-10-19 04:00:00+00:00,0,0.0,4,0,10,0
2020-10-19 05:00:00+00:00,0,0.0,5,0,10,0
2020-10-19 06:00:00+00:00,0,0.0,6,0,10,0
2020-10-19 07:00:00+00:00,0,0.0,7,0,10,0
2020-10-19 08:00:00+00:00,0,0.0,8,0,10,0
2020-10-19 09:00:00+00:00,0,0.0,9,0,10,0
2020-10-19 10:00:00+00:00,0,0.0,10,0,10,0
2020-10-19 11:00:00+00:00,0,0.0,11,0,10,0
2020-10-19 12:00:00+00:00,0,0.0,12,0,10,0
2020-10-19 13:00:00+00:00,0,0.0,13,0,10,0
2020-10-19 14:00:00+00:00,0,0.0,14,0,10,0
2020-10-19 15:00:00+00:00,0,0.0,15,0,10,0
2020-10-19 16:00:00+00:00,0,0.0,16,0,10,0
2020-10-19 17:00:00+00:00,0,0.0,17,0,10,0
2020-10-19 18:00:00+00:00,0,0.0,18,0,10,0
2020-10-19 19:00:00+00:00,0,0.0,19,0,10,0
2020-10-19 20:00:00+00:00,0,0.0,20,0,10,0
2020-10-19 21:00:00+00:00,0,0.0,21,0,10,0
2020-10-19 22:00:00+00:00,0,0.0,22,0,10,0
2020-10-19 23:00:00+00:00,0,0.0,23,0,10,0
2020-10-20 00:00:00+00:00,0,0.0,0,1,10,0
2020-10-20 01:00:00+00:00,0,0.0,1,1,10,0
2020-10-20 02:00:00+00:00,0,0.0,2,1,10,0
2020-10-20 03:00:00+00:00,0,0.0,3,1,10,0
2020-10-20 04:00:00+00:00,0,0.0,4,1,10,0
2020-10-20 05:00:00+00:00,0,0.0,5,1,10,0
2020-10-20 06:00:00+00:00,0,0.0,6,1,10,0
2020-10-20 07:00:00+00:00,0,0.0,7,1,10,0
2020-10-20 08:00:00+00:00,0,0.0,8,1,10,0
2020-10-20 09:00:00+00:00,0,0.0,9,1,10,0
2020-10-20 10:00:00+00:00,0,0.0,10,1,10,0
2020-10-20 11:00:00+00:00,0,0.0,11,1,10,0
2020-10-20 12:00:00+00:00,0,0.0,12,1,10,0
2020-10-20 13:00:00+00:00,0,0.0,13,1,10,0
2020-10-20 14:00:00+00:00,0,0.0,14,1,10,0
2020-10-20 15:00:00+00:00,0,0.0,15,1,10,0
2020-10-20 16:00:00+00:00,0,0.0,16,1,10,0
2020-10-20 17:00:00+00:00,0,0.0,17,1,10,0
2020-10-20 18:00:00+00:00,0,0.0,18,1,10,0
2020-10-20 19:00:00+00:00,0,0.0,19,1,10,0
2020-10-20 20:00:00+00:00,0,0.0,20,1,10,0
2020-10-20 21:00:00+00:00,0,0.0,21,1,10,0
2020-10-20 22:00:00+00:00,0,0.0,22,1,10,0
2020-10-20 23:00:00+00:00,0,0.0,23,1,10,0
2020-10-21 00:00:00+00:00,0,0.0,0,2,10,0
2020-10-21 01:00:00+00:00,0,0.0,1,2,10,0
2020-10-21 02:00:00+00:00,0,0.0,2,2,10,0
2020-10-21 03:00:00+00:00,0,0.0,3,2,10,0
2020-10-21 04:00:00+00:00,0,0.0,4,2,10,0
2020-10-21 05:00:00+00:00,0,0.0,5,2,10,0
2020-10-21 06:00:00+00:00,0,0.0,6,2,10,0
2020-10-21 07:00:00+00:00,0,0.0,7,2,10,0
2020-10-21 08:00:00+00:00,0,0.0,8,2,10,0
2020-10-21 09:00:00+00:00,0,0.0,9,2,10,0
2020-10-21 10:00:00+00:00,0,0.0,10,2,10,0
2020-10-21 11:00:00+00:00,0,0.0,11,2,10,0
2020-10-21 12:00:00+00:00,0,0.0,12,2,10,0
2020-10-21 13:00:00+00:00,0,0.0,13,2,10,0
2020-10-21 14:00:00+00:00,0,0.0,14,2,10,0
2020-10-21 15:00:00+00:00,0,0.0,15,2,10,0
2020-10-21 16:00:00+00:00,0,0.0,16,2,10,0
2020-10-21 17:00:00+00:00,0,0.0,17,2,10,0
2020-10-21 18:00:00+00:00,0,0.0,18,2,10,0
2020-10-21 19:00:00+00:00,0,0.0,19,2,10,0
2020-10-21 20:00:00+00:00,0,0.0,20,2,10,0
2020-10-21 21:00:00+00:00,0,0.0,21,2,10,0
2020-10-21 22:00:00+00:00,0,0.0,22,2,10,0
2020-10-21 23:00:00+00:00,0,0.0,23,2,10,0
2020-10-22 00:00:00+00:00,0,0.0,0,3,10,0
2020-10-22 01:00:00+00:00,0,0.0,1,3,10,0
2020-10-22 02:00:00+00:00,0,0.0,2,3,10,0
2020-10-22 03:00:00+00:00,0,0.0,3,3,10,0
2020-10-22 04:00:00+00:00,0,0.0,4,3,10,0
2020-10-22 05:00:00+00:00,0,0.0,5,3,10,0
2020-10-22 06:00:00+00:00,0,0.0,6,3,10,0
2020-10-22 07:00:00+00:00,0,0.0,7,3,10,0
2020-10-22 08:00:00+00:00,0,0.0,8,3,10,0
2020-10-22 09:00:00+00:00,0,0.0,9,3,10,0
2020-10-22 10:00:00+00:00,0,0.0,10,3,10,0
2020-10-22 11:00:00+00:00,0,0.0,11,3,10,0
2020-10-22 12:00:00+00:00,0,0.0,12,3,10,0
2020-10-22 13:00:00+00:00,0,0.0,13,3,10,0
2020-10-22 14:00:00+00:00,0,0.0,14,3,10,0
2020-10-22 15:00:00+00:00,0,0.0,15,3,10,0
2020-10-22 16:00:00+00:00,0,0.0,16,3,10,0
2020-10-22 17:00:00+00:00,0,0.0,17,3,10,0
2020-10-22 18:00:00+00:00,0,0.0,18,3,10,0
2020-10-22 19:00:00+00:00,0,0.0,19,3,10,0
2020-10-22 20:00:00+00:00,0,0.0,20,3,10,0
2020-10-22 21:00:00+00:00,0,0.0,21,3,10,0
2020-10-22 22:00:00+00:00,0,0.0,22,3,10,0
2020-10-22 23:00:00+00:00,0,0.0,23,3,10,0
2020-10-23 00:00:00+00:00,0,0.0,0,4,10,0
2020-10-23 01:00:00+00:00,0,0.0,1,4,10,0
2020-10-23 02:00:00+00:00,0,0.0,2,4,10,0
2020-10-23 03:00:00+00:00,0,0.0,3,4,10,0
2020-10-23 04:00:00+00:00,0,0.0,4,4,10,0
2020-10-23 05:00:00+00:00,0,0.0,5,4,10,0
2020-10-23 06:00:00+00:00,0,0.0,6,4,10,0
2020-10-23 07:00:00+00:00,0,0.0,7,4,10,0
2020-10-23 08:00:00+00:00,0,0.0,8,4,10,0
2020-10-23 09:00:00+00:00,0,0.0,9,4,10,0
2020-10-23 10:00:00+00:00,0,0.0,10,4,10,0
2020-10-23 11:00:00+00:00,0,0.0,11,4,10,0
2020-10-23 12:00:00+00:00,0,0.0,12,4,10,0
2020-10-23 13:00:00+00:00,0,0.0,13,4,10,0
2020-10-23 14:00:00+00:00,0,0.0,14,4,10,0
2020-10-23 15:00:00+00:00,0,0.0,15,4,10,0
2020-10-23 16:00:00+00:00,0,0.0,16,4,10,0
2020-10-23 17:00:00+00:00,0,0.0,17,4,10,0
2020-10-23 18:00:00+00:00,0,0.0,18,4,10,0
2020-10-23 19:00:00+00:00,0,0.0,19,4,10,0
2020-10-23 20:00:00+00:00,0,0.0,20,4,10,0
2020-10-23 21:00:00+00:00,0,0.0,21,4,10,0
2020-10-23 22:00:00+00:00,0,0.0,22,4,10,0
2020-10-23 23:00:00+00:00,0,0.0,23,4,10,0
2020-10-24 00:00:00+00:00,0,0.0,0,5,10,1
2020-10-24 01:00:00+00:00,0,0.0,1,5,10,1
2020-10-24 02:00:00+00:00,0,0.0,2,5,10,1
2020-10-24 03:00:00+00:00,0,0.0,3,5,10,1
2020-10-24 04:00:00+00:00,0,0.0,4,5,10,1
2020-10-24 05:00:00+00:00,0,0.0,5,5,10,1
2020-10-24 06:00:00+00:00,0,0.0,6,5,10,1
2020-10-24 07:00:00+00:00,0,0.0,7,5,10,1
2020-10-24 08:00:00+00:00,0,0.0,8,5,10,1
2020-10-24 09:00:00+00:00,0,0.0,9,5,10,1
2020-10-24 10:00:00+00:00,0,0.0,10,5,10,1
2020-10-24 11:00:00+00:00,0,0.0,11,5,10,1
2020-10-24 12:00:00+00:00,0,0.0,12,5,10,1
2020-10-24 13:00:00+00:00,0,0.0,13,5,10,1
2020-10-24 14:00:00+00:00,0,0.0,14,5,10,1
2020-10-24 15:00:00+00:00,0,0.0,15,5,10,1
2020-10-24 16:00:00+00:00,0,0.0,16,5,10,1
2020-10-24 17:00:00+00:00,0,0.0,17,5,10,1
2020-10-24 18:00:00+00:00,0,0.0,18,5,10,1
2020-10-24 19:00:00+00:00,0,0.0,19,5,10,1
2020-10-24 20:00:00+00:00,0,0.0,20,5,10,1
2020-10-24 21:00:00+00:00,0,0.0,21,5,10,1
2020-10-24 22:00:00+00:00,0,0.0,22,5,10,1
2020-10-24 23:00:00+00:00,0,0.0,23,5,10,1
2020-10-25 00:00:00+00:00,0,0.0,0,6,10,1
2020-10-25 01:00:00+00:00,0,0.0,1,6,10,1
2020-10-25 02:00:00+00:00,0,0.0,2,6,10,1
2020-10-25 03:00:00+00:00,0,0.0,3,6,10,1
2020-10-25 04:00:00+00:00,0,0.0,4,6,10,1
2020-10-25 05:00:00+00:00,0,0.0,5,6,10,1
2020-10-25 06:00:00+00:00,0,0.0,6,6,10,1
2020-10-25 07:00:00+00:00,0,0.0,7,6,10,1
2020-10-25 08:00:00+00:00,0,0.0,8,6,10,1
2020-10-25 09:00:00+00:00,0,0.0,9,6,10,1
2020-10-25 10:00:00+00:00,0,0.0,10,6,10,1
2020-10-25 11:00:00+00:00,0,0.0,11,6,10,1
2020-10-25 12:00:00+00:00,0,0.0,12,6,10,1
2020-10-25 13:00:00+00:00,0,0.0,13,6,10,1
2020-10-25 14:00:00+00:00,0,0.0,14,6,10,1
2020-10-25 15:00:00+00:00,0,0.0,15,6,10,1
2020-10-25 16:00:00+00:00,0,0.0,16,6,10,1
2020-10-25 17:00:00+00:00,0,0.0,17,6,10,1
2020-10-25 18:00:00+00:00,0,0.0,18,6,10,1
2020-10-25 19:00:00+00:00,0,0.0,19,6,10,1
2020-10-25 20:00:00+00:00,0,0.0,20,6,10,1
2020-10-25 21:00:00+00:00,0,0.0,21,6,10,1
2020-10-25 22:00:00+00:00,0,0.0,22,6,10,1
2020-10-25 23:00:00+00:00,0,0.0,23,6,10,1
2020-10-26 00:00:00+00:00,0,0.0,0,0,10,0
2020-10-26 01:00:00+00:00,0,0.0,1,0,10,0
2020-10-26 02:00:00+00:00,0,0.0,2,0,10,0
2020-10-26 03:00:00+00:00,0,0.0,3,0,10,0
2020-10-26 04:00:00+00:00,0,0.0,4,0,10,0
2020-10-26 05:00:00+00:00,0,0.0,5,0,10,0
2020-10-26 06:00:00+00:00,0,0.0,6,0,10,0
2020-10-26 07:00:00+00:00,0,0.0,7,0,10,0
2020-10-26 08:00:00+00:00,0,0.0,8,0,10,0
2020-10-26 09:00:00+00:00,0,0.0,9,0,10,0
2020-10-26 10:00:00+00:00,0,0.0,10,0,10,0
2020-10-26 11:00:00+00:00,0,0.0,11,0,10,0
2020-10-26 12:00:00+00:00,0,0.0,12,0,10,0
2020-10-26 13:00:00+00:00,0,0.0,13,0,10,0
2020-10-26 14:00:00+00:00,0,0.0,14,0,10,0
2020-10-26 15:00:00+00:00,0,0.0,15,0,10,0
2020-10-26 16:00:00+00:00,0,0.0,16,0,10,0
2020-10-26 17:00:00+00:00,0,0.0,17,0,10,0
2020-10-26 18:00:00+00:00,0,0.0,18,0,10,0
2020-10-26 19:00:00+00:00,0,0.0,19,0,10,0
2020-10-26 20:00:00+00:00,0,0.0,20,0,10,0
2020-10-26 21:00:00+00:00,0,0.0,21,0,10,0
2020-10-26 22:00:00+00:00,0,0.0,22,0,10,0
2020-10-26 23:00:00+00:00,0,0.0,23,0,10,0
2020-10-27 00:00:00+00:00,0,0.0,0,1,10,0
2020-10-27 01:00:00+00:00,0,0.0,1,1,10,0
2020-10-27 02:00:00+00:00,0,0.0,2,1,10,0
2020-10-27 03:00:00+00:00,0,0.0,3,1,10,0
2020-10-27 04:00:00+00:00,0,0.0,4,1,10,0
2020-10-27 05:00:00+00:00,0,0.0,5,1,10,0
2020-10-27 06:00:00+00:00,0,0.0,6,1,10,0
2020-10-27 07:00:00+00:00,0,0.0,7,1,10,0
2020-10-27 08:00:00+00:00,0,0.0,8,1,10,0
2020-10-27 09:00:00+00:00,0,0.0,9,1,10,0
2020-10-27 10:00:00+00:00,0,0.0,10,1,10,0
2020-10-27 11:00:00+00:00,0,0.0,11,1,10,0
2020-10-27 12:00:00+00:00,0,0.0,12,1,10,0
2020-10-27 13:00:00+00:00,0,0.0,13,1,10,0
2020-10-27 14:00:00+00:00,0,0.0,14,1,10,0
2020-10-27 15:00:00+00:00,0,0.0,15,1,10,0
2020-10-27 16:00:00+00:00,0,0.0,16,1,10,0
2020-10-27 17:00:00+00:00,0,0.0,17,1,10,0
2020-10-27 18:00:00+00:00,0,0.0,18,1,10,0
2020-10-27 19:00:00+00:00,0,0.0,19,1,10,0
2020-10-27 20:00:00+00:00,0,0.0,20,1,10,0
2020-10-27 21:00:00+00:00,0,0.0,21,1,10,0
2020-10-27 22:00:00+00:00,0,0.0,22,1,10,0
2020-10-27 23:00:00+00:00,0,0.0,23,1,10,0
2020-10-28 00:00:00+00:00,0,0.0,0,2,10,0
2020-10-28 01:00:00+00:00,0,0.0,1,2,10,0
2020-10-28 02:00:00+00:00,0,0.0,2,2,10,0
2020-10-28 03:00:00+00:00,0,0.0,3,2,10,0
2020-10-28 04:00:00+00:00,0,0.0,4,2,10,0
2020-10-28 05:00:00+00:00,0,0.0,5,2,10,0
2020-10-28 06:00:00+00:00,0,0.0,6,2,10,0
2020-10-28 07:00:00+00:00,0,0.0,7,2,10,0
2020-10-28 08:00:00+00:00,0,0.0,8,2,10,0
2020-10-28 09:00:00+00:00,0,0.0,9,2,10,0
2020-10-28 10:00:00+00:00,0,0.0,10,2,10,0
2020-10-28 11:00:00+00:00,0,0.0,11,2,10,0
2020-10-28 12:00:00+00:00,0,0.0,12,2,10,0
2020-10-28 13:00:00+00:00,0,0.0,13,2,10,0
2020-10-28 14:00:00+00:00,0,0.0,14,2,10,0
2020-10-28 15:00:00+00:00,0,0.0,15,2,10,0
2020-10-28 16:00:00+00:00,0,0.0,16,2,10,0
2020-10-28 17:00:00+00:00,0,0.0,17,2,10,0
2020-10-28 18:00:00+00:00,0,0.0,18,2,10,0
2020-10-28 19:00:00+00:00,0,0.0,19,2,10,0
2020-10-28 20:00:00+00:00,0,0.0,20,2,10,0
2020-10-28 21:00:00+00:00,0,0.0,21,2,10,0
2020-10-28 22:00:00+00:00,0,0.0,22,2,10,0
2020-10-28 23:00:00+00:00,0,0.0,23,2,10,0
2020-10-29 00:00:00+00:00,0,0.0,0,3,10,0
2020-10-29 01:00:00+00:00,0,0.0,1,3,10,0
2020-10-29 02:00:00+00:00,0,0.0,2,3,10,0
2020-10-29 03:00:00+00:00,0,0.0,3,3,10,0
2020-10-29 04:00:00+00:00,0,0.0,4,3,10,0
2020-10-29 05:00:00+00:00,0,0.0,5,3,10,0
2020-10-29 06:00:00+00:00,0,0.0,6,3,10,0
2020-10-29 07:00:00+00:00,0,0.0,7,3,10,0
2020-10-29 08:00:00+00:00,0,0.0,8,3,10,0
2020-10-29 09:00:00+00:00,0,0.0,9,3,10,0
2020-10-29 10:00:00+00:00,0,0.0,10,3,10,0
2020-10-29 11:00:00+00:00,0,0.0,11,3,10,0
2020-10-29 12:00:00+00:00,0,0.0,12,3,10,0
2020-10-29 13:00:00+00:00,0,0.0,13,3,10,0
2020-10-29 14:00:00+00:00,0,0.0,14,3,10,0
2020-10-29 15:00:00+00:00,0,0.0,15,3,10,0
2020-10-29 16:00:00+00:00,0,0.0,16,3,10,0
2020-10-29 17:00:00+00:00,0,0.0,17,3,10,0
2020-10-29 18:00:00+00:00,0,0.0,18,3,10,0
2020-10-29 19:00:00+00:00,0,0.0,19,3,10,0
2020-10-29 20:00:00+00:00,0,0.0,20,3,10,0
2020-10-29 21:00:00+00:00,0,0.0,21,3,10,0
2020-10-29 22:00:00+00:00,0,0.0,22,3,10,0
2020-10-29 23:00:00+00:00,0,0.0,23,3,10,0
2020-10-30 00:00:00+00:00,0,0.0,0,4,10,0
2020-10-30 01:00:00+00:00,0,0.0,1,4,10,0
2020-10-30 02:00:00+00:00,0,0.0,2,4,10,0
2020-10-30 03:00:00+00:00,0,0.0,3,4,10,0
2020-10-30 04:00:00+00:00,0,0.0,4,4,10,0
2020-10-30 05:00:00+00:00,0,0.0,5,4,10,0
2020-10-30 06:00:00+00:00,0,0.0,6,4,10,0
2020-10-30 07:00:00+00:00,0,0.0,7,4,10,0
2020-10-30 08:00:00+00:00,0,0.0,8,4,10,0
2020-10-30 09:00:00+00:00,0,0.0,9,4,10,0
2020-10-30 10:00:00+00:00,0,0.0,10,4,10,0
2020-10-30 11:00:00+00:00,0,0.0,11,4,10,0
2020-10-30 12:00:00+00:00,0,0.0,12,4,10,0
2020-10-30 13:00:00+00:00,0,0.0,13,4,10,0
2020-10-30 14:00:00+00:00,0,0.0,14,4,10,0
2020-10-30 15:00:00+00:00,0,0.0,15,4,10,0
2020-10-30 16:00:00+00:00,0,0.0,16,4,10,0
2020-10-30 17:00:00+00:00,0,0.0,17,4,10,0
2020-10-30 18:00:00+00:00,0,0.0,18,4,10,0
2020-10-30 19:00:00+00:00,0,0.0,19,4,10,0
2020-10-30 20:00:00+00:00,0,0.0,20,4,10,0
2020-10-30 21:00:00+00:00,0,0.0,21,4,10,0
2020-10-30 22:00:00+00:00,0,0.0,22,4,10,0
2020-10-30 23:00:00+00:00,0,0.0,23,4,10,0
2020-10-31 00:00:00+00:00,0,0.0,0,5,10,1
2020-10-31 01:00:00+00:00,0,0.0,1,5,10,1
2020-10-31 02:00:00+00:00,0,0.0,2,5,10,1
2020-10-31 03:00:00+00:00,0,0.0,3,5,10,1
2020-10-31 04:00:00+00:00,0,0.0,4,5,10,1
2020-10-31 05:00:00+00:00,0,0.0,5,5,10,1
2020-10-31 06:00:00+00:00,0,0.0,6,5,10,1
2020-10-31 07:00:00+00:00,0,0.0,7,5,10,1
2020-10-31 08:00:00+00:00,0,0.0,8,5,10,1
2020-10-31 09:00:00+00:00,0,0.0,9,5,10,1
2020-10-31 10:00:00+00:00,0,0.0,10,5,10,1
2020-10-31 11:00:00+00:00,0,0.0,11,5,10,1
2020-10-31 12:00:00+00:00,0,0.0,12,5,10,1
2020-10-31 13:00:00+00:00,0,0.0,13,5,10,1
2020-10-31 14:00:00+00:00,0,0.0,14,5,10,1
2020-10-31 15:00:00+00:00,0,0.0,15,5,10,1
2020-10-31 16:00:00+00:00,0,0.0,16,5,10,1
2020-10-31 17:00:00+00:00,0,0.0,17,5,10,1
2020-10-31 18:00:00+00:00,0,0.0,18,5,10,1
2020-10-31 19:00:00+00:00,0,0.0,19,5,10,1
2020-10-31 20:00:00+00:00,0,0.0,20,5,10,1
2020-10-31 21:00:00+00:00,0,0.0,21,5,10,1
2020-10-31 22:00:00+00:00,0,0.0,22,5,10,1
2020-10-31 23:00:00+00:00,0,0.0,23,5,10,1
2020-11-01 00:00:00+00:00,0,0.0,0,6,11,1
2020-11-01 01:00:00+00:00,0,0.0,1,6,11,1
2020-11-01 02:00:00+00:00,0,0.0,2,6,11,1
2020-11-01 03:00:00+00:00,0,0.0,3,6,11,1
2020-11-01 04:00:00+00:00,0,0.0,4,6,11,1
2020-11-01 05:00:00+00:00,0,0.0,5,6,11,1
2020-11-01 06:00:00+00:00,0,0.0,6,6,11,1
2020-11-01 07:00:00+00:00,0,0.0,7,6,11,1
2020-11-01 08:00:00+00:00,0,0.0,8,6,11,1
2020-11-01 09:00:00+00:00,0,0.0,9,6,11,1
2020-11-01 10:00:00+00:00,0,0.0,10,6,11,1
2020-11-01 11:00:00+00:00,0,0.0,11,6,11,1
2020-11-01 12:00:00+00:00,0,0.0,12,6,11,1
2020-11-01 13:00:00+00:00,0,0.0,13,6,11,1
2020-11-01 14:00:00+00:00,0,0.0,14,6,11,1
2020-11-01 15:00:00+00:00,0,0.0,15,6,11,1
2020-11-01 16:00:00+00:00,0,0.0,16,6,11,1
2020-11-01 17:00:00+00:00,0,0.0,17,6,11,1
2020-11-01 18:00:00+00:00,0,0.0,18,6,11,1
2020-11-01 19:00:00+00:00,0,0.0,19,6,11,1
2020-11-01 20:00:00+00:00,0,0.0,20,6,11,1
2020-11-01 21:00:00+00:00,0,0.0,21,6,11,1
2020-11-01 22:00:00+00:00,0,0.0,22,6,11,1
2020-11-01 23:00:00+00:00,0,0.0,23,6,11,1
2020-11-02 00:00:00+00:00,0,0.0,0,0,11,0
2020-11-02 01:00:00+00:00,0,0.0,1,0,11,0
2020-11-02 02:00:00+00:00,0,0.0,2,0,11,0
2020-11-02 03:00:00+00:00,0,0.0,3,0,11,0
2020-11-02 04:00:00+00:00,0,0.0,4,0,11,0
2020-11-02 05:00:00+00:00,0,0.0,5,0,11,0
2020-11-02 06:00:00+00:00,0,0.0,6,0,11,0
2020-11-02 07:00:00+00:00,0,0.0,7,0,11,0
2020-11-02 08:00:00+00:00,0,0.0,8,0,11,0
2020-11-02 09:00:00+00:00,0,0.0,9,0,11,0
2020-11-02 10:00:00+00:00,0,0.0,10,0,11,0
2020-11-02 11:00:00+00:00,0,0.0,11,0,11,0
2020-11-02 12:00:00+00:00,0,0.0,12,0,11,0
2020-11-02 13:00:00+00:00,0,0.0,13,0,11,0
2020-11-02 14:00:00+00:00,0,0.0,14,0,11,0
2020-11-02 15:00:00+00:00,0,0.0,15,0,11,0
2020-11-02 16:00:00+00:00,0,0.0,16,0,11,0
2020-11-02 17:00:00+00:00,0,0.0,17,0,11,0
2020-11-02 18:00:00+00:00,0,0.0,18,0,11,0
2020-11-02 19:00:00+00:00,0,0.0,19,0,11,0
2020-11-02 20:00:00+00:00,0,0.0,20,0,11,0
2020-11-02 21:00:00+00:00,0,0.0,21,0,11,0
2020-11-02 22:00:00+00:00,0,0.0,22,0,11,0
2020-11-02 23:00:00+00:00,0,0.0,23,0,11,0
2020-11-03 00:00:00+00:00,0,0.0,0,1,11,0
2020-11-03 01:00:00+00:00,0,0.0,1,1,11,0
2020-11-03 02:00:00+00:00,0,0.0,2,1,11,0
2020-11-03 03:00:00+00:00,0,0.0,3,1,11,0
2020-11-03 04:00:00+00:00,0,0.0,4,1,11,0
2020-11-03 05:00:00+00:00,0,0.0,5,1,11,0
2020-11-03 06:00:00+00:00,0,0.0,6,1,11,0
2020-11-03 07:00:00+00:00,0,0.0,7,1,11,0
2020-11-03 08:00:00+00:00,0,0.0,8,1,11,0
2020-11-03 09:00:00+00:00,0,0.0,9,1,11,0
2020-11-03 10:00:00+00:00,0,0.0,10,1,11,0
2020-11-03 11:00:00+00:00,0,0.0,11,1,11,0
2020-11-03 12:00:00+00:00,0,0.0,12,1,11,0
2020-11-03 13:00:00+00:00,0,0.0,13,1,11,0
2020-11-03 14:00:00+00:00,0,0.0,14,1,11,0
2020-11-03 15:00:00+00:00,0,0.0,15,1,11,0
2020-11-03 16:00:00+00:00,0,0.0,16,1,11,0
2020-11-03 17:00:00+00:00,0,0.0,17,1,11,0
2020-11-03 18:00:00+00:00,0,0.0,18,1,11,0
2020-11-03 19:00:00+00:00,0,0.0,19,1,11,0
2020-11-03 20:00:00+00:00,0,0.0,20,1,11,0
2020-11-03 21:00:00+00:00,0,0.0,21,1,11,0
2020-11-03 22:00:00+00:00,0,0.0,22,1,11,0
2020-11-03 23:00:00+00:00,0,0.0,23,1,11,0
2020-11-04 00:00:00+00:00,0,0.0,0,2,11,0
2020-11-04 01:00:00+00:00,0,0.0,1,2,11,0
2020-11-04 02:00:00+00:00,0,0.0,2,2,11,0
2020-11-04 03:00:00+00:00,0,0.0,3,2,11,0
2020-11-04 04:00:00+00:00,0,0.0,4,2,11,0
2020-11-04 05:00:00+00:00,0,0.0,5,2,11,0
2020-11-04 06:00:00+00:00,0,0.0,6,2,11,0
2020-11-04 07:00:00+00:00,0,0.0,7,2,11,0
2020-11-04 08:00:00+00:00,0,0.0,8,2,11,0
2020-11-04 09:00:00+00:00,0,0.0,9,2,11,0
2020-11-04 10:00:00+00:00,0,0.0,10,2,11,0
2020-11-04 11:00:00+00:00,0,0.0,11,2,11,0
2020-11-04 12:00:00+00:00,0,0.0,12,2,11,0
2020-11-04 13:00:00+00:00,0,0.0,13,2,11,0
2020-11-04 14:00:00+00:00,0,0.0,14,2,11,0
2020-11-04 15:00:00+00:00,0,0.0,15,2,11,0
2020-11-04 16:00:00+00:00,0,0.0,16,2,11,0
2020-11-04 17:00:00+00:00,0,0.0,17,2,11,0
2020-11-04 18:00:00+00:00,0,0.0,18,2,11,0
2020-11-04 19:00:00+00:00,0,0.0,19,2,11,0
2020-11-04 20:00:00+00:00,0,0.0,20,2,11,0
2020-11-04 21:00:00+00:00,0,0.0,21,2,11,0
2020-11-04 22:00:00+00:00,0,0.0,22,2,11,0
2020-11-04 23:00:00+00:00,0,0.0,23,2,11,0
2020-11-05 00:00:00+00:00,0,0.0,0,3,11,0
2020-11-05 01:00:00+00:00,0,0.0,1,3,11,0
2020-11-05 02:00:00+00:00,0,0.0,2,3,11,0
2020-11-05 03:00:00+00:00,0,0.0,3,3,11,0
2020-11-05 04:00:00+00:00,0,0.0,4,3,11,0
2020-11-05 05:00:00+00:00,0,0.0,5,3,11,0
2020-11-05 06:00:00+00:00,0,0.0,6,3,11,0
2020-11-05 07:00:00+00:00,0,0.0,7,3,11,0
2020-11-05 08:00:00+00:00,0,0.0,8,3,11,0
2020-11-05 09:00:00+00:00,0,0.0,9,3,11,0
2020-11-05 10:00:00+00:00,0,0.0,10,3,11,0
2020-11-05 11:00:00+00:00,0,0.0,11,3,11,0
2020-11-05 12:00:00+00:00,0,0.0,12,3,11,0
2020-11-05 13:00:00+00:00,0,0.0,13,3,11,0
2020-11-05 14:00:00+00:00,0,0.0,14,3,11,0
2020-11-05 15:00:00+00:00,0,0.0,15,3,11,0
2020-11-05 16:00:00+00:00,0,0.0,16,3,11,0
2020-11-05 17:00:00+00:00,0,0.0,17,3,11,0
2020-11-05 18:00:00+00:00,0,0.0,18,3,11,0
2020-11-05 19:00:00+00:00,0,0.0,19,3,11,0
2020-11-05 20:00:00+00:00,0,0.0,20,3,11,0
2020-11-05 21:00:00+00:00,0,0.0,21,3,11,0
2020-11-05 22:00:00+00:00,0,0.0,22,3,11,0
2020-11-05 23:00:00+00:00,0,0.0,23,3,11,0
2020-11-06 00:00:00+00:00,0,0.0,0,4,11,0
2020-11-06 01:00:00+00:00,0,0.0,1,4,11,0
2020-11-06 02:00:00+00:00,0,0.0,2,4,11,0
2020-11-06 03:00:00+00:00,0,0.0,3,4,11,0
2020-11-06 04:00:00+00:00,0,0.0,4,4,11,0
2020-11-06 05:00:00+00:00,0,0.0,5,4,11,0
2020-11-06 06:00:00+00:00,0,0.0,6,4,11,0
2020-11-06 07:00:00+00:00,0,0.0,7,4,11,0
2020-11-06 08:00:00+00:00,0,0.0,8,4,11,0
2020-11-06 09:00:00+00:00,0,0.0,9,4,11,0
2020-11-06 10:00:00+00:00,0,0.0,10,4,11,0
2020-11-06 11:00:00+00:00,0,0.0,11,4,11,0
2020-11-06 12:00:00+00:00,0,0.0,12,4,11,0
2020-11-06 13:00:00+00:00,0,0.0,13,4,11,0
2020-11-06 14:00:00+00:00,0,0.0,14,4,11,0
2020-11-06 15:00:00+00:00,0,0.0,15,4,11,0
2020-11-06 16:00:00+00:00,0,0.0,16,4,11,0
2020-11-06 17:00:00+00:00,0,0.0,17,4,11,0
2020-11-06 18:00:00+00:00,0,0.0,18,4,11,0
2020-11-06 19:00:00+00:00,0,0.0,19,4,11,0
2020-11-06 20:00:00+00:00,0,0.0,20,4,11,0
2020-11-06 21:00:00+00:00,0,0.0,21,4,11,0
2020-11-06 22:00:00+00:00,0,0.0,22,4,11,0
2020-11-06 23:00:00+00:00,0,0.0,23,4,11,0
2020-11-07 00:00:00+00:00,0,0.0,0,5,11,1
2020-11-07 01:00:00+00:00,0,0.0,1,5,11,1
2020-11-07 02:00:00+00:00,0,0.0,2,5,11,1
2020-11-07 03:00:00+00:00,0,0.0,3,5,11,1
2020-11-07 04:00:00+00:00,0,0.0,4,5,11,1
2020-11-07 05:00:00+00:00,0,0.0,5,5,11,1
2020-11-07 06:00:00+00:00,0,0.0,6,5,11,1
2020-11-07 07:00:00+00:00,0,0.0,7,5,11,1
2020-11-07 08:00:00+00:00,0,0.0,8,5,11,1
2020-11-07 09:00:00+00:00,0,0.0,9,5,11,1
2020-11-07 10:00:00+00:00,0,0.0,10,5,11,1
2020-11-07 11:00:00+00:00,0,0.0,11,5,11,1
2020-11-07 12:00:00+00:00,0,0.0,12,5,11,1
2020-11-07 13:00:00+00:00,0,0.0,13,5,11,1
2020-11-07 14:00:00+00:00,0,0.0,14,5,11,1
2020-11-07 15:00:00+00:00,0,0.0,15,5,11,1
2020-11-07 16:00:00+00:00,0,0.0,16,5,11,1
2020-11-07 17:00:00+00:00,0,0.0,17,5,11,1
2020-11-07 18:00:00+00:00,0,0.0,18,5,11,1
2020-11-07 19:00:00+00:00,0,0.0,19,5,11,1
2020-11-07 20:00:00+00:00,0,0.0,20,5,11,1
2020-11-07 21:00:00+00:00,0,0.0,21,5,11,1
2020-11-07 22:00:00+00:00,0,0.0,22,5,11,1
2020-11-07 23:00:00+00:00,0,0.0,23,5,11,1
2020-11-08 00:00:00+00:00,0,0.0,0,6,11,1
2020-11-08 01:00:00+00:00,0,0.0,1,6,11,1
2020-11-08 02:00:00+00:00,0,0.0,2,6,11,1
2020-11-08 03:00:00+00:00,0,0.0,3,6,11,1
2020-11-08 04:00:00+00:00,0,0.0,4,6,11,1
2020-11-08 05:00:00+00:00,0,0.0,5,6,11,1
2020-11-08 06:00:00+00:00,0,0.0,6,6,11,1
2020-11-08 07:00:00+00:00,0,0.0,7,6,11,1
2020-11-08 08:00:00+00:00,0,0.0,8,6,11,1
2020-11-08 09:00:00+00:00,0,0.0,9,6,11,1
2020-11-08 10:00:00+00:00,0,0.0,10,6,11,1
2020-11-08 11:00:00+00:00,0,0.0,11,6,11,1
2020-11-08 12:00:00+00:00,0,0.0,12,6,11,1
2020-11-08 13:00:00+00:00,0,0.0,13,6,11,1
2020-11-08 14:00:00+00:00,0,0.0,14,6,11,1
2020-11-08 15:00:00+00:00,0,0.0,15,6,11,1
2020-11-08 16:00:00+00:00,0,0.0,16,6,11,1
2020-11-08 17:00:00+00:00,0,0.0,17,6,11,1
2020-11-08 18:00:00+00:00,0,0.0,18,6,11,1
2020-11-08 19:00:00+00:00,0,0.0,19,6,11,1
2020-11-08 20:00:00+00:00,0,0.0,20,6,11,1
2020-11-08 21:00:00+00:00,0,0.0,21,6,11,1
2020-11-08 22:00:00+00:00,0,0.0,22,6,11,1
2020-11-08 23:00:00+00:00,0,0.0,23,6,11,1
2020-11-09 00:00:00+00:00,0,0.0,0,0,11,0
2020-11-09 01:00:00+00:00,0,0.0,1,0,11,0
2020-11-09 02:00:00+00:00,0,0.0,2,0,11,0
2020-11-09 03:00:00+00:00,0,0.0,3,0,11,0
2020-11-09 04:00:00+00:00,0,0.0,4,0,11,0
2020-11-09 05:00:00+00:00,0,0.0,5,0,11,0
2020-11-09 06:00:00+00:00,0,0.0,6,0,11,0
2020-11-09 07:00:00+00:00,0,0.0,7,0,11,0
2020-11-09 08:00:00+00:00,0,0.0,8,0,11,0
2020-11-09 09:00:00+00:00,0,0.0,9,0,11,0
2020-11-09 10:00:00+00:00,0,0.0,10,0,11,0
2020-11-09 11:00:00+00:00,0,0.0,11,0,11,0
2020-11-09 12:00:00+00:00,0,0.0,12,0,11,0
2020-11-09 13:00:00+00:00,0,0.0,13,0,11,0
2020-11-09 14:00:00+00:00,0,0.0,14,0,11,0
2020-11-09 15:00:00+00:00,0,0.0,15,0,11,0
2020-11-09 16:00:00+00:00,0,0.0,16,0,11,0
2020-11-09 17:00:00+00:00,0,0.0,17,0,11,0
2020-11-09 18:00:00+00:00,0,0.0,18,0,11,0
2020-11-09 19:00:00+00:00,0,0.0,19,0,11,0
2020-11-09 20:00:00+00:00,0,0.0,20,0,11,0
2020-11-09 21:00:00+00:00,0,0.0,21,0,11,0
2020-11-09 22:00:00+00:00,0,0.0,22,0,11,0
2020-11-09 23:00:00+00:00,0,0.0,23,0,11,0
2020-11-10 00:00:00+00:00,0,0.0,0,1,11,0
2020-11-10 01:00:00+00:00,0,0.0,1,1,11,0
2020-11-10 02:00:00+00:00,0,0.0,2,1,11,0
2020-11-10 03:00:00+00:00,0,0.0,3,1,11,0
2020-11-10 04:00:00+00:00,0,0.0,4,1,11,0
2020-11-10 05:00:00+00:00,0,0.0,5,1,11,0
2020-11-10 06:00:00+00:00,0,0.0,6,1,11,0
2020-11-10 07:00:00+00:00,0,0.0,7,1,11,0
2020-11-10 08:00:00+00:00,0,0.0,8,1,11,0
2020-11-10 09:00:00+00:00,0,0.0,9,1,11,0
2020-11-10 10:00:00+00:00,0,0.0,10,1,11,0
2020-11-10 11:00:00+00:00,0,0.0,11,1,11,0
2020-11-10 12:00:00+00:00,0,0.0,12,1,11,0
2020-11-10 13:00:00+00:00,0,0.0,13,1,11,0
2020-11-10 14:00:00+00:00,0,0.0,14,1,11,0
2020-11-10 15:00:00+00:00,0,0.0,15,1,11,0
2020-11-10 16:00:00+00:00,0,0.0,16,1,11,0
2020-11-10 17:00:00+00:00,0,0.0,17,1,11,0
2020-11-10 18:00:00+00:00,0,0.0,18,1,11,0
2020-11-10 19:00:00+00:00,0,0.0,19,1,11,0
2020-11-10 20:00:00+00:00,0,0.0,20,1,11,0
2020-11-10 21:00:00+00:00,0,0.0,21,1,11,0
2020-11-10 22:00:00+00:00,0,0.0,22,1,11,0
2020-11-10 23:00:00+00:00,0,0.0,23,1,11,0
2020-11-11 00:00:00+00:00,0,0.0,0,2,11,0
2020-11-11 01:00:00+00:00,0,0.0,1,2,11,0
2020-11-11 02:00:00+00:00,0,0.0,2,2,11,0
2020-11-11 03:00:00+00:00,0,0.0,3,2,11,0
2020-11-11 04:00:00+00:00,0,0.0,4,2,11,0
2020-11-11 05:00:00+00:00,0,0.0,5,2,11,0
2020-11-11 06:00:00+00:00,0,0.0,6,2,11,0
2020-11-11 07:00:00+00:00,0,0.0,7,2,11,0
2020-11-11 08:00:00+00:00,0,0.0,8,2,11,0
2020-11-11 09:00:00+00:00,0,0.0,9,2,11,0
2020-11-11 10:00:00+00:00,0,0.0,10,2,11,0
2020-11-11 11:00:00+00:00,0,0.0,11,2,11,0
2020-11-11 12:00:00+00:00,0,0.0,12,2,11,0
2020-11-11 13:00:00+00:00,0,0.0,13,2,11,0
2020-11-11 14:00:00+00:00,0,0.0,14,2,11,0
2020-11-11 15:00:00+00:00,0,0.0,15,2,11,0
2020-11-11 16:00:00+00:00,0,0.0,16,2,11,0
2020-11-11 17:00:00+00:00,0,0.0,17,2,11,0
2020-11-11 18:00:00+00:00,0,0.0,18,2,11,0
2020-11-11 19:00:00+00:00,0,0.0,19,2,11,0
2020-11-11 20:00:00+00:00,0,0.0,20,2,11,0
2020-11-11 21:00:00+00:00,0,0.0,21,2,11,0
2020-11-11 22:00:00+00:00,0,0.0,22,2,11,0
2020-11-11 23:00:00+00:00,0,0.0,23,2,11,0
2020-11-12 00:00:00+00:00,0,0.0,0,3,11,0
2020-11-12 01:00:00+00:00,0,0.0,1,3,11,0
2020-11-12 02:00:00+00:00,0,0.0,2,3,11,0
2020-11-12 03:00:00+00:00,0,0.0,3,3,11,0
2020-11-12 04:00:00+00:00,0,0.0,4,3,11,0
2020-11-12 05:00:00+00:00,0,0.0,5,3,11,0
2020-11-12 06:00:00+00:00,0,0.0,6,3,11,0
2020-11-12 07:00:00+00:00,0,0.0,7,3,11,0
2020-11-12 08:00:00+00:00,0,0.0,8,3,11,0
2020-11-12 09:00:00+00:00,0,0.0,9,3,11,0
2020-11-12 10:00:00+00:00,0,0.0,10,3,11,0
2020-11-12 11:00:00+00:00,0,0.0,11,3,11,0
2020-11-12 12:00:00+00:00,0,0.0,12,3,11,0
2020-11-12 13:00:00+00:00,0,0.0,13,3,11,0
2020-11-12 14:00:00+00:00,0,0.0,14,3,11,0
2020-11-12 15:00:00+00:00,0,0.0,15,3,11,0
2020-11-12 16:00:00+00:00,0,0.0,16,3,11,0
2020-11-12 17:00:00+00:00,0,0.0,17,3,11,0
2020-11-12 18:00:00+00:00,0,0.0,18,3,11,0
2020-11-12 19:00:00+00:00,0,0.0,19,3,11,0
2020-11-12 20:00:00+00:00,0,0.0,20,3,11,0
2020-11-12 21:00:00+00:00,0,0.0,21,3,11,0
2020-11-12 22:00:00+00:00,0,0.0,22,3,11,0
2020-11-12 23:00:00+00:00,0,0.0,23,3,11,0
2020-11-13 00:00:00+00:00,0,0.0,0,4,11,0
2020-11-13 01:00:00+00:00,0,0.0,1,4,11,0
2020-11-13 02:00:00+00:00,0,0.0,2,4,11,0
2020-11-13 03:00:00+00:00,0,0.0,3,4,11,0
2020-11-13 04:00:00+00:00,0,0.0,4,4,11,0
2020-11-13 05:00:00+00:00,0,0.0,5,4,11,0
2020-11-13 06:00:00+00:00,0,0.0,6,4,11,0
2020-11-13 07:00:00+00:00,0,0.0,7,4,11,0
2020-11-13 08:00:00+00:00,0,0.0,8,4,11,0
2020-11-13 09:00:00+00:00,0,0.0,9,4,11,0
2020-11-13 10:00:00+00:00,0,0.0,10,4,11,0
2020-11-13 11:00:00+00:00,0,0.0,11,4,11,0
2020-11-13 12:00:00+00:00,0,0.0,12,4,11,0
2020-11-13 13:00:00+00:00,0,0.0,13,4,11,0
2020-11-13 14:00:00+00:00,0,0.0,14,4,11,0
2020-11-13 15:00:00+00:00,0,0.0,15,4,11,0
2020-11-13 16:00:00+00:00,0,0.0,16,4,11,0
2020-11-13 17:00:00+00:00,0,0.0,17,4,11,0
2020-11-13 18:00:00+00:00,0,0.0,18,4,11,0
2020-11-13 19:00:00+00:00,0,0.0,19,4,11,0
2020-11-13 20:00:00+00:00,0,0.0,20,4,11,0
2020-11-13 21:00:00+00:00,0,0.0,21,4,11,0
2020-11-13 22:00:00+00:00,0,0.0,22,4,11,0
2020-11-13 23:00:00+00:00,0,0.0,23,4,11,0
2020-11-14 00:00:00+00:00,0,0.0,0,5,11,1
2020-11-14 01:00:00+00:00,0,0.0,1,5,11,1
2020-11-14 02:00:00+00:00,0,0.0,2,5,11,1
2020-11-14 03:00:00+00:00,0,0.0,3,5,11,1
2020-11-14 04:00:00+00:00,0,0.0,4,5,11,1
2020-11-14 05:00:00+00:00,0,0.0,5,5,11,1
2020-11-14 06:00:00+00:00,0,0.0,6,5,11,1
2020-11-14 07:00:00+00:00,0,0.0,7,5,11,1
2020-11-14 08:00:00+00:00,0,0.0,8,5,11,1
2020-11-14 09:00:00+00:00,0,0.0,9,5,11,1
2020-11-14 10:00:00+00:00,0,0.0,10,5,11,1
2020-11-14 11:00:00+00:00,0,0.0,11,5,11,1
2020-11-14 12:00:00+00:00,0,0.0,12,5,11,1
2020-11-14 13:00:00+00:00,0,0.0,13,5,11,1
2020-11-14 14:00:00+00:00,0,0.0,14,5,11,1
2020-11-14 15:00:00+00:00,0,0.0,15,5,11,1
2020-11-14 16:00:00+00:00,0,0.0,16,5,11,1
2020-11-14 17:00:00+00:00,0,0.0,17,5,11,1
2020-11-14 18:00:00+00:00,0,0.0,18,5,11,1
2020-11-14 19:00:00+00:00,0,0.0,19,5,11,1
2020-11-14 20:00:00+00:00,0,0.0,20,5,11,1
2020-11-14 21:00:00+00:00,0,0.0,21,5,11,1
2020-11-14 22:00:00+00:00,0,0.0,22,5,11,1
2020-11-14 23:00:00+00:00,0,0.0,23,5,11,1
2020-11-15 00:00:00+00:00,0,0.0,0,6,11,1
2020-11-15 01:00:00+00:00,0,0.0,1,6,11,1
2020-11-15 02:00:00+00:00,0,0.0,2,6,11,1
2020-11-15 03:00:00+00:00,0,0.0,3,6,11,1
2020-11-15 04:00:00+00:00,0,0.0,4,6,11,1
2020-11-15 05:00:00+00:00,0,0.0,5,6,11,1
2020-11-15 06:00:00+00:00,0,0.0,6,6,11,1
2020-11-15 07:00:00+00:00,0,0.0,7,6,11,1
2020-11-15 08:00:00+00:00,0,0.0,8,6,11,1
2020-11-15 09:00:00+00:00,0,0.0,9,6,11,1
2020-11-15 10:00:00+00:00,0,0.0,10,6,11,1
2020-11-15 11:00:00+00:00,0,0.0,11,6,11,1
2020-11-15 12:00:00+00:00,0,0.0,12,6,11,1
2020-11-15 13:00:00+00:00,0,0.0,13,6,11,1
2020-11-15 14:00:00+00:00,0,0.0,14,6,11,1
2020-11-15 15:00:00+00:00,0,0.0,15,6,11,1
2020-11-15 16:00:00+00:00,0,0.0,16,6,11,1
2020-11-15 17:00:00+00:00,0,0.0,17,6,11,1
2020-11-15 18:00:00+00:00,0,0.0,18,6,11,1
2020-11-15 19:00:00+00:00,0,0.0,19,6,11,1
2020-11-15 20:00:00+00:00,0,0.0,20,6,11,1
2020-11-15 21:00:00+00:00,0,0.0,21,6,11,1
2020-11-15 22:00:00+00:00,0,0.0,22,6,11,1
2020-11-15 23:00:00+00:00,0,0.0,23,6,11,1
2020-11-16 00:00:00+00:00,0,0.0,0,0,11,0
2020-11-16 01:00:00+00:00,0,0.0,1,0,11,0
2020-11-16 02:00:00+00:00,0,0.0,2,0,11,0
2020-11-16 03:00:00+00:00,0,0.0,3,0,11,0
2020-11-16 04:00:00+00:00,0,0.0,4,0,11,0
2020-11-16 05:00:00+00:00,0,0.0,5,0,11,0
2020-11-16 06:00:00+00:00,0,0.0,6,0,11,0
2020-11-16 07:00:00+00:00,0,0.0,7,0,11,0
2020-11-16 08:00:00+00:00,0,0.0,8,0,11,0
2020-11-16 09:00:00+00:00,0,0.0,9,0,11,0
2020-11-16 10:00:00+00:00,0,0.0,10,0,11,0
2020-11-16 11:00:00+00:00,0,0.0,11,0,11,0
2020-11-16 12:00:00+00:00,0,0.0,12,0,11,0
2020-11-16 13:00:00+00:00,0,0.0,13,0,11,0
2020-11-16 14:00:00+00:00,0,0.0,14,0,11,0
2020-11-16 15:00:00+00:00,0,0.0,15,0,11,0
2020-11-16 16:00:00+00:00,0,0.0,16,0,11,0
2020-11-16 17:00:00+00:00,0,0.0,17,0,11,0
2020-11-16 18:00:00+00:00,0,0.0,18,0,11,0
2020-11-16 19:00:00+00:00,0,0.0,19,0,11,0
2020-11-16 20:00:00+00:00,0,0.0,20,0,11,0
2020-11-16 21:00:00+00:00,0,0.0,21,0,11,0
2020-11-16 22:00:00+00:00,0,0.0,22,0,11,0
2020-11-16 23:00:00+00:00,0,0.0,23,0,11,0
2020-11-17 00:00:00+00:00,0,0.0,0,1,11,0
2020-11-17 01:00:00+00:00,0,0.0,1,1,11,0
2020-11-17 02:00:00+00:00,0,0.0,2,1,11,0
2020-11-17 03:00:00+00:00,0,0.0,3,1,11,0
2020-11-17 04:00:00+00:00,0,0.0,4,1,11,0
2020-11-17 05:00:00+00:00,0,0.0,5,1,11,0
2020-11-17 06:00:00+00:00,0,0.0,6,1,11,0
2020-11-17 07:00:00+00:00,0,0.0,7,1,11,0
2020-11-17 08:00:00+00:00,0,0.0,8,1,11,0
2020-11-17 09:00:00+00:00,0,0.0,9,1,11,0
2020-11-17 10:00:00+00:00,0,0.0,10,1,11,0
2020-11-17 11:00:00+00:00,0,0.0,11,1,11,0
2020-11-17 12:00:00+00:00,0,0.0,12,1,11,0
2020-11-17 13:00:00+00:00,0,0.0,13,1,11,0
2020-11-17 14:00:00+00:00,0,0.0,14,1,11,0
2020-11-17 15:00:00+00:00,0,0.0,15,1,11,0
2020-11-17 16:00:00+00:00,0,0.0,16,1,11,0
2020-11-17 17:00:00+00:00,0,0.0,17,1,11,0
2020-11-17 18:00:00+00:00,0,0.0,18,1,11,0
2020-11-17 19:00:00+00:00,0,0.0,19,1,11,0
2020-11-17 20:00:00+00:00,0,0.0,20,1,11,0
2020-11-17 21:00:00+00:00,0,0.0,21,1,11,0
2020-11-17 22:00:00+00:00,0,0.0,22,1,11,0
2020-11-17 23:00:00+00:00,0,0.0,23,1,11,0
2020-11-18 00:00:00+00:00,0,0.0,0,2,11,0
2020-11-18 01:00:00+00:00,0,0.0,1,2,11,0
2020-11-18 02:00:00+00:00,0,0.0,2,2,11,0
2020-11-18 03:00:00+00:00,0,0.0,3,2,11,0
2020-11-18 04:00:00+00:00,0,0.0,4,2,11,0
2020-11-18 05:00:00+00:00,0,0.0,5,2,11,0
2020-11-18 06:00:00+00:00,0,0.0,6,2,11,0
2020-11-18 07:00:00+00:00,0,0.0,7,2,11,0
2020-11-18 08:00:00+00:00,0,0.0,8,2,11,0
2020-11-18 09:00:00+00:00,0,0.0,9,2,11,0
2020-11-18 10:00:00+00:00,0,0.0,10,2,11,0
2020-11-18 11:00:00+00:00,0,0.0,11,2,11,0
2020-11-18 12:00:00+00:00,0,0.0,12,2,11,0
2020-11-18 13:00:00+00:00,0,0.0,13,2,11,0
2020-11-18 14:00:00+00:00,0,0.0,14,2,11,0
2020-11-18 15:00:00+00:00,0,0.0,15,2,11,0
2020-11-18 16:00:00+00:00,0,0.0,16,2,11,0
2020-11-18 17:00:00+00:00,0,0.0,17,2,11,0
2020-11-18 18:00:00+00:00,0,0.0,18,2,11,0
2020-11-18 19:00:00+00:00,0,0.0,19,2,11,0
2020-11-18 20:00:00+00:00,0,0.0,20,2,11,0
2020-11-18 21:00:00+00:00,1,2.237,21,2,11,0
2020-11-18 22:00:00+00:00,0,0.0,22,2,11,0
2020-11-18 23:00:00+00:00,1,4.816,23,2,11,0
2020-11-19 00:00:00+00:00,1,10.027,0,3,11,0
2020-11-19 01:00:00+00:00,1,24.486,1,3,11,0
2020-11-19 02:00:00+00:00,2,17.841,2,3,11,0
2020-11-19 03:00:00+00:00,1,4.788,3,3,11,0
2020-11-19 04:00:00+00:00,1,30.849,4,3,11,0
2020-11-19 05:00:00+00:00,0,0.0,5,3,11,0
2020-11-19 06:00:00+00:00,0,0.0,6,3,11,0
2020-11-19 07:00:00+00:00,0,0.0,7,3,11,0
2020-11-19 08:00:00+00:00,0,0.0,8,3,11,0
2020-11-19 09:00:00+00:00,0,0.0,9,3,11,0
2020-11-19 10:00:00+00:00,0,0.0,10,3,11,0
2020-11-19 11:00:00+00:00,0,0.0,11,3,11,0
2020-11-19 12:00:00+00:00,0,0.0,12,3,11,0
2020-11-19 13:00:00+00:00,0,0.0,13,3,11,0
2020-11-19 14:00:00+00:00,0,0.0,14,3,11,0
2020-11-19 15:00:00+00:00,0,0.0,15,3,11,0
2020-11-19 16:00:00+00:00,0,0.0,16,3,11,0
2020-11-19 17:00:00+00:00,0,0.0,17,3,11,0
2020-11-19 18:00:00+00:00,0,0.0,18,3,11,0
2020-11-19 19:00:00+00:00,0,0.0,19,3,11,0
2020-11-19 20:00:00+00:00,0,0.0,20,3,11,0
2020-11-19 21:00:00+00:00,1,2.245,21,3,11,0
2020-11-19 22:00:00+00:00,0,0.0,22,3,11,0
2020-11-19 23:00:00+00:00,1,7.738,23,3,11,0
2020-11-20 00:00:00+00:00,0,0.0,0,4,11,0
2020-11-20 01:00:00+00:00,0,0.0,1,4,11,0
2020-11-20 02:00:00+00:00,0,0.0,2,4,11,0
2020-11-20 03:00:00+00:00,0,0.0,3,4,11,0
2020-11-20 04:00:00+00:00,0,0.0,4,4,11,0
2020-11-20 05:00:00+00:00,0,0.0,5,4,11,0
2020-11-20 06:00:00+00:00,0,0.0,6,4,11,0
2020-11-20 07:00:00+00:00,0,0.0,7,4,11,0
2020-11-20 08:00:00+00:00,0,0.0,8,4,11,0
2020-11-20 09:00:00+00:00,0,0.0,9,4,11,0
2020-11-20 10:00:00+00:00,0,0.0,10,4,11,0
2020-11-20 11:00:00+00:00,0,0.0,11,4,11,0
2020-11-20 12:00:00+00:00,0,0.0,12,4,11,0
2020-11-20 13:00:00+00:00,1,9.683,13,4,11,0
2020-11-20 14:00:00+00:00,0,0.0,14,4,11,0
2020-11-20 15:00:00+00:00,1,11.106,15,4,11,0
2020-11-20 16:00:00+00:00,1,3.608,16,4,11,0
2020-11-20 17:00:00+00:00,0,0.0,17,4,11,0
2020-11-20 18:00:00+00:00,0,0.0,18,4,11,0
2020-11-20 19:00:00+00:00,1,6.401,19,4,11,0
2020-11-20 20:00:00+00:00,1,6.009,20,4,11,0
2020-11-20 21:00:00+00:00,0,0.0,21,4,11,0
2020-11-20 22:00:00+00:00,1,1.916,22,4,11,0
2020-11-20 23:00:00+00:00,1,1.834,23,4,11,0
2020-11-21 00:00:00+00:00,1,15.416,0,5,11,1
2020-11-21 01:00:00+00:00,0,0.0,1,5,11,1
2020-11-21 02:00:00+00:00,0,0.0,2,5,11,1
2020-11-21 03:00:00+00:00,0,0.0,3,5,11,1
2020-11-21 04:00:00+00:00,0,0.0,4,5,11,1
2020-11-21 05:00:00+00:00,0,0.0,5,5,11,1
2020-11-21 06:00:00+00:00,0,0.0,6,5,11,1
2020-11-21 07:00:00+00:00,0,0.0,7,5,11,1
2020-11-21 08:00:00+00:00,0,0.0,8,5,11,1
2020-11-21 09:00:00+00:00,0,0.0,9,5,11,1
2020-11-21 10:00:00+00:00,0,0.0,10,5,11,1
2020-11-21 11:00:00+00:00,0,0.0,11,5,11,1
2020-11-21 12:00:00+00:00,0,0.0,12,5,11,1
2020-11-21 13:00:00+00:00,0,0.0,13,5,11,1
2020-11-21 14:00:00+00:00,0,0.0,14,5,11,1
2020-11-21 15:00:00+00:00,0,0.0,15,5,11,1
2020-11-21 16:00:00+00:00,0,0.0,16,5,11,1
2020-11-21 17:00:00+00:00,1,0.849,17,5,11,1
2020-11-21 18:00:00+00:00,0,0.0,18,5,11,1
2020-11-21 19:00:00+00:00,1,0.754,19,5,11,1
2020-11-21 20:00:00+00:00,0,0.0,20,5,11,1
2020-11-21 21:00:00+00:00,0,0.0,21,5,11,1
2020-11-21 22:00:00+00:00,0,0.0,22,5,11,1
2020-11-21 23:00:00+00:00,0,0.0,23,5,11,1
2020-11-22 00:00:00+00:00,0,0.0,0,6,11,1
2020-11-22 01:00:00+00:00,0,0.0,1,6,11,1
2020-11-22 02:00:00+00:00,0,0.0,2,6,11,1
2020-11-22 03:00:00+00:00,0,0.0,3,6,11,1
2020-11-22 04:00:00+00:00,0,0.0,4,6,11,1
2020-11-22 05:00:00+00:00,0,0.0,5,6,11,1
2020-11-22 06:00:00+00:00,1,8.451,6,6,11,1
2020-11-22 07:00:00+00:00,0,0.0,7,6,11,1
2020-11-22 08:00:00+00:00,0,0.0,8,6,11,1
2020-11-22 09:00:00+00:00,0,0.0,9,6,11,1
2020-11-22 10:00:00+00:00,0,0.0,10,6,11,1
2020-11-22 11:00:00+00:00,0,0.0,11,6,11,1
2020-11-22 12:00:00+00:00,0,0.0,12,6,11,1
2020-11-22 13:00:00+00:00,0,0.0,13,6,11,1
2020-11-22 14:00:00+00:00,0,0.0,14,6,11,1
2020-11-22 15:00:00+00:00,1,5.898,15,6,11,1
2020-11-22 16:00:00+00:00,0,0.0,16,6,11,1
2020-11-22 17:00:00+00:00,0,0.0,17,6,11,1
2020-11-22 18:00:00+00:00,0,0.0,18,6,11,1
2020-11-22 19:00:00+00:00,0,0.0,19,6,11,1
2020-11-22 20:00:00+00:00,1,10.289,20,6,11,1
2020-11-22 21:00:00+00:00,0,0.0,21,6,11,1
2020-11-22 22:00:00+00:00,0,0.0,22,6,11,1
2020-11-22 23:00:00+00:00,2,3.1,23,6,11,1
2020-11-23 00:00:00+00:00,1,27.855,0,0,11,0
2020-11-23 01:00:00+00:00,0,0.0,1,0,11,0
2020-11-23 02:00:00+00:00,0,0.0,2,0,11,0
2020-11-23 03:00:00+00:00,0,0.0,3,0,11,0
2020-11-23 04:00:00+00:00,0,0.0,4,0,11,0
2020-11-23 05:00:00+00:00,2,28.903999999999996,5,0,11,0
2020-11-23 06:00:00+00:00,0,0.0,6,0,11,0
2020-11-23 07:00:00+00:00,0,0.0,7,0,11,0
2020-11-23 08:00:00+00:00,0,0.0,8,0,11,0
2020-11-23 09:00:00+00:00,0,0.0,9,0,11,0
2020-11-23 10:00:00+00:00,0,0.0,10,0,11,0
2020-11-23 11:00:00+00:00,0,0.0,11,0,11,0
2020-11-23 12:00:00+00:00,0,0.0,12,0,11,0
2020-11-23 13:00:00+00:00,0,0.0,13,0,11,0
2020-11-23 14:00:00+00:00,0,0.0,14,0,11,0
2020-11-23 15:00:00+00:00,0,0.0,15,0,11,0
2020-11-23 16:00:00+00:00,1,0.837,16,0,11,0
2020-11-23 17:00:00+00:00,1,6.933,17,0,11,0
2020-11-23 18:00:00+00:00,0,0.0,18,0,11,0
2020-11-23 19:00:00+00:00,0,0.0,19,0,11,0
2020-11-23 20:00:00+00:00,0,0.0,20,0,11,0
2020-11-23 21:00:00+00:00,1,2.248,21,0,11,0
2020-11-23 22:00:00+00:00,0,0.0,22,0,11,0
2020-11-23 23:00:00+00:00,1,4.172,23,0,11,0
2020-11-24 00:00:00+00:00,1,5.339,0,1,11,0
2020-11-24 01:00:00+00:00,0,0.0,1,1,11,0
2020-11-24 02:00:00+00:00,1,21.768,2,1,11,0
2020-11-24 03:00:00+00:00,0,0.0,3,1,11,0
2020-11-24 04:00:00+00:00,0,0.0,4,1,11,0
2020-11-24 05:00:00+00:00,0,0.0,5,1,11,0
2020-11-24 06:00:00+00:00,0,0.0,6,1,11,0
2020-11-24 07:00:00+00:00,0,0.0,7,1,11,0
2020-11-24 08:00:00+00:00,0,0.0,8,1,11,0
2020-11-24 09:00:00+00:00,0,0.0,9,1,11,0
2020-11-24 10:00:00+00:00,0,0.0,10,1,11,0
2020-11-24 11:00:00+00:00,0,0.0,11,1,11,0
2020-11-24 12:00:00+00:00,0,0.0,12,1,11,0
2020-11-24 13:00:00+00:00,0,0.0,13,1,11,0
2020-11-24 14:00:00+00:00,0,0.0,14,1,11,0
2020-11-24 15:00:00+00:00,1,9.361,15,1,11,0
2020-11-24 16:00:00+00:00,0,0.0,16,1,11,0
2020-11-24 17:00:00+00:00,1,6.076,17,1,11,0
2020-11-24 18:00:00+00:00,0,0.0,18,1,11,0
2020-11-24 19:00:00+00:00,0,0.0,19,1,11,0
2020-11-24 20:00:00+00:00,0,0.0,20,1,11,0
2020-11-24 21:00:00+00:00,1,2.305,21,1,11,0
2020-11-24 22:00:00+00:00,2,11.704,22,1,11,0
2020-11-24 23:00:00+00:00,1,4.534,23,1,11,0
2020-11-25 00:00:00+00:00,0,0.0,0,2,11,0
2020-11-25 01:00:00+00:00,0,0.0,1,2,11,0
2020-11-25 02:00:00+00:00,2,11.44,2,2,11,0
2020-11-25 03:00:00+00:00,1,11.047,3,2,11,0
2020-11-25 04:00:00+00:00,0,0.0,4,2,11,0
2020-11-25 05:00:00+00:00,0,0.0,5,2,11,0
2020-11-25 06:00:00+00:00,0,0.0,6,2,11,0
2020-11-25 07:00:00+00:00,0,0.0,7,2,11,0
2020-11-25 08:00:00+00:00,0,0.0,8,2,11,0
2020-11-25 09:00:00+00:00,0,0.0,9,2,11,0
2020-11-25 10:00:00+00:00,0,0.0,10,2,11,0
2020-11-25 11:00:00+00:00,0,0.0,11,2,11,0
2020-11-25 12:00:00+00:00,0,0.0,12,2,11,0
2020-11-25 13:00:00+00:00,0,0.0,13,2,11,0
2020-11-25 14:00:00+00:00,0,0.0,14,2,11,0
2020-11-25 15:00:00+00:00,0,0.0,15,2,11,0
2020-11-25 16:00:00+00:00,1,8.728,16,2,11,0
2020-11-25 17:00:00+00:00,0,0.0,17,2,11,0
2020-11-25 18:00:00+00:00,0,0.0,18,2,11,0
2020-11-25 19:00:00+00:00,1,2.194,19,2,11,0
2020-11-25 20:00:00+00:00,0,0.0,20,2,11,0
2020-11-25 21:00:00+00:00,0,0.0,21,2,11,0
2020-11-25 22:00:00+00:00,0,0.0,22,2,11,0
2020-11-25 23:00:00+00:00,2,19.558,23,2,11,0
2020-11-26 00:00:00+00:00,1,2.314,0,3,11,0
2020-11-26 01:00:00+00:00,0,0.0,1,3,11,0
2020-11-26 02:00:00+00:00,0,0.0,2,3,11,0
2020-11-26 03:00:00+00:00,0,0.0,3,3,11,0
2020-11-26 04:00:00+00:00,0,0.0,4,3,11,0
2020-11-26 05:00:00+00:00,0,0.0,5,3,11,0
2020-11-26 06:00:00+00:00,0,0.0,6,3,11,0
2020-11-26 07:00:00+00:00,0,0.0,7,3,11,0
2020-11-26 08:00:00+00:00,0,0.0,8,3,11,0
2020-11-26 09:00:00+00:00,0,0.0,9,3,11,0
2020-11-26 10:00:00+00:00,0,0.0,10,3,11,0
2020-11-26 11:00:00+00:00,0,0.0,11,3,11,0
2020-11-26 12:00:00+00:00,0,0.0,12,3,11,0
2020-11-26 13:00:00+00:00,0,0.0,13,3,11,0
2020-11-26 14:00:00+00:00,0,0.0,14,3,11,0
2020-11-26 15:00:00+00:00,0,0.0,15,3,11,0
2020-11-26 16:00:00+00:00,0,0.0,16,3,11,0
2020-11-26 17:00:00+00:00,1,15.943,17,3,11,0
2020-11-26 18:00:00+00:00,0,0.0,18,3,11,0
2020-11-26 19:00:00+00:00,0,0.0,19,3,11,0
2020-11-26 20:00:00+00:00,0,0.0,20,3,11,0
2020-11-26 21:00:00+00:00,0,0.0,21,3,11,0
2020-11-26 22:00:00+00:00,0,0.0,22,3,11,0
2020-11-26 23:00:00+00:00,0,0.0,23,3,11,0
2020-11-27 00:00:00+00:00,0,0.0,0,4,11,0
2020-11-27 01:00:00+00:00,1,29.655,1,4,11,0
2020-11-27 02:00:00+00:00,0,0.0,2,4,11,0
2020-11-27 03:00:00+00:00,0,0.0,3,4,11,0
2020-11-27 04:00:00+00:00,0,0.0,4,4,11,0
2020-11-27 05:00:00+00:00,1,13.841,5,4,11,0
2020-11-27 06:00:00+00:00,0,0.0,6,4,11,0
2020-11-27 07:00:00+00:00,0,0.0,7,4,11,0
2020-11-27 08:00:00+00:00,0,0.0,8,4,11,0
2020-11-27 09:00:00+00:00,0,0.0,9,4,11,0
2020-11-27 10:00:00+00:00,0,0.0,10,4,11,0
2020-11-27 11:00:00+00:00,0,0.0,11,4,11,0
2020-11-27 12:00:00+00:00,0,0.0,12,4,11,0
2020-11-27 13:00:00+00:00,0,0.0,13,4,11,0
2020-11-27 14:00:00+00:00,0,0.0,14,4,11,0
2020-11-27 15:00:00+00:00,0,0.0,15,4,11,0
2020-11-27 16:00:00+00:00,0,0.0,16,4,11,0
2020-11-27 17:00:00+00:00,0,0.0,17,4,11,0
2020-11-27 18:00:00+00:00,0,0.0,18,4,11,0
2020-11-27 19:00:00+00:00,0,0.0,19,4,11,0
2020-11-27 20:00:00+00:00,0,0.0,20,4,11,0
2020-11-27 21:00:00+00:00,0,0.0,21,4,11,0
2020-11-27 22:00:00+00:00,1,7.711,22,4,11,0
2020-11-27 23:00:00+00:00,1,0.897,23,4,11,0
2020-11-28 00:00:00+00:00,0,0.0,0,5,11,1
2020-11-28 01:00:00+00:00,0,0.0,1,5,11,1
2020-11-28 02:00:00+00:00,1,44.286,2,5,11,1
2020-11-28 03:00:00+00:00,0,0.0,3,5,11,1
2020-11-28 04:00:00+00:00,0,0.0,4,5,11,1
2020-11-28 05:00:00+00:00,0,0.0,5,5,11,1
2020-11-28 06:00:00+00:00,0,0.0,6,5,11,1
2020-11-28 07:00:00+00:00,0,0.0,7,5,11,1
2020-11-28 08:00:00+00:00,0,0.0,8,5,11,1
2020-11-28 09:00:00+00:00,0,0.0,9,5,11,1
2020-11-28 10:00:00+00:00,0,0.0,10,5,11,1
2020-11-28 11:00:00+00:00,0,0.0,11,5,11,1
2020-11-28 12:00:00+00:00,0,0.0,12,5,11,1
2020-11-28 13:00:00+00:00,0,0.0,13,5,11,1
2020-11-28 14:00:00+00:00,0,0.0,14,5,11,1
2020-11-28 15:00:00+00:00,0,0.0,15,5,11,1
2020-11-28 16:00:00+00:00,0,0.0,16,5,11,1
2020-11-28 17:00:00+00:00,0,0.0,17,5,11,1
2020-11-28 18:00:00+00:00,0,0.0,18,5,11,1
2020-11-28 19:00:00+00:00,2,12.818,19,5,11,1
2020-11-28 20:00:00+00:00,0,0.0,20,5,11,1
2020-11-28 21:00:00+00:00,1,7.434,21,5,11,1
2020-11-28 22:00:00+00:00,1,2.276,22,5,11,1
2020-11-28 23:00:00+00:00,1,9.993,23,5,11,1
2020-11-29 00:00:00+00:00,2,17.999000000000002,0,6,11,1
2020-11-29 01:00:00+00:00,1,12.75,1,6,11,1
2020-11-29 02:00:00+00:00,0,0.0,2,6,11,1
2020-11-29 03:00:00+00:00,0,0.0,3,6,11,1
2020-11-29 04:00:00+00:00,0,0.0,4,6,11,1
2020-11-29 05:00:00+00:00,0,0.0,5,6,11,1
2020-11-29 06:00:00+00:00,0,0.0,6,6,11,1
2020-11-29 07:00:00+00:00,0,0.0,7,6,11,1
2020-11-29 08:00:00+00:00,0,0.0,8,6,11,1
2020-11-29 09:00:00+00:00,0,0.0,9,6,11,1
2020-11-29 10:00:00+00:00,0,0.0,10,6,11,1
2020-11-29 11:00:00+00:00,0,0.0,11,6,11,1
2020-11-29 12:00:00+00:00,0,0.0,12,6,11,1
2020-11-29 13:00:00+00:00,0,0.0,13,6,11,1
2020-11-29 14:00:00+00:00,0,0.0,14,6,11,1
2020-11-29 15:00:00+00:00,0,0.0,15,6,11,1
2020-11-29 16:00:00+00:00,0,0.0,16,6,11,1
2020-11-29 17:00:00+00:00,0,0.0,17,6,11,1
2020-11-29 18:00:00+00:00,1,3.441,18,6,11,1
2020-11-29 19:00:00+00:00,1,10.476,19,6,11,1
2020-11-29 20:00:00+00:00,0,0.0,20,6,11,1
2020-11-29 21:00:00+00:00,0,0.0,21,6,11,1
2020-11-29 22:00:00+00:00,0,0.0,22,6,11,1
2020-11-29 23:00:00+00:00,0,0.0,23,6,11,1
2020-11-30 00:00:00+00:00,1,2.223,0,0,11,0
2020-11-30 01:00:00+00:00,0,0.0,1,0,11,0
2020-11-30 02:00:00+00:00,0,0.0,2,0,11,0
2020-11-30 03:00:00+00:00,0,0.0,3,0,11,0
2020-11-30 04:00:00+00:00,0,0.0,4,0,11,0
2020-11-30 05:00:00+00:00,0,0.0,5,0,11,0
2020-11-30 06:00:00+00:00,0,0.0,6,0,11,0
2020-11-30 07:00:00+00:00,0,0.0,7,0,11,0
2020-11-30 08:00:00+00:00,0,0.0,8,0,11,0
2020-11-30 09:00:00+00:00,0,0.0,9,0,11,0
2020-11-30 10:00:00+00:00,0,0.0,10,0,11,0
2020-11-30 11:00:00+00:00,0,0.0,11,0,11,0
2020-11-30 12:00:00+00:00,0,0.0,12,0,11,0
2020-11-30 13:00:00+00:00,0,0.0,13,0,11,0
2020-11-30 14:00:00+00:00,0,0.0,14,0,11,0
2020-11-30 15:00:00+00:00,0,0.0,15,0,11,0
2020-11-30 16:00:00+00:00,1,2.143,16,0,11,0
2020-11-30 17:00:00+00:00,1,0.894,17,0,11,0
2020-11-30 18:00:00+00:00,1,20.981,18,0,11,0
2020-11-30 19:00:00+00:00,0,0.0,19,0,11,0
2020-11-30 20:00:00+00:00,0,0.0,20,0,11,0
2020-11-30 21:00:00+00:00,0,0.0,21,0,11,0
2020-11-30 22:00:00+00:00,1,2.239,22,0,11,0
2020-11-30 23:00:00+00:00,0,0.0,23,0,11,0
2020-12-01 00:00:00+00:00,0,0.0,0,1,12,0
2020-12-01 01:00:00+00:00,0,0.0,1,1,12,0
2020-12-01 02:00:00+00:00,1,21.032,2,1,12,0
2020-12-01 03:00:00+00:00,0,0.0,3,1,12,0
2020-12-01 04:00:00+00:00,2,7.104,4,1,12,0
2020-12-01 05:00:00+00:00,0,0.0,5,1,12,0
2020-12-01 06:00:00+00:00,0,0.0,6,1,12,0
2020-12-01 07:00:00+00:00,0,0.0,7,1,12,0
2020-12-01 08:00:00+00:00,0,0.0,8,1,12,0
2020-12-01 09:00:00+00:00,0,0.0,9,1,12,0
2020-12-01 10:00:00+00:00,0,0.0,10,1,12,0
2020-12-01 11:00:00+00:00,0,0.0,11,1,12,0
2020-12-01 12:00:00+00:00,0,0.0,12,1,12,0
2020-12-01 13:00:00+00:00,1,7.877,13,1,12,0
2020-12-01 14:00:00+00:00,0,0.0,14,1,12,0
2020-12-01 15:00:00+00:00,0,0.0,15,1,12,0
2020-12-01 16:00:00+00:00,0,0.0,16,1,12,0
2020-12-01 17:00:00+00:00,1,10.166,17,1,12,0
2020-12-01 18:00:00+00:00,1,6.197,18,1,12,0
2020-12-01 19:00:00+00:00,0,0.0,19,1,12,0
2020-12-01 20:00:00+00:00,0,0.0,20,1,12,0
2020-12-01 21:00:00+00:00,2,3.725,21,1,12,0
2020-12-01 22:00:00+00:00,1,8.753,22,1,12,0
2020-12-01 23:00:00+00:00,0,0.0,23,1,12,0
2020-12-02 00:00:00+00:00,1,17.846,0,2,12,0
2020-12-02 01:00:00+00:00,1,14.042,1,2,12,0
2020-12-02 02:00:00+00:00,3,30.087,2,2,12,0
2020-12-02 03:00:00+00:00,0,0.0,3,2,12,0
2020-12-02 04:00:00+00:00,0,0.0,4,2,12,0
2020-12-02 05:00:00+00:00,0,0.0,5,2,12,0
2020-12-02 06:00:00+00:00,0,0.0,6,2,12,0
2020-12-02 07:00:00+00:00,0,0.0,7,2,12,0
2020-12-02 08:00:00+00:00,0,0.0,8,2,12,0
2020-12-02 09:00:00+00:00,0,0.0,9,2,12,0
2020-12-02 10:00:00+00:00,0,0.0,10,2,12,0
2020-12-02 11:00:00+00:00,0,0.0,11,2,12,0
2020-12-02 12:00:00+00:00,0,0.0,12,2,12,0
2020-12-02 13:00:00+00:00,0,0.0,13,2,12,0
2020-12-02 14:00:00+00:00,0,0.0,14,2,12,0
2020-12-02 15:00:00+00:00,1,1.469,15,2,12,0
2020-12-02 16:00:00+00:00,1,30.191,16,2,12,0
2020-12-02 17:00:00+00:00,1,7.247,17,2,12,0
2020-12-02 18:00:00+00:00,0,0.0,18,2,12,0
2020-12-02 19:00:00+00:00,0,0.0,19,2,12,0
2020-12-02 20:00:00+00:00,0,0.0,20,2,12,0
2020-12-02 21:00:00+00:00,0,0.0,21,2,12,0
2020-12-02 22:00:00+00:00,0,0.0,22,2,12,0
2020-12-02 23:00:00+00:00,1,26.094,23,2,12,0
2020-12-03 00:00:00+00:00,0,0.0,0,3,12,0
2020-12-03 01:00:00+00:00,0,0.0,1,3,12,0
2020-12-03 02:00:00+00:00,0,0.0,2,3,12,0
2020-12-03 03:00:00+00:00,0,0.0,3,3,12,0
2020-12-03 04:00:00+00:00,0,0.0,4,3,12,0
2020-12-03 05:00:00+00:00,0,0.0,5,3,12,0
2020-12-03 06:00:00+00:00,0,0.0,6,3,12,0
2020-12-03 07:00:00+00:00,0,0.0,7,3,12,0
2020-12-03 08:00:00+00:00,0,0.0,8,3,12,0
2020-12-03 09:00:00+00:00,0,0.0,9,3,12,0
2020-12-03 10:00:00+00:00,0,0.0,10,3,12,0
2020-12-03 11:00:00+00:00,0,0.0,11,3,12,0
2020-12-03 12:00:00+00:00,0,0.0,12,3,12,0
2020-12-03 13:00:00+00:00,0,0.0,13,3,12,0
2020-12-03 14:00:00+00:00,0,0.0,14,3,12,0
2020-12-03 15:00:00+00:00,0,0.0,15,3,12,0
2020-12-03 16:00:00+00:00,0,0.0,16,3,12,0
2020-12-03 17:00:00+00:00,0,0.0,17,3,12,0
2020-12-03 18:00:00+00:00,0,0.0,18,3,12,0
2020-12-03 19:00:00+00:00,0,0.0,19,3,12,0
2020-12-03 20:00:00+00:00,1,5.057,20,3,12,0
2020-12-03 21:00:00+00:00,0,0.0,21,3,12,0
2020-12-03 22:00:00+00:00,0,0.0,22,3,12,0
2020-12-03 23:00:00+00:00,0,0.0,23,3,12,0
2020-12-04 00:00:00+00:00,1,6.717,0,4,12,0
2020-12-04 01:00:00+00:00,1,13.037,1,4,12,0
2020-12-04 02:00:00+00:00,1,0.958,2,4,12,0
2020-12-04 03:00:00+00:00,0,0.0,3,4,12,0
2020-12-04 04:00:00+00:00,0,0.0,4,4,12,0
2020-12-04 05:00:00+00:00,0,0.0,5,4,12,0
2020-12-04 06:00:00+00:00,0,0.0,6,4,12,0
2020-12-04 07:00:00+00:00,0,0.0,7,4,12,0
2020-12-04 08:00:00+00:00,0,0.0,8,4,12,0
2020-12-04 09:00:00+00:00,0,0.0,9,4,12,0
2020-12-04 10:00:00+00:00,0,0.0,10,4,12,0
2020-12-04 11:00:00+00:00,0,0.0,11,4,12,0
2020-12-04 12:00:00+00:00,0,0.0,12,4,12,0
2020-12-04 13:00:00+00:00,0,0.0,13,4,12,0
2020-12-04 14:00:00+00:00,1,4.775,14,4,12,0
2020-12-04 15:00:00+00:00,2,12.285,15,4,12,0
2020-12-04 16:00:00+00:00,0,0.0,16,4,12,0
2020-12-04 17:00:00+00:00,0,0.0,17,4,12,0
2020-12-04 18:00:00+00:00,1,9.724,18,4,12,0
2020-12-04 19:00:00+00:00,1,3.919,19,4,12,0
2020-12-04 20:00:00+00:00,0,0.0,20,4,12,0
2020-12-04 21:00:00+00:00,0,0.0,21,4,12,0
2020-12-04 22:00:00+00:00,1,1.746,22,4,12,0
2020-12-04 23:00:00+00:00,1,2.171,23,4,12,0
2020-12-05 00:00:00+00:00,0,0.0,0,5,12,1
2020-12-05 01:00:00+00:00,1,19.601,1,5,12,1
2020-12-05 02:00:00+00:00,0,0.0,2,5,12,1
2020-12-05 03:00:00+00:00,0,0.0,3,5,12,1
2020-12-05 04:00:00+00:00,0,0.0,4,5,12,1
2020-12-05 05:00:00+00:00,0,0.0,5,5,12,1
2020-12-05 06:00:00+00:00,0,0.0,6,5,12,1
2020-12-05 07:00:00+00:00,0,0.0,7,5,12,1
2020-12-05 08:00:00+00:00,0,0.0,8,5,12,1
2020-12-05 09:00:00+00:00,0,0.0,9,5,12,1
2020-12-05 10:00:00+00:00,0,0.0,10,5,12,1
2020-12-05 11:00:00+00:00,0,0.0,11,5,12,1
2020-12-05 12:00:00+00:00,0,0.0,12,5,12,1
2020-12-05 13:00:00+00:00,0,0.0,13,5,12,1
2020-12-05 14:00:00+00:00,0,0.0,14,5,12,1
2020-12-05 15:00:00+00:00,0,0.0,15,5,12,1
2020-12-05 16:00:00+00:00,0,0.0,16,5,12,1
2020-12-05 17:00:00+00:00,0,0.0,17,5,12,1
2020-12-05 18:00:00+00:00,0,0.0,18,5,12,1
2020-12-05 19:00:00+00:00,0,0.0,19,5,12,1
2020-12-05 20:00:00+00:00,2,23.964,20,5,12,1
2020-12-05 21:00:00+00:00,1,0.913,21,5,12,1
2020-12-05 22:00:00+00:00,2,15.305,22,5,12,1
2020-12-05 23:00:00+00:00,1,6.007,23,5,12,1
2020-12-06 00:00:00+00:00,3,26.695,0,6,12,1
2020-12-06 01:00:00+00:00,2,13.23,1,6,12,1
2020-12-06 02:00:00+00:00,1,12.833,2,6,12,1
2020-12-06 03:00:00+00:00,0,0.0,3,6,12,1
2020-12-06 04:00:00+00:00,0,0.0,4,6,12,1
2020-12-06 05:00:00+00:00,1,2.092,5,6,12,1
2020-12-06 06:00:00+00:00,0,0.0,6,6,12,1
2020-12-06 07:00:00+00:00,0,0.0,7,6,12,1
2020-12-06 08:00:00+00:00,0,0.0,8,6,12,1
2020-12-06 09:00:00+00:00,0,0.0,9,6,12,1
2020-12-06 10:00:00+00:00,0,0.0,10,6,12,1
2020-12-06 11:00:00+00:00,0,0.0,11,6,12,1
2020-12-06 12:00:00+00:00,0,0.0,12,6,12,1
2020-12-06 13:00:00+00:00,0,0.0,13,6,12,1
2020-12-06 14:00:00+00:00,0,0.0,14,6,12,1
2020-12-06 15:00:00+00:00,0,0.0,15,6,12,1
2020-12-06 16:00:00+00:00,0,0.0,16,6,12,1
2020-12-06 17:00:00+00:00,0,0.0,17,6,12,1
2020-12-06 18:00:00+00:00,0,0.0,18,6,12,1
2020-12-06 19:00:00+00:00,1,9.971,19,6,12,1
2020-12-06 20:00:00+00:00,1,4.098,20,6,12,1
2020-12-06 21:00:00+00:00,0,0.0,21,6,12,1
2020-12-06 22:00:00+00:00,2,43.506,22,6,12,1
2020-12-06 23:00:00+00:00,0,0.0,23,6,12,1
2020-12-07 00:00:00+00:00,0,0.0,0,0,12,0
2020-12-07 01:00:00+00:00,0,0.0,1,0,12,0
2020-12-07 02:00:00+00:00,0,0.0,2,0,12,0
2020-12-07 03:00:00+00:00,0,0.0,3,0,12,0
2020-12-07 04:00:00+00:00,0,0.0,4,0,12,0
2020-12-07 05:00:00+00:00,0,0.0,5,0,12,0
2020-12-07 06:00:00+00:00,0,0.0,6,0,12,0
2020-12-07 07:00:00+00:00,0,0.0,7,0,12,0
2020-12-07 08:00:00+00:00,0,0.0,8,0,12,0
2020-12-07 09:00:00+00:00,0,0.0,9,0,12,0
2020-12-07 10:00:00+00:00,0,0.0,10,0,12,0
2020-12-07 11:00:00+00:00,0,0.0,11,0,12,0
2020-12-07 12:00:00+00:00,0,0.0,12,0,12,0
2020-12-07 13:00:00+00:00,0,0.0,13,0,12,0
2020-12-07 14:00:00+00:00,0,0.0,14,0,12,0
2020-12-07 15:00:00+00:00,0,0.0,15,0,12,0
2020-12-07 16:00:00+00:00,0,0.0,16,0,12,0
2020-12-07 17:00:00+00:00,1,10.135,17,0,12,0
2020-12-07 18:00:00+00:00,0,0.0,18,0,12,0
2020-12-07 19:00:00+00:00,0,0.0,19,0,12,0
2020-12-07 20:00:00+00:00,0,0.0,20,0,12,0
2020-12-07 21:00:00+00:00,0,0.0,21,0,12,0
2020-12-07 22:00:00+00:00,0,0.0,22,0,12,0
2020-12-07 23:00:00+00:00,2,5.109999999999999,23,0,12,0
2020-12-08 00:00:00+00:00,0,0.0,0,1,12,0
2020-12-08 01:00:00+00:00,1,23.281,1,1,12,0
2020-12-08 02:00:00+00:00,1,7.088,2,1,12,0
2020-12-08 03:00:00+00:00,0,0.0,3,1,12,0
2020-12-08 04:00:00+00:00,0,0.0,4,1,12,0
2020-12-08 05:00:00+00:00,0,0.0,5,1,12,0
2020-12-08 06:00:00+00:00,0,0.0,6,1,12,0
2020-12-08 07:00:00+00:00,0,0.0,7,1,12,0
2020-12-08 08:00:00+00:00,0,0.0,8,1,12,0
2020-12-08 09:00:00+00:00,0,0.0,9,1,12,0
2020-12-08 10:00:00+00:00,0,0.0,10,1,12,0
2020-12-08 11:00:00+00:00,0,0.0,11,1,12,0
2020-12-08 12:00:00+00:00,0,0.0,12,1,12,0
2020-12-08 13:00:00+00:00,0,0.0,13,1,12,0
2020-12-08 14:00:00+00:00,0,0.0,14,1,12,0
2020-12-08 15:00:00+00:00,0,0.0,15,1,12,0
2020-12-08 16:00:00+00:00,1,8.413,16,1,12,0
2020-12-08 17:00:00+00:00,0,0.0,17,1,12,0
2020-12-08 18:00:00+00:00,1,5.532,18,1,12,0
2020-12-08 19:00:00+00:00,1,6.433,19,1,12,0
2020-12-08 20:00:00+00:00,0,0.0,20,1,12,0
2020-12-08 21:00:00+00:00,1,16.245,21,1,12,0
2020-12-08 22:00:00+00:00,1,2.119,22,1,12,0
2020-12-08 23:00:00+00:00,0,0.0,23,1,12,0
2020-12-09 00:00:00+00:00,0,0.0,0,2,12,0
2020-12-09 01:00:00+00:00,0,0.0,1,2,12,0
2020-12-09 02:00:00+00:00,0,0.0,2,2,12,0
2020-12-09 03:00:00+00:00,1,11.392,3,2,12,0
2020-12-09 04:00:00+00:00,0,0.0,4,2,12,0
2020-12-09 05:00:00+00:00,0,0.0,5,2,12,0
2020-12-09 06:00:00+00:00,0,0.0,6,2,12,0
2020-12-09 07:00:00+00:00,0,0.0,7,2,12,0
2020-12-09 08:00:00+00:00,0,0.0,8,2,12,0
2020-12-09 09:00:00+00:00,0,0.0,9,2,12,0
2020-12-09 10:00:00+00:00,0,0.0,10,2,12,0
2020-12-09 11:00:00+00:00,0,0.0,11,2,12,0
2020-12-09 12:00:00+00:00,0,0.0,12,2,12,0
2020-12-09 13:00:00+00:00,0,0.0,13,2,12,0
2020-12-09 14:00:00+00:00,0,0.0,14,2,12,0
2020-12-09 15:00:00+00:00,1,7.858,15,2,12,0
2020-12-09 16:00:00+00:00,1,4.408,16,2,12,0
2020-12-09 17:00:00+00:00,0,0.0,17,2,12,0
2020-12-09 18:00:00+00:00,0,0.0,18,2,12,0
2020-12-09 19:00:00+00:00,0,0.0,19,2,12,0
2020-12-09 20:00:00+00:00,1,2.508,20,2,12,0
2020-12-09 21:00:00+00:00,1,2.171,21,2,12,0
2020-12-09 22:00:00+00:00,1,12.597,22,2,12,0
2020-12-09 23:00:00+00:00,0,0.0,23,2,12,0
2020-12-10 00:00:00+00:00,1,29.758,0,3,12,0
2020-12-10 01:00:00+00:00,0,0.0,1,3,12,0
2020-12-10 02:00:00+00:00,0,0.0,2,3,12,0
2020-12-10 03:00:00+00:00,0,0.0,3,3,12,0
2020-12-10 04:00:00+00:00,0,0.0,4,3,12,0
2020-12-10 05:00:00+00:00,0,0.0,5,3,12,0
2020-12-10 06:00:00+00:00,0,0.0,6,3,12,0
2020-12-10 07:00:00+00:00,0,0.0,7,3,12,0
2020-12-10 08:00:00+00:00,0,0.0,8,3,12,0
2020-12-10 09:00:00+00:00,0,0.0,9,3,12,0
2020-12-10 10:00:00+00:00,0,0.0,10,3,12,0
2020-12-10 11:00:00+00:00,0,0.0,11,3,12,0
2020-12-10 12:00:00+00:00,0,0.0,12,3,12,0
2020-12-10 13:00:00+00:00,0,0.0,13,3,12,0
2020-12-10 14:00:00+00:00,0,0.0,14,3,12,0
2020-12-10 15:00:00+00:00,0,0.0,15,3,12,0
2020-12-10 16:00:00+00:00,0,0.0,16,3,12,0
2020-12-10 17:00:00+00:00,0,0.0,17,3,12,0
2020-12-10 18:00:00+00:00,0,0.0,18,3,12,0
2020-12-10 19:00:00+00:00,0,0.0,19,3,12,0
2020-12-10 20:00:00+00:00,0,0.0,20,3,12,0
2020-12-10 21:00:00+00:00,0,0.0,21,3,12,0
2020-12-10 22:00:00+00:00,1,2.292,22,3,12,0
2020-12-10 23:00:00+00:00,0,0.0,23,3,12,0
2020-12-11 00:00:00+00:00,0,0.0,0,4,12,0
2020-12-11 01:00:00+00:00,1,9.757,1,4,12,0
2020-12-11 02:00:00+00:00,0,0.0,2,4,12,0
2020-12-11 03:00:00+00:00,0,0.0,3,4,12,0
2020-12-11 04:00:00+00:00,0,0.0,4,4,12,0
2020-12-11 05:00:00+00:00,0,0.0,5,4,12,0
2020-12-11 06:00:00+00:00,0,0.0,6,4,12,0
2020-12-11 07:00:00+00:00,0,0.0,7,4,12,0
2020-12-11 08:00:00+00:00,0,0.0,8,4,12,0
2020-12-11 09:00:00+00:00,0,0.0,9,4,12,0
2020-12-11 10:00:00+00:00,0,0.0,10,4,12,0
2020-12-11 11:00:00+00:00,0,0.0,11,4,12,0
2020-12-11 12:00:00+00:00,0,0.0,12,4,12,0
2020-12-11 13:00:00+00:00,0,0.0,13,4,12,0
2020-12-11 14:00:00+00:00,0,0.0,14,4,12,0
2020-12-11 15:00:00+00:00,0,0.0,15,4,12,0
2020-12-11 16:00:00+00:00,1,1.519,16,4,12,0
2020-12-11 17:00:00+00:00,0,0.0,17,4,12,0
2020-12-11 18:00:00+00:00,1,37.195,18,4,12,0
2020-12-11 19:00:00+00:00,1,25.764,19,4,12,0
2020-12-11 20:00:00+00:00,1,12.951,20,4,12,0
2020-12-11 21:00:00+00:00,1,2.8118413978518784,21,4,12,0
2020-12-11 22:00:00+00:00,0,0.0,22,4,12,0
2020-12-11 23:00:00+00:00,1,16.063,23,4,12,0
2020-12-12 00:00:00+00:00,2,21.406622222222225,0,5,12,1
2020-12-12 01:00:00+00:00,1,3.93,1,5,12,1
2020-12-12 02:00:00+00:00,0,0.0,2,5,12,1
2020-12-12 03:00:00+00:00,1,12.85,3,5,12,1
2020-12-12 04:00:00+00:00,0,0.0,4,5,12,1
2020-12-12 05:00:00+00:00,0,0.0,5,5,12,1
2020-12-12 06:00:00+00:00,0,0.0,6,5,12,1
2020-12-12 07:00:00+00:00,0,0.0,7,5,12,1
2020-12-12 08:00:00+00:00,0,0.0,8,5,12,1
2020-12-12 09:00:00+00:00,0,0.0,9,5,12,1
2020-12-12 10:00:00+00:00,0,0.0,10,5,12,1
2020-12-12 11:00:00+00:00,0,0.0,11,5,12,1
2020-12-12 12:00:00+00:00,0,0.0,12,5,12,1
2020-12-12 13:00:00+00:00,0,0.0,13,5,12,1
2020-12-12 14:00:00+00:00,0,0.0,14,5,12,1
2020-12-12 15:00:00+00:00,1,9.412,15,5,12,1
2020-12-12 16:00:00+00:00,1,18.493,16,5,12,1
2020-12-12 17:00:00+00:00,0,0.0,17,5,12,1
2020-12-12 18:00:00+00:00,0,0.0,18,5,12,1
2020-12-12 19:00:00+00:00,1,5.988,19,5,12,1
2020-12-12 20:00:00+00:00,0,0.0,20,5,12,1
2020-12-12 21:00:00+00:00,0,0.0,21,5,12,1
2020-12-12 22:00:00+00:00,1,42.769,22,5,12,1
2020-12-12 23:00:00+00:00,0,0.0,23,5,12,1
2020-12-13 00:00:00+00:00,1,6.326,0,6,12,1
2020-12-13 01:00:00+00:00,1,12.34,1,6,12,1
2020-12-13 02:00:00+00:00,1,5.539,2,6,12,1
2020-12-13 03:00:00+00:00,0,0.0,3,6,12,1
2020-12-13 04:00:00+00:00,1,29.539,4,6,12,1
2020-12-13 05:00:00+00:00,0,0.0,5,6,12,1
2020-12-13 06:00:00+00:00,0,0.0,6,6,12,1
2020-12-13 07:00:00+00:00,0,0.0,7,6,12,1
2020-12-13 08:00:00+00:00,0,0.0,8,6,12,1
2020-12-13 09:00:00+00:00,0,0.0,9,6,12,1
2020-12-13 10:00:00+00:00,0,0.0,10,6,12,1
2020-12-13 11:00:00+00:00,0,0.0,11,6,12,1
2020-12-13 12:00:00+00:00,0,0.0,12,6,12,1
2020-12-13 13:00:00+00:00,0,0.0,13,6,12,1
2020-12-13 14:00:00+00:00,0,0.0,14,6,12,1
2020-12-13 15:00:00+00:00,0,0.0,15,6,12,1
2020-12-13 16:00:00+00:00,0,0.0,16,6,12,1
2020-12-13 17:00:00+00:00,0,0.0,17,6,12,1
2020-12-13 18:00:00+00:00,1,13.853,18,6,12,1
2020-12-13 19:00:00+00:00,0,0.0,19,6,12,1
2020-12-13 20:00:00+00:00,0,0.0,20,6,12,1
2020-12-13 21:00:00+00:00,1,24.683,21,6,12,1
2020-12-13 22:00:00+00:00,0,0.0,22,6,12,1
2020-12-13 23:00:00+00:00,0,0.0,23,6,12,1
2020-12-14 00:00:00+00:00,0,0.0,0,0,12,0
2020-12-14 01:00:00+00:00,1,8.572,1,0,12,0
2020-12-14 02:00:00+00:00,0,0.0,2,0,12,0
2020-12-14 03:00:00+00:00,0,0.0,3,0,12,0
2020-12-14 04:00:00+00:00,1,14.631,4,0,12,0
2020-12-14 05:00:00+00:00,0,0.0,5,0,12,0
2020-12-14 06:00:00+00:00,0,0.0,6,0,12,0
2020-12-14 07:00:00+00:00,0,0.0,7,0,12,0
2020-12-14 08:00:00+00:00,0,0.0,8,0,12,0
2020-12-14 09:00:00+00:00,0,0.0,9,0,12,0
2020-12-14 10:00:00+00:00,0,0.0,10,0,12,0
2020-12-14 11:00:00+00:00,0,0.0,11,0,12,0
2020-12-14 12:00:00+00:00,0,0.0,12,0,12,0
2020-12-14 13:00:00+00:00,0,0.0,13,0,12,0
2020-12-14 14:00:00+00:00,0,0.0,14,0,12,0
2020-12-14 15:00:00+00:00,1,9.831,15,0,12,0
2020-12-14 16:00:00+00:00,1,3.106,16,0,12,0
2020-12-14 17:00:00+00:00,0,0.0,17,0,12,0
2020-12-14 18:00:00+00:00,0,0.0,18,0,12,0
2020-12-14 19:00:00+00:00,1,2.924,19,0,12,0
2020-12-14 20:00:00+00:00,2,10.385,20,0,12,0
2020-12-14 21:00:00+00:00,1,9.531,21,0,12,0
2020-12-14 22:00:00+00:00,1,9.403,22,0,12,0
2020-12-14 23:00:00+00:00,0,0.0,23,0,12,0
2020-12-15 00:00:00+00:00,0,0.0,0,1,12,0
2020-12-15 01:00:00+00:00,0,0.0,1,1,12,0
2020-12-15 02:00:00+00:00,3,23.395,2,1,12,0
2020-12-15 03:00:00+00:00,1,29.384,3,1,12,0
2020-12-15 04:00:00+00:00,0,0.0,4,1,12,0
2020-12-15 05:00:00+00:00,1,15.806,5,1,12,0
2020-12-15 06:00:00+00:00,0,0.0,6,1,12,0
2020-12-15 07:00:00+00:00,0,0.0,7,1,12,0
2020-12-15 08:00:00+00:00,0,0.0,8,1,12,0
2020-12-15 09:00:00+00:00,0,0.0,9,1,12,0
2020-12-15 10:00:00+00:00,0,0.0,10,1,12,0
2020-12-15 11:00:00+00:00,0,0.0,11,1,12,0
2020-12-15 12:00:00+00:00,0,0.0,12,1,12,0
2020-12-15 13:00:00+00:00,0,0.0,13,1,12,0
2020-12-15 14:00:00+00:00,1,32.397,14,1,12,0
2020-12-15 15:00:00+00:00,0,0.0,15,1,12,0
2020-12-15 16:00:00+00:00,1,6.462,16,1,12,0
2020-12-15 17:00:00+00:00,0,0.0,17,1,12,0
2020-12-15 18:00:00+00:00,2,23.477,18,1,12,0
2020-12-15 19:00:00+00:00,2,12.21,19,1,12,0
2020-12-15 20:00:00+00:00,0,0.0,20,1,12,0
2020-12-15 21:00:00+00:00,1,4.574,21,1,12,0
2020-12-15 22:00:00+00:00,1,2.363,22,1,12,0
2020-12-15 23:00:00+00:00,0,0.0,23,1,12,0
2020-12-16 00:00:00+00:00,1,10.875,0,2,12,0
2020-12-16 01:00:00+00:00,0,0.0,1,2,12,0
2020-12-16 02:00:00+00:00,0,0.0,2,2,12,0
2020-12-16 03:00:00+00:00,1,4.472,3,2,12,0
2020-12-16 04:00:00+00:00,0,0.0,4,2,12,0
2020-12-16 05:00:00+00:00,0,0.0,5,2,12,0
2020-12-16 06:00:00+00:00,0,0.0,6,2,12,0
2020-12-16 07:00:00+00:00,0,0.0,7,2,12,0
2020-12-16 08:00:00+00:00,0,0.0,8,2,12,0
2020-12-16 09:00:00+00:00,0,0.0,9,2,12,0
2020-12-16 10:00:00+00:00,0,0.0,10,2,12,0
2020-12-16 11:00:00+00:00,0,0.0,11,2,12,0
2020-12-16 12:00:00+00:00,0,0.0,12,2,12,0
2020-12-16 13:00:00+00:00,0,0.0,13,2,12,0
2020-12-16 14:00:00+00:00,0,0.0,14,2,12,0
2020-12-16 15:00:00+00:00,0,0.0,15,2,12,0
2020-12-16 16:00:00+00:00,1,1.6339797222222223,16,2,12,0
2020-12-16 17:00:00+00:00,0,0.0,17,2,12,0
2020-12-16 18:00:00+00:00,0,0.0,18,2,12,0
2020-12-16 19:00:00+00:00,1,31.308,19,2,12,0
2020-12-16 20:00:00+00:00,0,0.0,20,2,12,0
2020-12-16 21:00:00+00:00,0,0.0,21,2,12,0
2020-12-16 22:00:00+00:00,0,0.0,22,2,12,0
2020-12-16 23:00:00+00:00,0,0.0,23,2,12,0
2020-12-17 00:00:00+00:00,1,15.096,0,3,12,0
2020-12-17 01:00:00+00:00,0,0.0,1,3,12,0
2020-12-17 02:00:00+00:00,0,0.0,2,3,12,0
2020-12-17 03:00:00+00:00,0,0.0,3,3,12,0
2020-12-17 04:00:00+00:00,0,0.0,4,3,12,0
2020-12-17 05:00:00+00:00,0,0.0,5,3,12,0
2020-12-17 06:00:00+00:00,0,0.0,6,3,12,0
2020-12-17 07:00:00+00:00,0,0.0,7,3,12,0
2020-12-17 08:00:00+00:00,0,0.0,8,3,12,0
2020-12-17 09:00:00+00:00,0,0.0,9,3,12,0
2020-12-17 10:00:00+00:00,0,0.0,10,3,12,0
2020-12-17 11:00:00+00:00,0,0.0,11,3,12,0
2020-12-17 12:00:00+00:00,0,0.0,12,3,12,0
2020-12-17 13:00:00+00:00,0,0.0,13,3,12,0
2020-12-17 14:00:00+00:00,0,0.0,14,3,12,0
2020-12-17 15:00:00+00:00,0,0.0,15,3,12,0
2020-12-17 16:00:00+00:00,1,2.376,16,3,12,0
2020-12-17 17:00:00+00:00,0,0.0,17,3,12,0
2020-12-17 18:00:00+00:00,0,0.0,18,3,12,0
2020-12-17 19:00:00+00:00,0,0.0,19,3,12,0
2020-12-17 20:00:00+00:00,1,5.799,20,3,12,0
2020-12-17 21:00:00+00:00,0,0.0,21,3,12,0
2020-12-17 22:00:00+00:00,1,25.857,22,3,12,0
2020-12-17 23:00:00+00:00,0,0.0,23,3,12,0
2020-12-18 00:00:00+00:00,0,0.0,0,4,12,0
2020-12-18 01:00:00+00:00,1,17.703,1,4,12,0
2020-12-18 02:00:00+00:00,1,9.415,2,4,12,0
2020-12-18 03:00:00+00:00,0,0.0,3,4,12,0
2020-12-18 04:00:00+00:00,0,0.0,4,4,12,0
2020-12-18 05:00:00+00:00,0,0.0,5,4,12,0
2020-12-18 06:00:00+00:00,0,0.0,6,4,12,0
2020-12-18 07:00:00+00:00,0,0.0,7,4,12,0
2020-12-18 08:00:00+00:00,0,0.0,8,4,12,0
2020-12-18 09:00:00+00:00,0,0.0,9,4,12,0
2020-12-18 10:00:00+00:00,0,0.0,10,4,12,0
2020-12-18 11:00:00+00:00,0,0.0,11,4,12,0
2020-12-18 12:00:00+00:00,0,0.0,12,4,12,0
2020-12-18 13:00:00+00:00,0,0.0,13,4,12,0
2020-12-18 14:00:00+00:00,1,6.136,14,4,12,0
2020-12-18 15:00:00+00:00,1,18.836,15,4,12,0
2020-12-18 16:00:00+00:00,0,0.0,16,4,12,0
2020-12-18 17:00:00+00:00,1,20.084,17,4,12,0
2020-12-18 18:00:00+00:00,0,0.0,18,4,12,0
2020-12-18 19:00:00+00:00,0,0.0,19,4,12,0
2020-12-18 20:00:00+00:00,1,1.249,20,4,12,0
2020-12-18 21:00:00+00:00,1,2.265,21,4,12,0
2020-12-18 22:00:00+00:00,0,0.0,22,4,12,0
2020-12-18 23:00:00+00:00,0,0.0,23,4,12,0
2020-12-19 00:00:00+00:00,0,0.0,0,5,12,1
2020-12-19 01:00:00+00:00,1,16.487,1,5,12,1
2020-12-19 02:00:00+00:00,0,0.0,2,5,12,1
2020-12-19 03:00:00+00:00,0,0.0,3,5,12,1
2020-12-19 04:00:00+00:00,0,0.0,4,5,12,1
2020-12-19 05:00:00+00:00,0,0.0,5,5,12,1
2020-12-19 06:00:00+00:00,1,12.49,6,5,12,1
2020-12-19 07:00:00+00:00,0,0.0,7,5,12,1
2020-12-19 08:00:00+00:00,0,0.0,8,5,12,1
2020-12-19 09:00:00+00:00,0,0.0,9,5,12,1
2020-12-19 10:00:00+00:00,0,0.0,10,5,12,1
2020-12-19 11:00:00+00:00,0,0.0,11,5,12,1
2020-12-19 12:00:00+00:00,0,0.0,12,5,12,1
2020-12-19 13:00:00+00:00,0,0.0,13,5,12,1
2020-12-19 14:00:00+00:00,0,0.0,14,5,12,1
2020-12-19 15:00:00+00:00,1,14.541,15,5,12,1
2020-12-19 16:00:00+00:00,0,0.0,16,5,12,1
2020-12-19 17:00:00+00:00,0,0.0,17,5,12,1
2020-12-19 18:00:00+00:00,0,0.0,18,5,12,1
2020-12-19 19:00:00+00:00,0,0.0,19,5,12,1
2020-12-19 20:00:00+00:00,1,8.375,20,5,12,1
2020-12-19 21:00:00+00:00,1,12.192,21,5,12,1
2020-12-19 22:00:00+00:00,1,2.972,22,5,12,1
2020-12-19 23:00:00+00:00,0,0.0,23,5,12,1
2020-12-20 00:00:00+00:00,1,32.771,0,6,12,1
2020-12-20 01:00:00+00:00,1,13.532,1,6,12,1
2020-12-20 02:00:00+00:00,0,0.0,2,6,12,1
2020-12-20 03:00:00+00:00,0,0.0,3,6,12,1
2020-12-20 04:00:00+00:00,0,0.0,4,6,12,1
2020-12-20 05:00:00+00:00,0,0.0,5,6,12,1
2020-12-20 06:00:00+00:00,0,0.0,6,6,12,1
2020-12-20 07:00:00+00:00,0,0.0,7,6,12,1
2020-12-20 08:00:00+00:00,0,0.0,8,6,12,1
2020-12-20 09:00:00+00:00,0,0.0,9,6,12,1
2020-12-20 10:00:00+00:00,0,0.0,10,6,12,1
2020-12-20 11:00:00+00:00,0,0.0,11,6,12,1
2020-12-20 12:00:00+00:00,0,0.0,12,6,12,1
2020-12-20 13:00:00+00:00,0,0.0,13,6,12,1
2020-12-20 14:00:00+00:00,0,0.0,14,6,12,1
2020-12-20 15:00:00+00:00,1,19.342,15,6,12,1
2020-12-20 16:00:00+00:00,0,0.0,16,6,12,1
2020-12-20 17:00:00+00:00,1,3.512,17,6,12,1
2020-12-20 18:00:00+00:00,0,0.0,18,6,12,1
2020-12-20 19:00:00+00:00,1,4.683,19,6,12,1
2020-12-20 20:00:00+00:00,0,0.0,20,6,12,1
2020-12-20 21:00:00+00:00,0,0.0,21,6,12,1
2020-12-20 22:00:00+00:00,0,0.0,22,6,12,1
2020-12-20 23:00:00+00:00,0,0.0,23,6,12,1
2020-12-21 00:00:00+00:00,1,13.758,0,0,12,0
2020-12-21 01:00:00+00:00,1,15.212,1,0,12,0
2020-12-21 02:00:00+00:00,0,0.0,2,0,12,0
2020-12-21 03:00:00+00:00,1,9.489,3,0,12,0
2020-12-21 04:00:00+00:00,0,0.0,4,0,12,0
2020-12-21 05:00:00+00:00,0,0.0,5,0,12,0
2020-12-21 06:00:00+00:00,0,0.0,6,0,12,0
2020-12-21 07:00:00+00:00,0,0.0,7,0,12,0
2020-12-21 08:00:00+00:00,0,0.0,8,0,12,0
2020-12-21 09:00:00+00:00,0,0.0,9,0,12,0
2020-12-21 10:00:00+00:00,0,0.0,10,0,12,0
2020-12-21 11:00:00+00:00,0,0.0,11,0,12,0
2020-12-21 12:00:00+00:00,0,0.0,12,0,12,0
2020-12-21 13:00:00+00:00,0,0.0,13,0,12,0
2020-12-21 14:00:00+00:00,0,0.0,14,0,12,0
2020-12-21 15:00:00+00:00,1,6.817,15,0,12,0
2020-12-21 16:00:00+00:00,1,7.047,16,0,12,0
2020-12-21 17:00:00+00:00,0,0.0,17,0,12,0
2020-12-21 18:00:00+00:00,0,0.0,18,0,12,0
2020-12-21 19:00:00+00:00,0,0.0,19,0,12,0
2020-12-21 20:00:00+00:00,1,6.23,20,0,12,0
2020-12-21 21:00:00+00:00,1,8.501,21,0,12,0
2020-12-21 22:00:00+00:00,0,0.0,22,0,12,0
2020-12-21 23:00:00+00:00,1,45.231,23,0,12,0
2020-12-22 00:00:00+00:00,2,16.785,0,1,12,0
2020-12-22 01:00:00+00:00,0,0.0,1,1,12,0
2020-12-22 02:00:00+00:00,0,0.0,2,1,12,0
2020-12-22 03:00:00+00:00,0,0.0,3,1,12,0
2020-12-22 04:00:00+00:00,0,0.0,4,1,12,0
2020-12-22 05:00:00+00:00,1,7.192,5,1,12,0
2020-12-22 06:00:00+00:00,0,0.0,6,1,12,0
2020-12-22 07:00:00+00:00,0,0.0,7,1,12,0
2020-12-22 08:00:00+00:00,0,0.0,8,1,12,0
2020-12-22 09:00:00+00:00,0,0.0,9,1,12,0
2020-12-22 10:00:00+00:00,0,0.0,10,1,12,0
2020-12-22 11:00:00+00:00,0,0.0,11,1,12,0
2020-12-22 12:00:00+00:00,0,0.0,12,1,12,0
2020-12-22 13:00:00+00:00,0,0.0,13,1,12,0
2020-12-22 14:00:00+00:00,0,0.0,14,1,12,0
2020-12-22 15:00:00+00:00,0,0.0,15,1,12,0
2020-12-22 16:00:00+00:00,0,0.0,16,1,12,0
2020-12-22 17:00:00+00:00,0,0.0,17,1,12,0
2020-12-22 18:00:00+00:00,2,25.267,18,1,12,0
2020-12-22 19:00:00+00:00,0,0.0,19,1,12,0
2020-12-22 20:00:00+00:00,1,26.3,20,1,12,0
2020-12-22 21:00:00+00:00,1,2.237,21,1,12,0
2020-12-22 22:00:00+00:00,0,0.0,22,1,12,0
2020-12-22 23:00:00+00:00,0,0.0,23,1,12,0
2020-12-23 00:00:00+00:00,1,48.655,0,2,12,0
2020-12-23 01:00:00+00:00,0,0.0,1,2,12,0
2020-12-23 02:00:00+00:00,1,16.313,2,2,12,0
2020-12-23 03:00:00+00:00,0,0.0,3,2,12,0
2020-12-23 04:00:00+00:00,0,0.0,4,2,12,0
2020-12-23 05:00:00+00:00,0,0.0,5,2,12,0
2020-12-23 06:00:00+00:00,0,0.0,6,2,12,0
2020-12-23 07:00:00+00:00,0,0.0,7,2,12,0
2020-12-23 08:00:00+00:00,0,0.0,8,2,12,0
2020-12-23 09:00:00+00:00,0,0.0,9,2,12,0
2020-12-23 10:00:00+00:00,0,0.0,10,2,12,0
2020-12-23 11:00:00+00:00,0,0.0,11,2,12,0
2020-12-23 12:00:00+00:00,0,0.0,12,2,12,0
2020-12-23 13:00:00+00:00,0,0.0,13,2,12,0
2020-12-23 14:00:00+00:00,0,0.0,14,2,12,0
2020-12-23 15:00:00+00:00,0,0.0,15,2,12,0
2020-12-23 16:00:00+00:00,0,0.0,16,2,12,0
2020-12-23 17:00:00+00:00,1,7.688,17,2,12,0
2020-12-23 18:00:00+00:00,1,0.913,18,2,12,0
2020-12-23 19:00:00+00:00,0,0.0,19,2,12,0
2020-12-23 20:00:00+00:00,0,0.0,20,2,12,0
2020-12-23 21:00:00+00:00,0,0.0,21,2,12,0
2020-12-23 22:00:00+00:00,1,8.148,22,2,12,0
2020-12-23 23:00:00+00:00,0,0.0,23,2,12,0
2020-12-24 00:00:00+00:00,1,3.208,0,3,12,0
2020-12-24 01:00:00+00:00,0,0.0,1,3,12,0
2020-12-24 02:00:00+00:00,1,11.967,2,3,12,0
2020-12-24 03:00:00+00:00,0,0.0,3,3,12,0
2020-12-24 04:00:00+00:00,1,27.386,4,3,12,0
2020-12-24 05:00:00+00:00,0,0.0,5,3,12,0
2020-12-24 06:00:00+00:00,0,0.0,6,3,12,0
2020-12-24 07:00:00+00:00,0,0.0,7,3,12,0
2020-12-24 08:00:00+00:00,0,0.0,8,3,12,0
2020-12-24 09:00:00+00:00,0,0.0,9,3,12,0
2020-12-24 10:00:00+00:00,0,0.0,10,3,12,0
2020-12-24 11:00:00+00:00,0,0.0,11,3,12,0
2020-12-24 12:00:00+00:00,0,0.0,12,3,12,0
2020-12-24 13:00:00+00:00,0,0.0,13,3,12,0
2020-12-24 14:00:00+00:00,0,0.0,14,3,12,0
2020-12-24 15:00:00+00:00,0,0.0,15,3,12,0
2020-12-24 16:00:00+00:00,0,0.0,16,3,12,0
2020-12-24 17:00:00+00:00,0,0.0,17,3,12,0
2020-12-24 18:00:00+00:00,1,1.609,18,3,12,0
2020-12-24 19:00:00+00:00,0,0.0,19,3,12,0
2020-12-24 20:00:00+00:00,0,0.0,20,3,12,0
2020-12-24 21:00:00+00:00,0,0.0,21,3,12,0
2020-12-24 22:00:00+00:00,0,0.0,22,3,12,0
2020-12-24 23:00:00+00:00,0,0.0,23,3,12,0
2020-12-25 00:00:00+00:00,0,0.0,0,4,12,0
2020-12-25 01:00:00+00:00,0,0.0,1,4,12,0
2020-12-25 02:00:00+00:00,1,17.704,2,4,12,0
2020-12-25 03:00:00+00:00,0,0.0,3,4,12,0
2020-12-25 04:00:00+00:00,0,0.0,4,4,12,0
2020-12-25 05:00:00+00:00,0,0.0,5,4,12,0
2020-12-25 06:00:00+00:00,0,0.0,6,4,12,0
2020-12-25 07:00:00+00:00,0,0.0,7,4,12,0
2020-12-25 08:00:00+00:00,0,0.0,8,4,12,0
2020-12-25 09:00:00+00:00,0,0.0,9,4,12,0
2020-12-25 10:00:00+00:00,0,0.0,10,4,12,0
2020-12-25 11:00:00+00:00,0,0.0,11,4,12,0
2020-12-25 12:00:00+00:00,0,0.0,12,4,12,0
2020-12-25 13:00:00+00:00,0,0.0,13,4,12,0
2020-12-25 14:00:00+00:00,0,0.0,14,4,12,0
2020-12-25 15:00:00+00:00,0,0.0,15,4,12,0
2020-12-25 16:00:00+00:00,0,0.0,16,4,12,0
2020-12-25 17:00:00+00:00,0,0.0,17,4,12,0
2020-12-25 18:00:00+00:00,0,0.0,18,4,12,0
2020-12-25 19:00:00+00:00,0,0.0,19,4,12,0
2020-12-25 20:00:00+00:00,0,0.0,20,4,12,0
2020-12-25 21:00:00+00:00,0,0.0,21,4,12,0
2020-12-25 22:00:00+00:00,0,0.0,22,4,12,0
2020-12-25 23:00:00+00:00,0,0.0,23,4,12,0
2020-12-26 00:00:00+00:00,0,0.0,0,5,12,1
2020-12-26 01:00:00+00:00,0,0.0,1,5,12,1
2020-12-26 02:00:00+00:00,0,0.0,2,5,12,1
2020-12-26 03:00:00+00:00,0,0.0,3,5,12,1
2020-12-26 04:00:00+00:00,0,0.0,4,5,12,1
2020-12-26 05:00:00+00:00,0,0.0,5,5,12,1
2020-12-26 06:00:00+00:00,0,0.0,6,5,12,1
2020-12-26 07:00:00+00:00,0,0.0,7,5,12,1
2020-12-26 08:00:00+00:00,0,0.0,8,5,12,1
2020-12-26 09:00:00+00:00,0,0.0,9,5,12,1
2020-12-26 10:00:00+00:00,0,0.0,10,5,12,1
2020-12-26 11:00:00+00:00,0,0.0,11,5,12,1
2020-12-26 12:00:00+00:00,0,0.0,12,5,12,1
2020-12-26 13:00:00+00:00,0,0.0,13,5,12,1
2020-12-26 14:00:00+00:00,0,0.0,14,5,12,1
2020-12-26 15:00:00+00:00,0,0.0,15,5,12,1
2020-12-26 16:00:00+00:00,0,0.0,16,5,12,1
2020-12-26 17:00:00+00:00,0,0.0,17,5,12,1
2020-12-26 18:00:00+00:00,0,0.0,18,5,12,1
2020-12-26 19:00:00+00:00,0,0.0,19,5,12,1
2020-12-26 20:00:00+00:00,1,14.373,20,5,12,1
2020-12-26 21:00:00+00:00,0,0.0,21,5,12,1
2020-12-26 22:00:00+00:00,0,0.0,22,5,12,1
2020-12-26 23:00:00+00:00,2,16.942,23,5,12,1
2020-12-27 00:00:00+00:00,0,0.0,0,6,12,1
2020-12-27 01:00:00+00:00,2,35.793,1,6,12,1
2020-12-27 02:00:00+00:00,0,0.0,2,6,12,1
2020-12-27 03:00:00+00:00,0,0.0,3,6,12,1
2020-12-27 04:00:00+00:00,0,0.0,4,6,12,1
2020-12-27 05:00:00+00:00,1,2.287,5,6,12,1
2020-12-27 06:00:00+00:00,1,11.01,6,6,12,1
2020-12-27 07:00:00+00:00,0,0.0,7,6,12,1
2020-12-27 08:00:00+00:00,0,0.0,8,6,12,1
2020-12-27 09:00:00+00:00,0,0.0,9,6,12,1
2020-12-27 10:00:00+00:00,0,0.0,10,6,12,1
2020-12-27 11:00:00+00:00,0,0.0,11,6,12,1
2020-12-27 12:00:00+00:00,0,0.0,12,6,12,1
2020-12-27 13:00:00+00:00,0,0.0,13,6,12,1
2020-12-27 14:00:00+00:00,0,0.0,14,6,12,1
2020-12-27 15:00:00+00:00,0,0.0,15,6,12,1
2020-12-27 16:00:00+00:00,0,0.0,16,6,12,1
2020-12-27 17:00:00+00:00,0,0.0,17,6,12,1
2020-12-27 18:00:00+00:00,0,0.0,18,6,12,1
2020-12-27 19:00:00+00:00,1,16.253,19,6,12,1
2020-12-27 20:00:00+00:00,0,0.0,20,6,12,1
2020-12-27 21:00:00+00:00,0,0.0,21,6,12,1
2020-12-27 22:00:00+00:00,1,52.883,22,6,12,1
2020-12-27 23:00:00+00:00,1,6.459,23,6,12,1
2020-12-28 00:00:00+00:00,0,0.0,0,0,12,0
2020-12-28 01:00:00+00:00,0,0.0,1,0,12,0
2020-12-28 02:00:00+00:00,1,8.444,2,0,12,0
2020-12-28 03:00:00+00:00,1,2.221,3,0,12,0
2020-12-28 04:00:00+00:00,0,0.0,4,0,12,0
2020-12-28 05:00:00+00:00,0,0.0,5,0,12,0
2020-12-28 06:00:00+00:00,0,0.0,6,0,12,0
2020-12-28 07:00:00+00:00,0,0.0,7,0,12,0
2020-12-28 08:00:00+00:00,0,0.0,8,0,12,0
2020-12-28 09:00:00+00:00,0,0.0,9,0,12,0
2020-12-28 10:00:00+00:00,0,0.0,10,0,12,0
2020-12-28 11:00:00+00:00,0,0.0,11,0,12,0
2020-12-28 12:00:00+00:00,0,0.0,12,0,12,0
2020-12-28 13:00:00+00:00,0,0.0,13,0,12,0
2020-12-28 14:00:00+00:00,0,0.0,14,0,12,0
2020-12-28 15:00:00+00:00,2,26.988999999999997,15,0,12,0
2020-12-28 16:00:00+00:00,0,0.0,16,0,12,0
2020-12-28 17:00:00+00:00,0,0.0,17,0,12,0
2020-12-28 18:00:00+00:00,1,6.271,18,0,12,0
2020-12-28 19:00:00+00:00,0,0.0,19,0,12,0
2020-12-28 20:00:00+00:00,0,0.0,20,0,12,0
2020-12-28 21:00:00+00:00,0,0.0,21,0,12,0
2020-12-28 22:00:00+00:00,1,10.637,22,0,12,0
2020-12-28 23:00:00+00:00,2,44.585,23,0,12,0
2020-12-29 00:00:00+00:00,1,2.092,0,1,12,0
2020-12-29 01:00:00+00:00,1,13.116,1,1,12,0
2020-12-29 02:00:00+00:00,0,0.0,2,1,12,0
2020-12-29 03:00:00+00:00,1,33.882,3,1,12,0
2020-12-29 04:00:00+00:00,0,0.0,4,1,12,0
2020-12-29 05:00:00+00:00,0,0.0,5,1,12,0
2020-12-29 06:00:00+00:00,0,0.0,6,1,12,0
2020-12-29 07:00:00+00:00,0,0.0,7,1,12,0
2020-12-29 08:00:00+00:00,0,0.0,8,1,12,0
2020-12-29 09:00:00+00:00,0,0.0,9,1,12,0
2020-12-29 10:00:00+00:00,0,0.0,10,1,12,0
2020-12-29 11:00:00+00:00,0,0.0,11,1,12,0
2020-12-29 12:00:00+00:00,0,0.0,12,1,12,0
2020-12-29 13:00:00+00:00,1,27.461,13,1,12,0
2020-12-29 14:00:00+00:00,0,0.0,14,1,12,0
2020-12-29 15:00:00+00:00,0,0.0,15,1,12,0
2020-12-29 16:00:00+00:00,0,0.0,16,1,12,0
2020-12-29 17:00:00+00:00,0,0.0,17,1,12,0
2020-12-29 18:00:00+00:00,2,19.237,18,1,12,0
2020-12-29 19:00:00+00:00,1,12.472,19,1,12,0
2020-12-29 20:00:00+00:00,0,0.0,20,1,12,0
2020-12-29 21:00:00+00:00,0,0.0,21,1,12,0
2020-12-29 22:00:00+00:00,1,2.324,22,1,12,0
2020-12-29 23:00:00+00:00,0,0.0,23,1,12,0
2020-12-30 00:00:00+00:00,1,28.501,0,2,12,0
2020-12-30 01:00:00+00:00,0,0.0,1,2,12,0
2020-12-30 02:00:00+00:00,1,15.006,2,2,12,0
2020-12-30 03:00:00+00:00,1,14.315,3,2,12,0
2020-12-30 04:00:00+00:00,1,7.13,4,2,12,0
2020-12-30 05:00:00+00:00,0,0.0,5,2,12,0
2020-12-30 06:00:00+00:00,1,30.43,6,2,12,0
2020-12-30 07:00:00+00:00,0,0.0,7,2,12,0
2020-12-30 08:00:00+00:00,0,0.0,8,2,12,0
2020-12-30 09:00:00+00:00,0,0.0,9,2,12,0
2020-12-30 10:00:00+00:00,0,0.0,10,2,12,0
2020-12-30 11:00:00+00:00,0,0.0,11,2,12,0
2020-12-30 12:00:00+00:00,0,0.0,12,2,12,0
2020-12-30 13:00:00+00:00,0,0.0,13,2,12,0
2020-12-30 14:00:00+00:00,0,0.0,14,2,12,0
2020-12-30 15:00:00+00:00,0,0.0,15,2,12,0
2020-12-30 16:00:00+00:00,0,0.0,16,2,12,0
2020-12-30 17:00:00+00:00,0,0.0,17,2,12,0
2020-12-30 18:00:00+00:00,1,29.623,18,2,12,0
2020-12-30 19:00:00+00:00,1,3.068,19,2,12,0
2020-12-30 20:00:00+00:00,0,0.0,20,2,12,0
2020-12-30 21:00:00+00:00,0,0.0,21,2,12,0
2020-12-30 22:00:00+00:00,1,6.331,22,2,12,0
2020-12-30 23:00:00+00:00,1,2.244,23,2,12,0
2020-12-31 00:00:00+00:00,0,0.0,0,3,12,0
2020-12-31 01:00:00+00:00,0,0.0,1,3,12,0
2020-12-31 02:00:00+00:00,0,0.0,2,3,12,0
2020-12-31 03:00:00+00:00,0,0.0,3,3,12,0
2020-12-31 04:00:00+00:00,0,0.0,4,3,12,0
2020-12-31 05:00:00+00:00,0,0.0,5,3,12,0
2020-12-31 06:00:00+00:00,0,0.0,6,3,12,0
2020-12-31 07:00:00+00:00,0,0.0,7,3,12,0
2020-12-31 08:00:00+00:00,0,0.0,8,3,12,0
2020-12-31 09:00:00+00:00,0,0.0,9,3,12,0
2020-12-31 10:00:00+00:00,0,0.0,10,3,12,0
2020-12-31 11:00:00+00:00,0,0.0,11,3,12,0
2020-12-31 12:00:00+00:00,0,0.0,12,3,12,0
2020-12-31 13:00:00+00:00,0,0.0,13,3,12,0
2020-12-31 14:00:00+00:00,0,0.0,14,3,12,0
2020-12-31 15:00:00+00:00,0,0.0,15,3,12,0
2020-12-31 16:00:00+00:00,2,30.192,16,3,12,0
2020-12-31 17:00:00+00:00,1,20.526,17,3,12,0
2020-12-31 18:00:00+00:00,0,0.0,18,3,12,0
2020-12-31 19:00:00+00:00,0,0.0,19,3,12,0
2020-12-31 20:00:00+00:00,0,0.0,20,3,12,0
2020-12-31 21:00:00+00:00,1,9.895,21,3,12,0
2020-12-31 22:00:00+00:00,1,24.639,22,3,12,0
2020-12-31 23:00:00+00:00,1,53.058,23,3,12,0
2021-01-01 00:00:00+00:00,0,0.0,0,4,1,0
2021-01-01 01:00:00+00:00,2,14.214,1,4,1,0
2021-01-01 02:00:00+00:00,1,2.138,2,4,1,0
2021-01-01 03:00:00+00:00,0,0.0,3,4,1,0
2021-01-01 04:00:00+00:00,0,0.0,4,4,1,0
2021-01-01 05:00:00+00:00,1,56.677,5,4,1,0
2021-01-01 06:00:00+00:00,0,0.0,6,4,1,0
2021-01-01 07:00:00+00:00,0,0.0,7,4,1,0
2021-01-01 08:00:00+00:00,0,0.0,8,4,1,0
2021-01-01 09:00:00+00:00,0,0.0,9,4,1,0
2021-01-01 10:00:00+00:00,0,0.0,10,4,1,0
2021-01-01 11:00:00+00:00,0,0.0,11,4,1,0
2021-01-01 12:00:00+00:00,0,0.0,12,4,1,0
2021-01-01 13:00:00+00:00,0,0.0,13,4,1,0
2021-01-01 14:00:00+00:00,0,0.0,14,4,1,0
2021-01-01 15:00:00+00:00,0,0.0,15,4,1,0
2021-01-01 16:00:00+00:00,1,6.553,16,4,1,0
2021-01-01 17:00:00+00:00,0,0.0,17,4,1,0
2021-01-01 18:00:00+00:00,0,0.0,18,4,1,0
2021-01-01 19:00:00+00:00,0,0.0,19,4,1,0
2021-01-01 20:00:00+00:00,0,0.0,20,4,1,0
2021-01-01 21:00:00+00:00,0,0.0,21,4,1,0
2021-01-01 22:00:00+00:00,2,38.824,22,4,1,0
2021-01-01 23:00:00+00:00,0,0.0,23,4,1,0
2021-01-02 00:00:00+00:00,0,0.0,0,5,1,1
2021-01-02 01:00:00+00:00,1,2.203,1,5,1,1
2021-01-02 02:00:00+00:00,2,19.473,2,5,1,1
2021-01-02 03:00:00+00:00,0,0.0,3,5,1,1
2021-01-02 04:00:00+00:00,1,31.138,4,5,1,1
2021-01-02 05:00:00+00:00,0,0.0,5,5,1,1
2021-01-02 06:00:00+00:00,0,0.0,6,5,1,1
2021-01-02 07:00:00+00:00,0,0.0,7,5,1,1
2021-01-02 08:00:00+00:00,0,0.0,8,5,1,1
2021-01-02 09:00:00+00:00,0,0.0,9,5,1,1
2021-01-02 10:00:00+00:00,0,0.0,10,5,1,1
2021-01-02 11:00:00+00:00,0,0.0,11,5,1,1
2021-01-02 12:00:00+00:00,0,0.0,12,5,1,1
2021-01-02 13:00:00+00:00,0,0.0,13,5,1,1
2021-01-02 14:00:00+00:00,0,0.0,14,5,1,1
2021-01-02 15:00:00+00:00,1,12.768,15,5,1,1
2021-01-02 16:00:00+00:00,0,0.0,16,5,1,1
2021-01-02 17:00:00+00:00,0,0.0,17,5,1,1
2021-01-02 18:00:00+00:00,0,0.0,18,5,1,1
2021-01-02 19:00:00+00:00,1,16.573,19,5,1,1
2021-01-02 20:00:00+00:00,2,34.714999999999996,20,5,1,1
2021-01-02 21:00:00+00:00,0,0.0,21,5,1,1
2021-01-02 22:00:00+00:00,0,0.0,22,5,1,1
2021-01-02 23:00:00+00:00,0,0.0,23,5,1,1
2021-01-03 00:00:00+00:00,0,0.0,0,6,1,1
2021-01-03 01:00:00+00:00,1,29.968,1,6,1,1
2021-01-03 02:00:00+00:00,0,0.0,2,6,1,1
2021-01-03 03:00:00+00:00,1,2.151,3,6,1,1
2021-01-03 04:00:00+00:00,0,0.0,4,6,1,1
2021-01-03 05:00:00+00:00,0,0.0,5,6,1,1
2021-01-03 06:00:00+00:00,1,13.162,6,6,1,1
2021-01-03 07:00:00+00:00,0,0.0,7,6,1,1
2021-01-03 08:00:00+00:00,0,0.0,8,6,1,1
2021-01-03 09:00:00+00:00,0,0.0,9,6,1,1
2021-01-03 10:00:00+00:00,0,0.0,10,6,1,1
2021-01-03 11:00:00+00:00,0,0.0,11,6,1,1
2021-01-03 12:00:00+00:00,0,0.0,12,6,1,1
2021-01-03 13:00:00+00:00,0,0.0,13,6,1,1
2021-01-03 14:00:00+00:00,0,0.0,14,6,1,1
2021-01-03 15:00:00+00:00,0,0.0,15,6,1,1
2021-01-03 16:00:00+00:00,0,0.0,16,6,1,1
2021-01-03 17:00:00+00:00,0,0.0,17,6,1,1
2021-01-03 18:00:00+00:00,1,27.187,18,6,1,1
2021-01-03 19:00:00+00:00,0,0.0,19,6,1,1
2021-01-03 20:00:00+00:00,0,0.0,20,6,1,1
2021-01-03 21:00:00+00:00,0,0.0,21,6,1,1
2021-01-03 22:00:00+00:00,2,18.169,22,6,1,1
2021-01-03 23:00:00+00:00,0,0.0,23,6,1,1
2021-01-04 00:00:00+00:00,0,0.0,0,0,1,0
2021-01-04 01:00:00+00:00,1,2.373,1,0,1,0
2021-01-04 02:00:00+00:00,0,0.0,2,0,1,0
2021-01-04 03:00:00+00:00,1,37.012,3,0,1,0
2021-01-04 04:00:00+00:00,0,0.0,4,0,1,0
2021-01-04 05:00:00+00:00,0,0.0,5,0,1,0
2021-01-04 06:00:00+00:00,0,0.0,6,0,1,0
2021-01-04 07:00:00+00:00,0,0.0,7,0,1,0
2021-01-04 08:00:00+00:00,0,0.0,8,0,1,0
2021-01-04 09:00:00+00:00,0,0.0,9,0,1,0
2021-01-04 10:00:00+00:00,0,0.0,10,0,1,0
2021-01-04 11:00:00+00:00,0,0.0,11,0,1,0
2021-01-04 12:00:00+00:00,0,0.0,12,0,1,0
2021-01-04 13:00:00+00:00,0,0.0,13,0,1,0
2021-01-04 14:00:00+00:00,0,0.0,14,0,1,0
2021-01-04 15:00:00+00:00,0,0.0,15,0,1,0
2021-01-04 16:00:00+00:00,0,0.0,16,0,1,0
2021-01-04 17:00:00+00:00,0,0.0,17,0,1,0
2021-01-04 18:00:00+00:00,0,0.0,18,0,1,0
2021-01-04 19:00:00+00:00,0,0.0,19,0,1,0
2021-01-04 20:00:00+00:00,2,35.929,20,0,1,0
2021-01-04 21:00:00+00:00,1,8.859,21,0,1,0
2021-01-04 22:00:00+00:00,0,0.0,22,0,1,0
2021-01-04 23:00:00+00:00,0,0.0,23,0,1,0
2021-01-05 00:00:00+00:00,1,17.519,0,1,1,0
2021-01-05 01:00:00+00:00,0,0.0,1,1,1,0
2021-01-05 02:00:00+00:00,0,0.0,2,1,1,0
2021-01-05 03:00:00+00:00,0,0.0,3,1,1,0
2021-01-05 04:00:00+00:00,0,0.0,4,1,1,0
2021-01-05 05:00:00+00:00,0,0.0,5,1,1,0
2021-01-05 06:00:00+00:00,0,0.0,6,1,1,0
2021-01-05 07:00:00+00:00,0,0.0,7,1,1,0
2021-01-05 08:00:00+00:00,0,0.0,8,1,1,0
2021-01-05 09:00:00+00:00,0,0.0,9,1,1,0
2021-01-05 10:00:00+00:00,0,0.0,10,1,1,0
2021-01-05 11:00:00+00:00,0,0.0,11,1,1,0
2021-01-05 12:00:00+00:00,0,0.0,12,1,1,0
2021-01-05 13:00:00+00:00,0,0.0,13,1,1,0
2021-01-05 14:00:00+00:00,0,0.0,14,1,1,0
2021-01-05 15:00:00+00:00,0,0.0,15,1,1,0
2021-01-05 16:00:00+00:00,0,0.0,16,1,1,0
2021-01-05 17:00:00+00:00,1,12.576,17,1,1,0
2021-01-05 18:00:00+00:00,1,2.155,18,1,1,0
2021-01-05 19:00:00+00:00,0,0.0,19,1,1,0
2021-01-05 20:00:00+00:00,0,0.0,20,1,1,0
2021-01-05 21:00:00+00:00,2,14.768,21,1,1,0
2021-01-05 22:00:00+00:00,0,0.0,22,1,1,0
2021-01-05 23:00:00+00:00,1,1.874,23,1,1,0
2021-01-06 00:00:00+00:00,0,0.0,0,2,1,0
2021-01-06 01:00:00+00:00,0,0.0,1,2,1,0
2021-01-06 02:00:00+00:00,0,0.0,2,2,1,0
2021-01-06 03:00:00+00:00,0,0.0,3,2,1,0
2021-01-06 04:00:00+00:00,0,0.0,4,2,1,0
2021-01-06 05:00:00+00:00,0,0.0,5,2,1,0
2021-01-06 06:00:00+00:00,1,5.302,6,2,1,0
2021-01-06 07:00:00+00:00,0,0.0,7,2,1,0
2021-01-06 08:00:00+00:00,0,0.0,8,2,1,0
2021-01-06 09:00:00+00:00,0,0.0,9,2,1,0
2021-01-06 10:00:00+00:00,0,0.0,10,2,1,0
2021-01-06 11:00:00+00:00,0,0.0,11,2,1,0
2021-01-06 12:00:00+00:00,0,0.0,12,2,1,0
2021-01-06 13:00:00+00:00,0,0.0,13,2,1,0
2021-01-06 14:00:00+00:00,0,0.0,14,2,1,0
2021-01-06 15:00:00+00:00,1,27.838,15,2,1,0
2021-01-06 16:00:00+00:00,1,16.883,16,2,1,0
2021-01-06 17:00:00+00:00,0,0.0,17,2,1,0
2021-01-06 18:00:00+00:00,1,6.271,18,2,1,0
2021-01-06 19:00:00+00:00,0,0.0,19,2,1,0
2021-01-06 20:00:00+00:00,1,2.645,20,2,1,0
2021-01-06 21:00:00+00:00,1,2.091,21,2,1,0
2021-01-06 22:00:00+00:00,0,0.0,22,2,1,0
2021-01-06 23:00:00+00:00,1,10.198,23,2,1,0
2021-01-07 00:00:00+00:00,0,0.0,0,3,1,0
2021-01-07 01:00:00+00:00,0,0.0,1,3,1,0
2021-01-07 02:00:00+00:00,1,20.589,2,3,1,0
2021-01-07 03:00:00+00:00,0,0.0,3,3,1,0
2021-01-07 04:00:00+00:00,0,0.0,4,3,1,0
2021-01-07 05:00:00+00:00,0,0.0,5,3,1,0
2021-01-07 06:00:00+00:00,0,0.0,6,3,1,0
2021-01-07 07:00:00+00:00,0,0.0,7,3,1,0
2021-01-07 08:00:00+00:00,0,0.0,8,3,1,0
2021-01-07 09:00:00+00:00,0,0.0,9,3,1,0
2021-01-07 10:00:00+00:00,0,0.0,10,3,1,0
2021-01-07 11:00:00+00:00,0,0.0,11,3,1,0
2021-01-07 12:00:00+00:00,0,0.0,12,3,1,0
2021-01-07 13:00:00+00:00,0,0.0,13,3,1,0
2021-01-07 14:00:00+00:00,0,0.0,14,3,1,0
2021-01-07 15:00:00+00:00,0,0.0,15,3,1,0
2021-01-07 16:00:00+00:00,0,0.0,16,3,1,0
2021-01-07 17:00:00+00:00,1,6.362,17,3,1,0
2021-01-07 18:00:00+00:00,0,0.0,18,3,1,0
2021-01-07 19:00:00+00:00,0,0.0,19,3,1,0
2021-01-07 20:00:00+00:00,0,0.0,20,3,1,0
2021-01-07 21:00:00+00:00,1,1.264,21,3,1,0
2021-01-07 22:00:00+00:00,1,2.102,22,3,1,0
2021-01-07 23:00:00+00:00,0,0.0,23,3,1,0
2021-01-08 00:00:00+00:00,0,0.0,0,4,1,0
2021-01-08 01:00:00+00:00,1,13.479,1,4,1,0
2021-01-08 02:00:00+00:00,1,8.138,2,4,1,0
2021-01-08 03:00:00+00:00,0,0.0,3,4,1,0
2021-01-08 04:00:00+00:00,0,0.0,4,4,1,0
2021-01-08 05:00:00+00:00,0,0.0,5,4,1,0
2021-01-08 06:00:00+00:00,0,0.0,6,4,1,0
2021-01-08 07:00:00+00:00,0,0.0,7,4,1,0
2021-01-08 08:00:00+00:00,0,0.0,8,4,1,0
2021-01-08 09:00:00+00:00,0,0.0,9,4,1,0
2021-01-08 10:00:00+00:00,0,0.0,10,4,1,0
2021-01-08 11:00:00+00:00,0,0.0,11,4,1,0
2021-01-08 12:00:00+00:00,0,0.0,12,4,1,0
2021-01-08 13:00:00+00:00,0,0.0,13,4,1,0
2021-01-08 14:00:00+00:00,0,0.0,14,4,1,0
2021-01-08 15:00:00+00:00,0,0.0,15,4,1,0
2021-01-08 16:00:00+00:00,0,0.0,16,4,1,0
2021-01-08 17:00:00+00:00,0,0.0,17,4,1,0
2021-01-08 18:00:00+00:00,0,0.0,18,4,1,0
2021-01-08 19:00:00+00:00,0,0.0,19,4,1,0
2021-01-08 20:00:00+00:00,1,3.348,20,4,1,0
2021-01-08 21:00:00+00:00,0,0.0,21,4,1,0
2021-01-08 22:00:00+00:00,1,2.17,22,4,1,0
2021-01-08 23:00:00+00:00,1,13.497,23,4,1,0
2021-01-09 00:00:00+00:00,0,0.0,0,5,1,1
2021-01-09 01:00:00+00:00,0,0.0,1,5,1,1
2021-01-09 02:00:00+00:00,0,0.0,2,5,1,1
2021-01-09 03:00:00+00:00,0,0.0,3,5,1,1
2021-01-09 04:00:00+00:00,0,0.0,4,5,1,1
2021-01-09 05:00:00+00:00,0,0.0,5,5,1,1
2021-01-09 06:00:00+00:00,1,40.83,6,5,1,1
2021-01-09 07:00:00+00:00,0,0.0,7,5,1,1
2021-01-09 08:00:00+00:00,0,0.0,8,5,1,1
2021-01-09 09:00:00+00:00,0,0.0,9,5,1,1
2021-01-09 10:00:00+00:00,0,0.0,10,5,1,1
2021-01-09 11:00:00+00:00,0,0.0,11,5,1,1
2021-01-09 12:00:00+00:00,0,0.0,12,5,1,1
2021-01-09 13:00:00+00:00,0,0.0,13,5,1,1
2021-01-09 14:00:00+00:00,0,0.0,14,5,1,1
2021-01-09 15:00:00+00:00,1,34.793,15,5,1,1
2021-01-09 16:00:00+00:00,0,0.0,16,5,1,1
2021-01-09 17:00:00+00:00,0,0.0,17,5,1,1
2021-01-09 18:00:00+00:00,0,0.0,18,5,1,1
2021-01-09 19:00:00+00:00,0,0.0,19,5,1,1
2021-01-09 20:00:00+00:00,1,23.645,20,5,1,1
2021-01-09 21:00:00+00:00,0,0.0,21,5,1,1
2021-01-09 22:00:00+00:00,1,14.239,22,5,1,1
2021-01-09 23:00:00+00:00,1,17.808,23,5,1,1
2021-01-10 00:00:00+00:00,1,17.052,0,6,1,1
2021-01-10 01:00:00+00:00,0,0.0,1,6,1,1
2021-01-10 02:00:00+00:00,1,2.428,2,6,1,1
2021-01-10 03:00:00+00:00,1,1.845,3,6,1,1
2021-01-10 04:00:00+00:00,1,11.401,4,6,1,1
2021-01-10 05:00:00+00:00,0,0.0,5,6,1,1
2021-01-10 06:00:00+00:00,0,0.0,6,6,1,1
2021-01-10 07:00:00+00:00,0,0.0,7,6,1,1
2021-01-10 08:00:00+00:00,0,0.0,8,6,1,1
2021-01-10 09:00:00+00:00,0,0.0,9,6,1,1
2021-01-10 10:00:00+00:00,0,0.0,10,6,1,1
2021-01-10 11:00:00+00:00,0,0.0,11,6,1,1
2021-01-10 12:00:00+00:00,0,0.0,12,6,1,1
2021-01-10 13:00:00+00:00,0,0.0,13,6,1,1
2021-01-10 14:00:00+00:00,0,0.0,14,6,1,1
2021-01-10 15:00:00+00:00,0,0.0,15,6,1,1
2021-01-10 16:00:00+00:00,0,0.0,16,6,1,1
2021-01-10 17:00:00+00:00,0,0.0,17,6,1,1
2021-01-10 18:00:00+00:00,3,45.758,18,6,1,1
2021-01-10 19:00:00+00:00,0,0.0,19,6,1,1
2021-01-10 20:00:00+00:00,0,0.0,20,6,1,1
2021-01-10 21:00:00+00:00,0,0.0,21,6,1,1
2021-01-10 22:00:00+00:00,0,0.0,22,6,1,1
2021-01-10 23:00:00+00:00,0,0.0,23,6,1,1
2021-01-11 00:00:00+00:00,1,1.407,0,0,1,0
2021-01-11 01:00:00+00:00,1,2.188,1,0,1,0
2021-01-11 02:00:00+00:00,0,0.0,2,0,1,0
2021-01-11 03:00:00+00:00,0,0.0,3,0,1,0
2021-01-11 04:00:00+00:00,0,0.0,4,0,1,0
2021-01-11 05:00:00+00:00,0,0.0,5,0,1,0
2021-01-11 06:00:00+00:00,0,0.0,6,0,1,0
2021-01-11 07:00:00+00:00,0,0.0,7,0,1,0
2021-01-11 08:00:00+00:00,0,0.0,8,0,1,0
2021-01-11 09:00:00+00:00,0,0.0,9,0,1,0
2021-01-11 10:00:00+00:00,0,0.0,10,0,1,0
2021-01-11 11:00:00+00:00,0,0.0,11,0,1,0
2021-01-11 12:00:00+00:00,0,0.0,12,0,1,0
2021-01-11 13:00:00+00:00,0,0.0,13,0,1,0
2021-01-11 14:00:00+00:00,1,29.234,14,0,1,0
2021-01-11 15:00:00+00:00,0,0.0,15,0,1,0
2021-01-11 16:00:00+00:00,1,9.607,16,0,1,0
2021-01-11 17:00:00+00:00,1,27.237,17,0,1,0
2021-01-11 18:00:00+00:00,0,0.0,18,0,1,0
2021-01-11 19:00:00+00:00,1,6.25,19,0,1,0
2021-01-11 20:00:00+00:00,1,1.648,20,0,1,0
2021-01-11 21:00:00+00:00,1,1.885,21,0,1,0
2021-01-11 22:00:00+00:00,1,0.711,22,0,1,0
2021-01-11 23:00:00+00:00,0,0.0,23,0,1,0
2021-01-12 00:00:00+00:00,0,0.0,0,1,1,0
2021-01-12 01:00:00+00:00,2,22.41,1,1,1,0
2021-01-12 02:00:00+00:00,0,0.0,2,1,1,0
2021-01-12 03:00:00+00:00,0,0.0,3,1,1,0
2021-01-12 04:00:00+00:00,1,43.732,4,1,1,0
2021-01-12 05:00:00+00:00,0,0.0,5,1,1,0
2021-01-12 06:00:00+00:00,0,0.0,6,1,1,0
2021-01-12 07:00:00+00:00,0,0.0,7,1,1,0
2021-01-12 08:00:00+00:00,0,0.0,8,1,1,0
2021-01-12 09:00:00+00:00,0,0.0,9,1,1,0
2021-01-12 10:00:00+00:00,0,0.0,10,1,1,0
2021-01-12 11:00:00+00:00,0,0.0,11,1,1,0
2021-01-12 12:00:00+00:00,0,0.0,12,1,1,0
2021-01-12 13:00:00+00:00,0,0.0,13,1,1,0
2021-01-12 14:00:00+00:00,0,0.0,14,1,1,0
2021-01-12 15:00:00+00:00,0,0.0,15,1,1,0
2021-01-12 16:00:00+00:00,0,0.0,16,1,1,0
2021-01-12 17:00:00+00:00,0,0.0,17,1,1,0
2021-01-12 18:00:00+00:00,1,7.339,18,1,1,0
2021-01-12 19:00:00+00:00,1,8.464,19,1,1,0
2021-01-12 20:00:00+00:00,1,16.485,20,1,1,0
2021-01-12 21:00:00+00:00,0,0.0,21,1,1,0
2021-01-12 22:00:00+00:00,2,23.402,22,1,1,0
2021-01-12 23:00:00+00:00,1,26.798,23,1,1,0
2021-01-13 00:00:00+00:00,1,9.019,0,2,1,0
2021-01-13 01:00:00+00:00,1,21.262,1,2,1,0
2021-01-13 02:00:00+00:00,0,0.0,2,2,1,0
2021-01-13 03:00:00+00:00,0,0.0,3,2,1,0
2021-01-13 04:00:00+00:00,0,0.0,4,2,1,0
2021-01-13 05:00:00+00:00,1,16.022,5,2,1,0
2021-01-13 06:00:00+00:00,0,0.0,6,2,1,0
2021-01-13 07:00:00+00:00,0,0.0,7,2,1,0
2021-01-13 08:00:00+00:00,0,0.0,8,2,1,0
2021-01-13 09:00:00+00:00,0,0.0,9,2,1,0
2021-01-13 10:00:00+00:00,0,0.0,10,2,1,0
2021-01-13 11:00:00+00:00,0,0.0,11,2,1,0
2021-01-13 12:00:00+00:00,0,0.0,12,2,1,0
2021-01-13 13:00:00+00:00,0,0.0,13,2,1,0
2021-01-13 14:00:00+00:00,0,0.0,14,2,1,0
2021-01-13 15:00:00+00:00,1,19.79,15,2,1,0
2021-01-13 16:00:00+00:00,0,0.0,16,2,1,0
2021-01-13 17:00:00+00:00,0,0.0,17,2,1,0
2021-01-13 18:00:00+00:00,0,0.0,18,2,1,0
2021-01-13 19:00:00+00:00,0,0.0,19,2,1,0
2021-01-13 20:00:00+00:00,1,0.988,20,2,1,0
2021-01-13 21:00:00+00:00,1,2.212,21,2,1,0
2021-01-13 22:00:00+00:00,0,0.0,22,2,1,0
2021-01-13 23:00:00+00:00,0,0.0,23,2,1,0
2021-01-14 00:00:00+00:00,1,2.321,0,3,1,0
2021-01-14 01:00:00+00:00,0,0.0,1,3,1,0
2021-01-14 02:00:00+00:00,0,0.0,2,3,1,0
2021-01-14 03:00:00+00:00,0,0.0,3,3,1,0
2021-01-14 04:00:00+00:00,0,0.0,4,3,1,0
2021-01-14 05:00:00+00:00,0,0.0,5,3,1,0
2021-01-14 06:00:00+00:00,0,0.0,6,3,1,0
2021-01-14 07:00:00+00:00,0,0.0,7,3,1,0
2021-01-14 08:00:00+00:00,0,0.0,8,3,1,0
2021-01-14 09:00:00+00:00,0,0.0,9,3,1,0
2021-01-14 10:00:00+00:00,0,0.0,10,3,1,0
2021-01-14 11:00:00+00:00,0,0.0,11,3,1,0
2021-01-14 12:00:00+00:00,0,0.0,12,3,1,0
2021-01-14 13:00:00+00:00,0,0.0,13,3,1,0
2021-01-14 14:00:00+00:00,0,0.0,14,3,1,0
2021-01-14 15:00:00+00:00,1,13.712,15,3,1,0
2021-01-14 16:00:00+00:00,1,5.507,16,3,1,0
2021-01-14 17:00:00+00:00,0,0.0,17,3,1,0
2021-01-14 18:00:00+00:00,0,0.0,18,3,1,0
2021-01-14 19:00:00+00:00,0,0.0,19,3,1,0
2021-01-14 20:00:00+00:00,0,0.0,20,3,1,0
2021-01-14 21:00:00+00:00,2,6.911,21,3,1,0
2021-01-14 22:00:00+00:00,1,2.093,22,3,1,0
2021-01-14 23:00:00+00:00,0,0.0,23,3,1,0
2021-01-15 00:00:00+00:00,1,5.547,0,4,1,0
2021-01-15 01:00:00+00:00,0,0.0,1,4,1,0
2021-01-15 02:00:00+00:00,0,0.0,2,4,1,0
2021-01-15 03:00:00+00:00,0,0.0,3,4,1,0
2021-01-15 04:00:00+00:00,0,0.0,4,4,1,0
2021-01-15 05:00:00+00:00,0,0.0,5,4,1,0
2021-01-15 06:00:00+00:00,0,0.0,6,4,1,0
2021-01-15 07:00:00+00:00,0,0.0,7,4,1,0
2021-01-15 08:00:00+00:00,0,0.0,8,4,1,0
2021-01-15 09:00:00+00:00,0,0.0,9,4,1,0
2021-01-15 10:00:00+00:00,0,0.0,10,4,1,0
2021-01-15 11:00:00+00:00,0,0.0,11,4,1,0
2021-01-15 12:00:00+00:00,0,0.0,12,4,1,0
2021-01-15 13:00:00+00:00,0,0.0,13,4,1,0
2021-01-15 14:00:00+00:00,0,0.0,14,4,1,0
2021-01-15 15:00:00+00:00,0,0.0,15,4,1,0
2021-01-15 16:00:00+00:00,1,35.863,16,4,1,0
2021-01-15 17:00:00+00:00,0,0.0,17,4,1,0
2021-01-15 18:00:00+00:00,1,31.093,18,4,1,0
2021-01-15 19:00:00+00:00,1,5.349,19,4,1,0
2021-01-15 20:00:00+00:00,0,0.0,20,4,1,0
2021-01-15 21:00:00+00:00,0,0.0,21,4,1,0
2021-01-15 22:00:00+00:00,0,0.0,22,4,1,0
2021-01-15 23:00:00+00:00,2,38.163,23,4,1,0
2021-01-16 00:00:00+00:00,1,2.013,0,5,1,1
2021-01-16 01:00:00+00:00,0,0.0,1,5,1,1
2021-01-16 02:00:00+00:00,0,0.0,2,5,1,1
2021-01-16 03:00:00+00:00,0,0.0,3,5,1,1
2021-01-16 04:00:00+00:00,0,0.0,4,5,1,1
2021-01-16 05:00:00+00:00,0,0.0,5,5,1,1
2021-01-16 06:00:00+00:00,0,0.0,6,5,1,1
2021-01-16 07:00:00+00:00,0,0.0,7,5,1,1
2021-01-16 08:00:00+00:00,0,0.0,8,5,1,1
2021-01-16 09:00:00+00:00,0,0.0,9,5,1,1
2021-01-16 10:00:00+00:00,0,0.0,10,5,1,1
2021-01-16 11:00:00+00:00,0,0.0,11,5,1,1
2021-01-16 12:00:00+00:00,0,0.0,12,5,1,1
2021-01-16 13:00:00+00:00,0,0.0,13,5,1,1
2021-01-16 14:00:00+00:00,0,0.0,14,5,1,1
2021-01-16 15:00:00+00:00,0,0.0,15,5,1,1
2021-01-16 16:00:00+00:00,0,0.0,16,5,1,1
2021-01-16 17:00:00+00:00,0,0.0,17,5,1,1
2021-01-16 18:00:00+00:00,0,0.0,18,5,1,1
2021-01-16 19:00:00+00:00,0,0.0,19,5,1,1
2021-01-16 20:00:00+00:00,1,9.061,20,5,1,1
2021-01-16 21:00:00+00:00,0,0.0,21,5,1,1
2021-01-16 22:00:00+00:00,1,2.0,22,5,1,1
2021-01-16 23:00:00+00:00,0,0.0,23,5,1,1
2021-01-17 00:00:00+00:00,0,0.0,0,6,1,1
2021-01-17 01:00:00+00:00,1,14.497,1,6,1,1
2021-01-17 02:00:00+00:00,0,0.0,2,6,1,1
2021-01-17 03:00:00+00:00,1,31.159,3,6,1,1
2021-01-17 04:00:00+00:00,1,11.363,4,6,1,1
2021-01-17 05:00:00+00:00,0,0.0,5,6,1,1
2021-01-17 06:00:00+00:00,1,7.941,6,6,1,1
2021-01-17 07:00:00+00:00,0,0.0,7,6,1,1
2021-01-17 08:00:00+00:00,0,0.0,8,6,1,1
2021-01-17 09:00:00+00:00,0,0.0,9,6,1,1
2021-01-17 10:00:00+00:00,0,0.0,10,6,1,1
2021-01-17 11:00:00+00:00,0,0.0,11,6,1,1
2021-01-17 12:00:00+00:00,0,0.0,12,6,1,1
2021-01-17 13:00:00+00:00,0,0.0,13,6,1,1
2021-01-17 14:00:00+00:00,0,0.0,14,6,1,1
2021-01-17 15:00:00+00:00,0,0.0,15,6,1,1
2021-01-17 16:00:00+00:00,1,26.836,16,6,1,1
2021-01-17 17:00:00+00:00,0,0.0,17,6,1,1
2021-01-17 18:00:00+00:00,0,0.0,18,6,1,1
2021-01-17 19:00:00+00:00,0,0.0,19,6,1,1
2021-01-17 20:00:00+00:00,0,0.0,20,6,1,1
2021-01-17 21:00:00+00:00,0,0.0,21,6,1,1
2021-01-17 22:00:00+00:00,0,0.0,22,6,1,1
2021-01-17 23:00:00+00:00,1,29.473,23,6,1,1
2021-01-18 00:00:00+00:00,0,0.0,0,0,1,0
2021-01-18 01:00:00+00:00,0,0.0,1,0,1,0
2021-01-18 02:00:00+00:00,0,0.0,2,0,1,0
2021-01-18 03:00:00+00:00,1,15.928,3,0,1,0
2021-01-18 04:00:00+00:00,0,0.0,4,0,1,0
2021-01-18 05:00:00+00:00,0,0.0,5,0,1,0
2021-01-18 06:00:00+00:00,0,0.0,6,0,1,0
2021-01-18 07:00:00+00:00,0,0.0,7,0,1,0
2021-01-18 08:00:00+00:00,1,15.596,8,0,1,0
2021-01-18 09:00:00+00:00,0,0.0,9,0,1,0
2021-01-18 10:00:00+00:00,0,0.0,10,0,1,0
2021-01-18 11:00:00+00:00,0,0.0,11,0,1,0
2021-01-18 12:00:00+00:00,0,0.0,12,0,1,0
2021-01-18 13:00:00+00:00,0,0.0,13,0,1,0
2021-01-18 14:00:00+00:00,0,0.0,14,0,1,0
2021-01-18 15:00:00+00:00,0,0.0,15,0,1,0
2021-01-18 16:00:00+00:00,0,0.0,16,0,1,0
2021-01-18 17:00:00+00:00,0,0.0,17,0,1,0
2021-01-18 18:00:00+00:00,1,12.118,18,0,1,0
2021-01-18 19:00:00+00:00,0,0.0,19,0,1,0
2021-01-18 20:00:00+00:00,0,0.0,20,0,1,0
2021-01-18 21:00:00+00:00,0,0.0,21,0,1,0
2021-01-18 22:00:00+00:00,0,0.0,22,0,1,0
2021-01-18 23:00:00+00:00,0,0.0,23,0,1,0
2021-01-19 00:00:00+00:00,1,1.496,0,1,1,0
2021-01-19 01:00:00+00:00,0,0.0,1,1,1,0
2021-01-19 02:00:00+00:00,1,2.159,2,1,1,0
2021-01-19 03:00:00+00:00,1,26.651,3,1,1,0
2021-01-19 04:00:00+00:00,0,0.0,4,1,1,0
2021-01-19 05:00:00+00:00,0,0.0,5,1,1,0
2021-01-19 06:00:00+00:00,0,0.0,6,1,1,0
2021-01-19 07:00:00+00:00,1,37.608,7,1,1,0
2021-01-19 08:00:00+00:00,0,0.0,8,1,1,0
2021-01-19 09:00:00+00:00,0,0.0,9,1,1,0
2021-01-19 10:00:00+00:00,0,0.0,10,1,1,0
2021-01-19 11:00:00+00:00,0,0.0,11,1,1,0
2021-01-19 12:00:00+00:00,0,0.0,12,1,1,0
2021-01-19 13:00:00+00:00,0,0.0,13,1,1,0
2021-01-19 14:00:00+00:00,0,0.0,14,1,1,0
2021-01-19 15:00:00+00:00,0,0.0,15,1,1,0
2021-01-19 16:00:00+00:00,0,0.0,16,1,1,0
2021-01-19 17:00:00+00:00,2,38.711000000000006,17,1,1,0
2021-01-19 18:00:00+00:00,1,6.277,18,1,1,0
2021-01-19 19:00:00+00:00,0,0.0,19,1,1,0
2021-01-19 20:00:00+00:00,0,0.0,20,1,1,0
2021-01-19 21:00:00+00:00,1,12.038,21,1,1,0
2021-01-19 22:00:00+00:00,1,2.146,22,1,1,0
2021-01-19 23:00:00+00:00,1,12.843,23,1,1,0
2021-01-20 00:00:00+00:00,0,0.0,0,2,1,0
2021-01-20 01:00:00+00:00,1,13.288,1,2,1,0
2021-01-20 02:00:00+00:00,1,21.001,2,2,1,0
2021-01-20 03:00:00+00:00,0,0.0,3,2,1,0
2021-01-20 04:00:00+00:00,0,0.0,4,2,1,0
2021-01-20 05:00:00+00:00,0,0.0,5,2,1,0
2021-01-20 06:00:00+00:00,0,0.0,6,2,1,0
2021-01-20 07:00:00+00:00,0,0.0,7,2,1,0
2021-01-20 08:00:00+00:00,0,0.0,8,2,1,0
2021-01-20 09:00:00+00:00,0,0.0,9,2,1,0
2021-01-20 10:00:00+00:00,1,38.985,10,2,1,0
2021-01-20 11:00:00+00:00,0,0.0,11,2,1,0
2021-01-20 12:00:00+00:00,0,0.0,12,2,1,0
2021-01-20 13:00:00+00:00,0,0.0,13,2,1,0
2021-01-20 14:00:00+00:00,0,0.0,14,2,1,0
2021-01-20 15:00:00+00:00,0,0.0,15,2,1,0
2021-01-20 16:00:00+00:00,1,36.531,16,2,1,0
2021-01-20 17:00:00+00:00,1,2.921,17,2,1,0
2021-01-20 18:00:00+00:00,0,0.0,18,2,1,0
2021-01-20 19:00:00+00:00,1,12.603,19,2,1,0
2021-01-20 20:00:00+00:00,0,0.0,20,2,1,0
2021-01-20 21:00:00+00:00,1,2.74,21,2,1,0
2021-01-20 22:00:00+00:00,1,38.088,22,2,1,0
2021-01-20 23:00:00+00:00,1,2.399,23,2,1,0
2021-01-21 00:00:00+00:00,0,0.0,0,3,1,0
2021-01-21 01:00:00+00:00,0,0.0,1,3,1,0
2021-01-21 02:00:00+00:00,0,0.0,2,3,1,0
2021-01-21 03:00:00+00:00,1,6.012,3,3,1,0
2021-01-21 04:00:00+00:00,1,13.303,4,3,1,0
2021-01-21 05:00:00+00:00,0,0.0,5,3,1,0
2021-01-21 06:00:00+00:00,0,0.0,6,3,1,0
2021-01-21 07:00:00+00:00,0,0.0,7,3,1,0
2021-01-21 08:00:00+00:00,0,0.0,8,3,1,0
2021-01-21 09:00:00+00:00,0,0.0,9,3,1,0
2021-01-21 10:00:00+00:00,0,0.0,10,3,1,0
2021-01-21 11:00:00+00:00,0,0.0,11,3,1,0
2021-01-21 12:00:00+00:00,0,0.0,12,3,1,0
2021-01-21 13:00:00+00:00,0,0.0,13,3,1,0
2021-01-21 14:00:00+00:00,0,0.0,14,3,1,0
2021-01-21 15:00:00+00:00,0,0.0,15,3,1,0
2021-01-21 16:00:00+00:00,0,0.0,16,3,1,0
2021-01-21 17:00:00+00:00,2,13.53,17,3,1,0
2021-01-21 18:00:00+00:00,0,0.0,18,3,1,0
2021-01-21 19:00:00+00:00,0,0.0,19,3,1,0
2021-01-21 20:00:00+00:00,0,0.0,20,3,1,0
2021-01-21 21:00:00+00:00,2,7.797000000000001,21,3,1,0
2021-01-21 22:00:00+00:00,0,0.0,22,3,1,0
2021-01-21 23:00:00+00:00,0,0.0,23,3,1,0
2021-01-22 00:00:00+00:00,0,0.0,0,4,1,0
2021-01-22 01:00:00+00:00,0,0.0,1,4,1,0
2021-01-22 02:00:00+00:00,0,0.0,2,4,1,0
2021-01-22 03:00:00+00:00,0,0.0,3,4,1,0
2021-01-22 04:00:00+00:00,0,0.0,4,4,1,0
2021-01-22 05:00:00+00:00,0,0.0,5,4,1,0
2021-01-22 06:00:00+00:00,0,0.0,6,4,1,0
2021-01-22 07:00:00+00:00,0,0.0,7,4,1,0
2021-01-22 08:00:00+00:00,0,0.0,8,4,1,0
2021-01-22 09:00:00+00:00,0,0.0,9,4,1,0
2021-01-22 10:00:00+00:00,0,0.0,10,4,1,0
2021-01-22 11:00:00+00:00,0,0.0,11,4,1,0
2021-01-22 12:00:00+00:00,0,0.0,12,4,1,0
2021-01-22 13:00:00+00:00,0,0.0,13,4,1,0
2021-01-22 14:00:00+00:00,0,0.0,14,4,1,0
2021-01-22 15:00:00+00:00,0,0.0,15,4,1,0
2021-01-22 16:00:00+00:00,0,0.0,16,4,1,0
2021-01-22 17:00:00+00:00,0,0.0,17,4,1,0
2021-01-22 18:00:00+00:00,0,0.0,18,4,1,0
2021-01-22 19:00:00+00:00,1,1.532,19,4,1,0
2021-01-22 20:00:00+00:00,2,12.952,20,4,1,0
2021-01-22 21:00:00+00:00,0,0.0,21,4,1,0
2021-01-22 22:00:00+00:00,0,0.0,22,4,1,0
2021-01-22 23:00:00+00:00,1,2.677,23,4,1,0
2021-01-23 00:00:00+00:00,0,0.0,0,5,1,1
2021-01-23 01:00:00+00:00,1,15.115,1,5,1,1
2021-01-23 02:00:00+00:00,1,2.537,2,5,1,1
2021-01-23 03:00:00+00:00,2,40.872,3,5,1,1
2021-01-23 04:00:00+00:00,0,0.0,4,5,1,1
2021-01-23 05:00:00+00:00,0,0.0,5,5,1,1
2021-01-23 06:00:00+00:00,0,0.0,6,5,1,1
2021-01-23 07:00:00+00:00,0,0.0,7,5,1,1
2021-01-23 08:00:00+00:00,0,0.0,8,5,1,1
2021-01-23 09:00:00+00:00,0,0.0,9,5,1,1
2021-01-23 10:00:00+00:00,0,0.0,10,5,1,1
2021-01-23 11:00:00+00:00,0,0.0,11,5,1,1
2021-01-23 12:00:00+00:00,0,0.0,12,5,1,1
2021-01-23 13:00:00+00:00,0,0.0,13,5,1,1
2021-01-23 14:00:00+00:00,0,0.0,14,5,1,1
2021-01-23 15:00:00+00:00,0,0.0,15,5,1,1
2021-01-23 16:00:00+00:00,0,0.0,16,5,1,1
2021-01-23 17:00:00+00:00,0,0.0,17,5,1,1
2021-01-23 18:00:00+00:00,0,0.0,18,5,1,1
2021-01-23 19:00:00+00:00,0,0.0,19,5,1,1
2021-01-23 20:00:00+00:00,0,0.0,20,5,1,1
2021-01-23 21:00:00+00:00,0,0.0,21,5,1,1
2021-01-23 22:00:00+00:00,0,0.0,22,5,1,1
2021-01-23 23:00:00+00:00,1,9.869,23,5,1,1
2021-01-24 00:00:00+00:00,0,0.0,0,6,1,1
2021-01-24 01:00:00+00:00,0,0.0,1,6,1,1
2021-01-24 02:00:00+00:00,0,0.0,2,6,1,1
2021-01-24 03:00:00+00:00,0,0.0,3,6,1,1
2021-01-24 04:00:00+00:00,0,0.0,4,6,1,1
2021-01-24 05:00:00+00:00,0,0.0,5,6,1,1
2021-01-24 06:00:00+00:00,0,0.0,6,6,1,1
2021-01-24 07:00:00+00:00,0,0.0,7,6,1,1
2021-01-24 08:00:00+00:00,0,0.0,8,6,1,1
2021-01-24 09:00:00+00:00,0,0.0,9,6,1,1
2021-01-24 10:00:00+00:00,0,0.0,10,6,1,1
2021-01-24 11:00:00+00:00,0,0.0,11,6,1,1
2021-01-24 12:00:00+00:00,0,0.0,12,6,1,1
2021-01-24 13:00:00+00:00,0,0.0,13,6,1,1
2021-01-24 14:00:00+00:00,0,0.0,14,6,1,1
2021-01-24 15:00:00+00:00,0,0.0,15,6,1,1
2021-01-24 16:00:00+00:00,1,6.378,16,6,1,1
2021-01-24 17:00:00+00:00,0,0.0,17,6,1,1
2021-01-24 18:00:00+00:00,0,0.0,18,6,1,1
2021-01-24 19:00:00+00:00,0,0.0,19,6,1,1
2021-01-24 20:00:00+00:00,0,0.0,20,6,1,1
2021-01-24 21:00:00+00:00,0,0.0,21,6,1,1
2021-01-24 22:00:00+00:00,0,0.0,22,6,1,1
2021-01-24 23:00:00+00:00,1,9.617,23,6,1,1
2021-01-25 00:00:00+00:00,2,24.782,0,0,1,0
2021-01-25 01:00:00+00:00,1,2.573,1,0,1,0
2021-01-25 02:00:00+00:00,0,0.0,2,0,1,0
2021-01-25 03:00:00+00:00,0,0.0,3,0,1,0
2021-01-25 04:00:00+00:00,0,0.0,4,0,1,0
2021-01-25 05:00:00+00:00,0,0.0,5,0,1,0
2021-01-25 06:00:00+00:00,0,0.0,6,0,1,0
2021-01-25 07:00:00+00:00,0,0.0,7,0,1,0
2021-01-25 08:00:00+00:00,0,0.0,8,0,1,0
2021-01-25 09:00:00+00:00,0,0.0,9,0,1,0
2021-01-25 10:00:00+00:00,0,0.0,10,0,1,0
2021-01-25 11:00:00+00:00,0,0.0,11,0,1,0
2021-01-25 12:00:00+00:00,0,0.0,12,0,1,0
2021-01-25 13:00:00+00:00,0,0.0,13,0,1,0
2021-01-25 14:00:00+00:00,0,0.0,14,0,1,0
2021-01-25 15:00:00+00:00,0,0.0,15,0,1,0
2021-01-25 16:00:00+00:00,1,8.862,16,0,1,0
2021-01-25 17:00:00+00:00,1,6.052,17,0,1,0
2021-01-25 18:00:00+00:00,0,0.0,18,0,1,0
2021-01-25 19:00:00+00:00,1,18.411,19,0,1,0
2021-01-25 20:00:00+00:00,1,2.909,20,0,1,0
2021-01-25 21:00:00+00:00,0,0.0,21,0,1,0
2021-01-25 22:00:00+00:00,0,0.0,22,0,1,0
2021-01-25 23:00:00+00:00,0,0.0,23,0,1,0
2021-01-26 00:00:00+00:00,1,16.483,0,1,1,0
2021-01-26 01:00:00+00:00,0,0.0,1,1,1,0
2021-01-26 02:00:00+00:00,1,23.204,2,1,1,0
2021-01-26 03:00:00+00:00,0,0.0,3,1,1,0
2021-01-26 04:00:00+00:00,0,0.0,4,1,1,0
2021-01-26 05:00:00+00:00,0,0.0,5,1,1,0
2021-01-26 06:00:00+00:00,0,0.0,6,1,1,0
2021-01-26 07:00:00+00:00,0,0.0,7,1,1,0
2021-01-26 08:00:00+00:00,0,0.0,8,1,1,0
2021-01-26 09:00:00+00:00,0,0.0,9,1,1,0
2021-01-26 10:00:00+00:00,0,0.0,10,1,1,0
2021-01-26 11:00:00+00:00,0,0.0,11,1,1,0
2021-01-26 12:00:00+00:00,0,0.0,12,1,1,0
2021-01-26 13:00:00+00:00,0,0.0,13,1,1,0
2021-01-26 14:00:00+00:00,0,0.0,14,1,1,0
2021-01-26 15:00:00+00:00,0,0.0,15,1,1,0
2021-01-26 16:00:00+00:00,0,0.0,16,1,1,0
2021-01-26 17:00:00+00:00,1,34.09,17,1,1,0
2021-01-26 18:00:00+00:00,0,0.0,18,1,1,0
2021-01-26 19:00:00+00:00,1,36.077,19,1,1,0
2021-01-26 20:00:00+00:00,0,0.0,20,1,1,0
2021-01-26 21:00:00+00:00,1,2.037,21,1,1,0
2021-01-26 22:00:00+00:00,0,0.0,22,1,1,0
2021-01-26 23:00:00+00:00,0,0.0,23,1,1,0
2021-01-27 00:00:00+00:00,0,0.0,0,2,1,0
2021-01-27 01:00:00+00:00,0,0.0,1,2,1,0
2021-01-27 02:00:00+00:00,1,12.652,2,2,1,0
2021-01-27 03:00:00+00:00,1,33.151,3,2,1,0
2021-01-27 04:00:00+00:00,0,0.0,4,2,1,0
2021-01-27 05:00:00+00:00,0,0.0,5,2,1,0
2021-01-27 06:00:00+00:00,0,0.0,6,2,1,0
2021-01-27 07:00:00+00:00,0,0.0,7,2,1,0
2021-01-27 08:00:00+00:00,0,0.0,8,2,1,0
2021-01-27 09:00:00+00:00,0,0.0,9,2,1,0
2021-01-27 10:00:00+00:00,0,0.0,10,2,1,0
2021-01-27 11:00:00+00:00,0,0.0,11,2,1,0
2021-01-27 12:00:00+00:00,0,0.0,12,2,1,0
2021-01-27 13:00:00+00:00,0,0.0,13,2,1,0
2021-01-27 14:00:00+00:00,0,0.0,14,2,1,0
2021-01-27 15:00:00+00:00,0,0.0,15,2,1,0
2021-01-27 16:00:00+00:00,1,11.873,16,2,1,0
2021-01-27 17:00:00+00:00,0,0.0,17,2,1,0
2021-01-27 18:00:00+00:00,1,8.928,18,2,1,0
2021-01-27 19:00:00+00:00,0,0.0,19,2,1,0
2021-01-27 20:00:00+00:00,1,2.567,20,2,1,0
2021-01-27 21:00:00+00:00,0,0.0,21,2,1,0
2021-01-27 22:00:00+00:00,0,0.0,22,2,1,0
2021-01-27 23:00:00+00:00,1,8.889,23,2,1,0
2021-01-28 00:00:00+00:00,0,0.0,0,3,1,0
2021-01-28 01:00:00+00:00,0,0.0,1,3,1,0
2021-01-28 02:00:00+00:00,0,0.0,2,3,1,0
2021-01-28 03:00:00+00:00,1,19.838,3,3,1,0
2021-01-28 04:00:00+00:00,0,0.0,4,3,1,0
2021-01-28 05:00:00+00:00,0,0.0,5,3,1,0
2021-01-28 06:00:00+00:00,0,0.0,6,3,1,0
2021-01-28 07:00:00+00:00,0,0.0,7,3,1,0
2021-01-28 08:00:00+00:00,0,0.0,8,3,1,0
2021-01-28 09:00:00+00:00,0,0.0,9,3,1,0
2021-01-28 10:00:00+00:00,0,0.0,10,3,1,0
2021-01-28 11:00:00+00:00,0,0.0,11,3,1,0
2021-01-28 12:00:00+00:00,0,0.0,12,3,1,0
2021-01-28 13:00:00+00:00,0,0.0,13,3,1,0
2021-01-28 14:00:00+00:00,0,0.0,14,3,1,0
2021-01-28 15:00:00+00:00,0,0.0,15,3,1,0
2021-01-28 16:00:00+00:00,1,5.984,16,3,1,0
2021-01-28 17:00:00+00:00,0,0.0,17,3,1,0
2021-01-28 18:00:00+00:00,1,1.907,18,3,1,0
2021-01-28 19:00:00+00:00,1,0.944,19,3,1,0
2021-01-28 20:00:00+00:00,0,0.0,20,3,1,0
2021-01-28 21:00:00+00:00,1,4.182,21,3,1,0
2021-01-28 22:00:00+00:00,1,1.957,22,3,1,0
2021-01-28 23:00:00+00:00,0,0.0,23,3,1,0
2021-01-29 00:00:00+00:00,0,0.0,0,4,1,0
2021-01-29 01:00:00+00:00,0,0.0,1,4,1,0
2021-01-29 02:00:00+00:00,0,0.0,2,4,1,0
2021-01-29 03:00:00+00:00,0,0.0,3,4,1,0
2021-01-29 04:00:00+00:00,0,0.0,4,4,1,0
2021-01-29 05:00:00+00:00,0,0.0,5,4,1,0
2021-01-29 06:00:00+00:00,0,0.0,6,4,1,0
2021-01-29 07:00:00+00:00,0,0.0,7,4,1,0
2021-01-29 08:00:00+00:00,0,0.0,8,4,1,0
2021-01-29 09:00:00+00:00,0,0.0,9,4,1,0
2021-01-29 10:00:00+00:00,0,0.0,10,4,1,0
2021-01-29 11:00:00+00:00,0,0.0,11,4,1,0
2021-01-29 12:00:00+00:00,0,0.0,12,4,1,0
2021-01-29 13:00:00+00:00,0,0.0,13,4,1,0
2021-01-29 14:00:00+00:00,1,15.897,14,4,1,0
2021-01-29 15:00:00+00:00,0,0.0,15,4,1,0
2021-01-29 16:00:00+00:00,0,0.0,16,4,1,0
2021-01-29 17:00:00+00:00,0,0.0,17,4,1,0
2021-01-29 18:00:00+00:00,1,8.19,18,4,1,0
2021-01-29 19:00:00+00:00,0,0.0,19,4,1,0
2021-01-29 20:00:00+00:00,0,0.0,20,4,1,0
2021-01-29 21:00:00+00:00,0,0.0,21,4,1,0
2021-01-29 22:00:00+00:00,0,0.0,22,4,1,0
2021-01-29 23:00:00+00:00,1,12.769,23,4,1,0
2021-01-30 00:00:00+00:00,1,3.322,0,5,1,1
2021-01-30 01:00:00+00:00,0,0.0,1,5,1,1
2021-01-30 02:00:00+00:00,1,8.815,2,5,1,1
2021-01-30 03:00:00+00:00,0,0.0,3,5,1,1
2021-01-30 04:00:00+00:00,0,0.0,4,5,1,1
2021-01-30 05:00:00+00:00,0,0.0,5,5,1,1
2021-01-30 06:00:00+00:00,0,0.0,6,5,1,1
2021-01-30 07:00:00+00:00,0,0.0,7,5,1,1
2021-01-30 08:00:00+00:00,0,0.0,8,5,1,1
2021-01-30 09:00:00+00:00,0,0.0,9,5,1,1
2021-01-30 10:00:00+00:00,0,0.0,10,5,1,1
2021-01-30 11:00:00+00:00,0,0.0,11,5,1,1
2021-01-30 12:00:00+00:00,0,0.0,12,5,1,1
2021-01-30 13:00:00+00:00,0,0.0,13,5,1,1
2021-01-30 14:00:00+00:00,0,0.0,14,5,1,1
2021-01-30 15:00:00+00:00,0,0.0,15,5,1,1
2021-01-30 16:00:00+00:00,0,0.0,16,5,1,1
2021-01-30 17:00:00+00:00,0,0.0,17,5,1,1
2021-01-30 18:00:00+00:00,0,0.0,18,5,1,1
2021-01-30 19:00:00+00:00,1,7.828,19,5,1,1
2021-01-30 20:00:00+00:00,1,9.245,20,5,1,1
2021-01-30 21:00:00+00:00,0,0.0,21,5,1,1
2021-01-30 22:00:00+00:00,0,0.0,22,5,1,1
2021-01-30 23:00:00+00:00,0,0.0,23,5,1,1
2021-01-31 00:00:00+00:00,0,0.0,0,6,1,1
2021-01-31 01:00:00+00:00,1,7.37,1,6,1,1
2021-01-31 02:00:00+00:00,0,0.0,2,6,1,1
2021-01-31 03:00:00+00:00,0,0.0,3,6,1,1
2021-01-31 04:00:00+00:00,0,0.0,4,6,1,1
2021-01-31 05:00:00+00:00,0,0.0,5,6,1,1
2021-01-31 06:00:00+00:00,0,0.0,6,6,1,1
2021-01-31 07:00:00+00:00,0,0.0,7,6,1,1
2021-01-31 08:00:00+00:00,0,0.0,8,6,1,1
2021-01-31 09:00:00+00:00,0,0.0,9,6,1,1
2021-01-31 10:00:00+00:00,0,0.0,10,6,1,1
2021-01-31 11:00:00+00:00,0,0.0,11,6,1,1
2021-01-31 12:00:00+00:00,0,0.0,12,6,1,1
2021-01-31 13:00:00+00:00,0,0.0,13,6,1,1
2021-01-31 14:00:00+00:00,0,0.0,14,6,1,1
2021-01-31 15:00:00+00:00,0,0.0,15,6,1,1
2021-01-31 16:00:00+00:00,0,0.0,16,6,1,1
2021-01-31 17:00:00+00:00,0,0.0,17,6,1,1
2021-01-31 18:00:00+00:00,1,1.859,18,6,1,1
2021-01-31 19:00:00+00:00,0,0.0,19,6,1,1
2021-01-31 20:00:00+00:00,0,0.0,20,6,1,1
2021-01-31 21:00:00+00:00,0,0.0,21,6,1,1
2021-01-31 22:00:00+00:00,1,42.415,22,6,1,1
2021-01-31 23:00:00+00:00,0,0.0,23,6,1,1
2021-02-01 00:00:00+00:00,0,0.0,0,0,2,0
2021-02-01 01:00:00+00:00,0,0.0,1,0,2,0
2021-02-01 02:00:00+00:00,0,0.0,2,0,2,0
2021-02-01 03:00:00+00:00,0,0.0,3,0,2,0
2021-02-01 04:00:00+00:00,0,0.0,4,0,2,0
2021-02-01 05:00:00+00:00,0,0.0,5,0,2,0
2021-02-01 06:00:00+00:00,0,0.0,6,0,2,0
2021-02-01 07:00:00+00:00,0,0.0,7,0,2,0
2021-02-01 08:00:00+00:00,0,0.0,8,0,2,0
2021-02-01 09:00:00+00:00,0,0.0,9,0,2,0
2021-02-01 10:00:00+00:00,0,0.0,10,0,2,0
2021-02-01 11:00:00+00:00,0,0.0,11,0,2,0
2021-02-01 12:00:00+00:00,1,17.544,12,0,2,0
2021-02-01 13:00:00+00:00,0,0.0,13,0,2,0
2021-02-01 14:00:00+00:00,0,0.0,14,0,2,0
2021-02-01 15:00:00+00:00,0,0.0,15,0,2,0
2021-02-01 16:00:00+00:00,3,44.526,16,0,2,0
2021-02-01 17:00:00+00:00,0,0.0,17,0,2,0
2021-02-01 18:00:00+00:00,1,8.62,18,0,2,0
2021-02-01 19:00:00+00:00,1,6.159,19,0,2,0
2021-02-01 20:00:00+00:00,0,0.0,20,0,2,0
2021-02-01 21:00:00+00:00,0,0.0,21,0,2,0
2021-02-01 22:00:00+00:00,0,0.0,22,0,2,0
2021-02-01 23:00:00+00:00,0,0.0,23,0,2,0
2021-02-02 00:00:00+00:00,0,0.0,0,1,2,0
2021-02-02 01:00:00+00:00,0,0.0,1,1,2,0
2021-02-02 02:00:00+00:00,0,0.0,2,1,2,0
2021-02-02 03:00:00+00:00,0,0.0,3,1,2,0
2021-02-02 04:00:00+00:00,0,0.0,4,1,2,0
2021-02-02 05:00:00+00:00,0,0.0,5,1,2,0
2021-02-02 06:00:00+00:00,0,0.0,6,1,2,0
2021-02-02 07:00:00+00:00,0,0.0,7,1,2,0
2021-02-02 08:00:00+00:00,0,0.0,8,1,2,0
2021-02-02 09:00:00+00:00,0,0.0,9,1,2,0
2021-02-02 10:00:00+00:00,0,0.0,10,1,2,0
2021-02-02 11:00:00+00:00,0,0.0,11,1,2,0
2021-02-02 12:00:00+00:00,0,0.0,12,1,2,0
2021-02-02 13:00:00+00:00,0,0.0,13,1,2,0
2021-02-02 14:00:00+00:00,0,0.0,14,1,2,0
2021-02-02 15:00:00+00:00,0,0.0,15,1,2,0
2021-02-02 16:00:00+00:00,1,9.892,16,1,2,0
2021-02-02 17:00:00+00:00,0,0.0,17,1,2,0
2021-02-02 18:00:00+00:00,1,15.958,18,1,2,0
2021-02-02 19:00:00+00:00,0,0.0,19,1,2,0
2021-02-02 20:00:00+00:00,0,0.0,20,1,2,0
2021-02-02 21:00:00+00:00,0,0.0,21,1,2,0
2021-02-02 22:00:00+00:00,2,12.847,22,1,2,0
2021-02-02 23:00:00+00:00,0,0.0,23,1,2,0
2021-02-03 00:00:00+00:00,0,0.0,0,2,2,0
2021-02-03 01:00:00+00:00,1,26.469,1,2,2,0
2021-02-03 02:00:00+00:00,0,0.0,2,2,2,0
2021-02-03 03:00:00+00:00,0,0.0,3,2,2,0
2021-02-03 04:00:00+00:00,1,38.734,4,2,2,0
2021-02-03 05:00:00+00:00,0,0.0,5,2,2,0
2021-02-03 06:00:00+00:00,0,0.0,6,2,2,0
2021-02-03 07:00:00+00:00,0,0.0,7,2,2,0
2021-02-03 08:00:00+00:00,0,0.0,8,2,2,0
2021-02-03 09:00:00+00:00,0,0.0,9,2,2,0
2021-02-03 10:00:00+00:00,0,0.0,10,2,2,0
2021-02-03 11:00:00+00:00,0,0.0,11,2,2,0
2021-02-03 12:00:00+00:00,0,0.0,12,2,2,0
2021-02-03 13:00:00+00:00,0,0.0,13,2,2,0
2021-02-03 14:00:00+00:00,0,0.0,14,2,2,0
2021-02-03 15:00:00+00:00,0,0.0,15,2,2,0
2021-02-03 16:00:00+00:00,2,41.119,16,2,2,0
2021-02-03 17:00:00+00:00,0,0.0,17,2,2,0
2021-02-03 18:00:00+00:00,1,9.946,18,2,2,0
2021-02-03 19:00:00+00:00,0,0.0,19,2,2,0
2021-02-03 20:00:00+00:00,1,2.838,20,2,2,0
2021-02-03 21:00:00+00:00,1,6.39,21,2,2,0
2021-02-03 22:00:00+00:00,0,0.0,22,2,2,0
2021-02-03 23:00:00+00:00,1,2.013,23,2,2,0
2021-02-04 00:00:00+00:00,0,0.0,0,3,2,0
2021-02-04 01:00:00+00:00,1,10.09,1,3,2,0
2021-02-04 02:00:00+00:00,0,0.0,2,3,2,0
2021-02-04 03:00:00+00:00,0,0.0,3,3,2,0
2021-02-04 04:00:00+00:00,0,0.0,4,3,2,0
2021-02-04 05:00:00+00:00,0,0.0,5,3,2,0
2021-02-04 06:00:00+00:00,0,0.0,6,3,2,0
2021-02-04 07:00:00+00:00,0,0.0,7,3,2,0
2021-02-04 08:00:00+00:00,0,0.0,8,3,2,0
2021-02-04 09:00:00+00:00,0,0.0,9,3,2,0
2021-02-04 10:00:00+00:00,0,0.0,10,3,2,0
2021-02-04 11:00:00+00:00,0,0.0,11,3,2,0
2021-02-04 12:00:00+00:00,0,0.0,12,3,2,0
2021-02-04 13:00:00+00:00,0,0.0,13,3,2,0
2021-02-04 14:00:00+00:00,0,0.0,14,3,2,0
2021-02-04 15:00:00+00:00,0,0.0,15,3,2,0
2021-02-04 16:00:00+00:00,0,0.0,16,3,2,0
2021-02-04 17:00:00+00:00,0,0.0,17,3,2,0
2021-02-04 18:00:00+00:00,0,0.0,18,3,2,0
2021-02-04 19:00:00+00:00,0,0.0,19,3,2,0
2021-02-04 20:00:00+00:00,0,0.0,20,3,2,0
2021-02-04 21:00:00+00:00,0,0.0,21,3,2,0
2021-02-04 22:00:00+00:00,1,2.313,22,3,2,0
2021-02-04 23:00:00+00:00,0,0.0,23,3,2,0
2021-02-05 00:00:00+00:00,0,0.0,0,4,2,0
2021-02-05 01:00:00+00:00,1,31.239,1,4,2,0
2021-02-05 02:00:00+00:00,1,14.52,2,4,2,0
2021-02-05 03:00:00+00:00,0,0.0,3,4,2,0
2021-02-05 04:00:00+00:00,0,0.0,4,4,2,0
2021-02-05 05:00:00+00:00,0,0.0,5,4,2,0
2021-02-05 06:00:00+00:00,0,0.0,6,4,2,0
2021-02-05 07:00:00+00:00,0,0.0,7,4,2,0
2021-02-05 08:00:00+00:00,0,0.0,8,4,2,0
2021-02-05 09:00:00+00:00,0,0.0,9,4,2,0
2021-02-05 10:00:00+00:00,0,0.0,10,4,2,0
2021-02-05 11:00:00+00:00,0,0.0,11,4,2,0
2021-02-05 12:00:00+00:00,0,0.0,12,4,2,0
2021-02-05 13:00:00+00:00,0,0.0,13,4,2,0
2021-02-05 14:00:00+00:00,0,0.0,14,4,2,0
2021-02-05 15:00:00+00:00,0,0.0,15,4,2,0
2021-02-05 16:00:00+00:00,0,0.0,16,4,2,0
2021-02-05 17:00:00+00:00,3,40.44899999999999,17,4,2,0
2021-02-05 18:00:00+00:00,1,10.2,18,4,2,0
2021-02-05 19:00:00+00:00,0,0.0,19,4,2,0
2021-02-05 20:00:00+00:00,1,1.753,20,4,2,0
2021-02-05 21:00:00+00:00,0,0.0,21,4,2,0
2021-02-05 22:00:00+00:00,0,0.0,22,4,2,0
2021-02-05 23:00:00+00:00,1,3.305,23,4,2,0
2021-02-06 00:00:00+00:00,1,17.98,0,5,2,1
2021-02-06 01:00:00+00:00,0,0.0,1,5,2,1
2021-02-06 02:00:00+00:00,1,2.147,2,5,2,1
2021-02-06 03:00:00+00:00,1,28.007,3,5,2,1
2021-02-06 04:00:00+00:00,0,0.0,4,5,2,1
2021-02-06 05:00:00+00:00,0,0.0,5,5,2,1
2021-02-06 06:00:00+00:00,0,0.0,6,5,2,1
2021-02-06 07:00:00+00:00,0,0.0,7,5,2,1
2021-02-06 08:00:00+00:00,0,0.0,8,5,2,1
2021-02-06 09:00:00+00:00,0,0.0,9,5,2,1
2021-02-06 10:00:00+00:00,0,0.0,10,5,2,1
2021-02-06 11:00:00+00:00,0,0.0,11,5,2,1
2021-02-06 12:00:00+00:00,0,0.0,12,5,2,1
2021-02-06 13:00:00+00:00,0,0.0,13,5,2,1
2021-02-06 14:00:00+00:00,0,0.0,14,5,2,1
2021-02-06 15:00:00+00:00,0,0.0,15,5,2,1
2021-02-06 16:00:00+00:00,0,0.0,16,5,2,1
2021-02-06 17:00:00+00:00,0,0.0,17,5,2,1
2021-02-06 18:00:00+00:00,1,31.433,18,5,2,1
2021-02-06 19:00:00+00:00,1,6.66,19,5,2,1
2021-02-06 20:00:00+00:00,0,0.0,20,5,2,1
2021-02-06 21:00:00+00:00,0,0.0,21,5,2,1
2021-02-06 22:00:00+00:00,0,0.0,22,5,2,1
2021-02-06 23:00:00+00:00,0,0.0,23,5,2,1
2021-02-07 00:00:00+00:00,0,0.0,0,6,2,1
2021-02-07 01:00:00+00:00,1,20.796,1,6,2,1
2021-02-07 02:00:00+00:00,0,0.0,2,6,2,1
2021-02-07 03:00:00+00:00,1,2.252,3,6,2,1
2021-02-07 04:00:00+00:00,0,0.0,4,6,2,1
2021-02-07 05:00:00+00:00,0,0.0,5,6,2,1
2021-02-07 06:00:00+00:00,0,0.0,6,6,2,1
2021-02-07 07:00:00+00:00,0,0.0,7,6,2,1
2021-02-07 08:00:00+00:00,0,0.0,8,6,2,1
2021-02-07 09:00:00+00:00,0,0.0,9,6,2,1
2021-02-07 10:00:00+00:00,0,0.0,10,6,2,1
2021-02-07 11:00:00+00:00,0,0.0,11,6,2,1
2021-02-07 12:00:00+00:00,0,0.0,12,6,2,1
2021-02-07 13:00:00+00:00,0,0.0,13,6,2,1
2021-02-07 14:00:00+00:00,0,0.0,14,6,2,1
2021-02-07 15:00:00+00:00,1,33.499,15,6,2,1
2021-02-07 16:00:00+00:00,0,0.0,16,6,2,1
2021-02-07 17:00:00+00:00,0,0.0,17,6,2,1
2021-02-07 18:00:00+00:00,1,4.142,18,6,2,1
2021-02-07 19:00:00+00:00,1,5.098,19,6,2,1
2021-02-07 20:00:00+00:00,1,16.193,20,6,2,1
2021-02-07 21:00:00+00:00,0,0.0,21,6,2,1
2021-02-07 22:00:00+00:00,0,0.0,22,6,2,1
2021-02-07 23:00:00+00:00,0,0.0,23,6,2,1
2021-02-08 00:00:00+00:00,0,0.0,0,0,2,0
2021-02-08 01:00:00+00:00,0,0.0,1,0,2,0
2021-02-08 02:00:00+00:00,2,19.624,2,0,2,0
2021-02-08 03:00:00+00:00,1,16.006,3,0,2,0
2021-02-08 04:00:00+00:00,0,0.0,4,0,2,0
2021-02-08 05:00:00+00:00,0,0.0,5,0,2,0
2021-02-08 06:00:00+00:00,1,17.167,6,0,2,0
2021-02-08 07:00:00+00:00,1,30.271,7,0,2,0
2021-02-08 08:00:00+00:00,0,0.0,8,0,2,0
2021-02-08 09:00:00+00:00,0,0.0,9,0,2,0
2021-02-08 10:00:00+00:00,0,0.0,10,0,2,0
2021-02-08 11:00:00+00:00,0,0.0,11,0,2,0
2021-02-08 12:00:00+00:00,0,0.0,12,0,2,0
2021-02-08 13:00:00+00:00,0,0.0,13,0,2,0
2021-02-08 14:00:00+00:00,0,0.0,14,0,2,0
2021-02-08 15:00:00+00:00,0,0.0,15,0,2,0
2021-02-08 16:00:00+00:00,1,10.13,16,0,2,0
2021-02-08 17:00:00+00:00,0,0.0,17,0,2,0
2021-02-08 18:00:00+00:00,1,6.135,18,0,2,0
2021-02-08 19:00:00+00:00,1,1.444,19,0,2,0
2021-02-08 20:00:00+00:00,0,0.0,20,0,2,0
2021-02-08 21:00:00+00:00,0,0.0,21,0,2,0
2021-02-08 22:00:00+00:00,0,0.0,22,0,2,0
2021-02-08 23:00:00+00:00,2,31.535000000000004,23,0,2,0
2021-02-09 00:00:00+00:00,0,0.0,0,1,2,0
2021-02-09 01:00:00+00:00,0,0.0,1,1,2,0
2021-02-09 02:00:00+00:00,1,17.073,2,1,2,0
2021-02-09 03:00:00+00:00,0,0.0,3,1,2,0
2021-02-09 04:00:00+00:00,1,40.724,4,1,2,0
2021-02-09 05:00:00+00:00,0,0.0,5,1,2,0
2021-02-09 06:00:00+00:00,1,5.848,6,1,2,0
2021-02-09 07:00:00+00:00,0,0.0,7,1,2,0
2021-02-09 08:00:00+00:00,0,0.0,8,1,2,0
2021-02-09 09:00:00+00:00,0,0.0,9,1,2,0
2021-02-09 10:00:00+00:00,0,0.0,10,1,2,0
2021-02-09 11:00:00+00:00,0,0.0,11,1,2,0
2021-02-09 12:00:00+00:00,0,0.0,12,1,2,0
2021-02-09 13:00:00+00:00,0,0.0,13,1,2,0
2021-02-09 14:00:00+00:00,0,0.0,14,1,2,0
2021-02-09 15:00:00+00:00,0,0.0,15,1,2,0
2021-02-09 16:00:00+00:00,1,8.862,16,1,2,0
2021-02-09 17:00:00+00:00,1,9.829,17,1,2,0
2021-02-09 18:00:00+00:00,0,0.0,18,1,2,0
2021-02-09 19:00:00+00:00,1,10.288,19,1,2,0
2021-02-09 20:00:00+00:00,1,0.991,20,1,2,0
2021-02-09 21:00:00+00:00,1,16.737,21,1,2,0
2021-02-09 22:00:00+00:00,1,2.514,22,1,2,0
2021-02-09 23:00:00+00:00,0,0.0,23,1,2,0
2021-02-10 00:00:00+00:00,1,7.444,0,2,2,0
2021-02-10 01:00:00+00:00,1,8.384,1,2,2,0
2021-02-10 02:00:00+00:00,1,11.187,2,2,2,0
2021-02-10 03:00:00+00:00,0,0.0,3,2,2,0
2021-02-10 04:00:00+00:00,0,0.0,4,2,2,0
2021-02-10 05:00:00+00:00,0,0.0,5,2,2,0
2021-02-10 06:00:00+00:00,0,0.0,6,2,2,0
2021-02-10 07:00:00+00:00,0,0.0,7,2,2,0
2021-02-10 08:00:00+00:00,0,0.0,8,2,2,0
2021-02-10 09:00:00+00:00,0,0.0,9,2,2,0
2021-02-10 10:00:00+00:00,0,0.0,10,2,2,0
2021-02-10 11:00:00+00:00,0,0.0,11,2,2,0
2021-02-10 12:00:00+00:00,0,0.0,12,2,2,0
2021-02-10 13:00:00+00:00,0,0.0,13,2,2,0
2021-02-10 14:00:00+00:00,0,0.0,14,2,2,0
2021-02-10 15:00:00+00:00,0,0.0,15,2,2,0
2021-02-10 16:00:00+00:00,2,11.853,16,2,2,0
2021-02-10 17:00:00+00:00,0,0.0,17,2,2,0
2021-02-10 18:00:00+00:00,0,0.0,18,2,2,0
2021-02-10 19:00:00+00:00,0,0.0,19,2,2,0
2021-02-10 20:00:00+00:00,0,0.0,20,2,2,0
2021-02-10 21:00:00+00:00,2,13.775,21,2,2,0
2021-02-10 22:00:00+00:00,1,22.141,22,2,2,0
2021-02-10 23:00:00+00:00,2,5.404,23,2,2,0
2021-02-11 00:00:00+00:00,0,0.0,0,3,2,0
2021-02-11 01:00:00+00:00,1,1.503,1,3,2,0
2021-02-11 02:00:00+00:00,1,21.365,2,3,2,0
2021-02-11 03:00:00+00:00,0,0.0,3,3,2,0
2021-02-11 04:00:00+00:00,1,12.612,4,3,2,0
2021-02-11 05:00:00+00:00,1,14.775,5,3,2,0
2021-02-11 06:00:00+00:00,0,0.0,6,3,2,0
2021-02-11 07:00:00+00:00,1,29.939,7,3,2,0
2021-02-11 08:00:00+00:00,0,0.0,8,3,2,0
2021-02-11 09:00:00+00:00,0,0.0,9,3,2,0
2021-02-11 10:00:00+00:00,0,0.0,10,3,2,0
2021-02-11 11:00:00+00:00,0,0.0,11,3,2,0
2021-02-11 12:00:00+00:00,0,0.0,12,3,2,0
2021-02-11 13:00:00+00:00,0,0.0,13,3,2,0
2021-02-11 14:00:00+00:00,2,38.136,14,3,2,0
2021-02-11 15:00:00+00:00,0,0.0,15,3,2,0
2021-02-11 16:00:00+00:00,2,10.807,16,3,2,0
2021-02-11 17:00:00+00:00,0,0.0,17,3,2,0
2021-02-11 18:00:00+00:00,2,12.152,18,3,2,0
2021-02-11 19:00:00+00:00,0,0.0,19,3,2,0
2021-02-11 20:00:00+00:00,0,0.0,20,3,2,0
2021-02-11 21:00:00+00:00,0,0.0,21,3,2,0
2021-02-11 22:00:00+00:00,0,0.0,22,3,2,0
2021-02-11 23:00:00+00:00,0,0.0,23,3,2,0
2021-02-12 00:00:00+00:00,0,0.0,0,4,2,0
2021-02-12 01:00:00+00:00,0,0.0,1,4,2,0
2021-02-12 02:00:00+00:00,0,0.0,2,4,2,0
2021-02-12 03:00:00+00:00,0,0.0,3,4,2,0
2021-02-12 04:00:00+00:00,0,0.0,4,4,2,0
2021-02-12 05:00:00+00:00,0,0.0,5,4,2,0
2021-02-12 06:00:00+00:00,0,0.0,6,4,2,0
2021-02-12 07:00:00+00:00,0,0.0,7,4,2,0
2021-02-12 08:00:00+00:00,0,0.0,8,4,2,0
2021-02-12 09:00:00+00:00,0,0.0,9,4,2,0
2021-02-12 10:00:00+00:00,0,0.0,10,4,2,0
2021-02-12 11:00:00+00:00,0,0.0,11,4,2,0
2021-02-12 12:00:00+00:00,0,0.0,12,4,2,0
2021-02-12 13:00:00+00:00,0,0.0,13,4,2,0
2021-02-12 14:00:00+00:00,0,0.0,14,4,2,0
2021-02-12 15:00:00+00:00,0,0.0,15,4,2,0
2021-02-12 16:00:00+00:00,1,1.685,16,4,2,0
2021-02-12 17:00:00+00:00,1,7.662,17,4,2,0
2021-02-12 18:00:00+00:00,0,0.0,18,4,2,0
2021-02-12 19:00:00+00:00,0,0.0,19,4,2,0
2021-02-12 20:00:00+00:00,0,0.0,20,4,2,0
2021-02-12 21:00:00+00:00,0,0.0,21,4,2,0
2021-02-12 22:00:00+00:00,0,0.0,22,4,2,0
2021-02-12 23:00:00+00:00,1,1.797,23,4,2,0
2021-02-13 00:00:00+00:00,1,2.287,0,5,2,1
2021-02-13 01:00:00+00:00,0,0.0,1,5,2,1
2021-02-13 02:00:00+00:00,1,26.89,2,5,2,1
2021-02-13 03:00:00+00:00,0,0.0,3,5,2,1
2021-02-13 04:00:00+00:00,0,0.0,4,5,2,1
2021-02-13 05:00:00+00:00,0,0.0,5,5,2,1
2021-02-13 06:00:00+00:00,0,0.0,6,5,2,1
2021-02-13 07:00:00+00:00,0,0.0,7,5,2,1
2021-02-13 08:00:00+00:00,0,0.0,8,5,2,1
2021-02-13 09:00:00+00:00,0,0.0,9,5,2,1
2021-02-13 10:00:00+00:00,0,0.0,10,5,2,1
2021-02-13 11:00:00+00:00,0,0.0,11,5,2,1
2021-02-13 12:00:00+00:00,0,0.0,12,5,2,1
2021-02-13 13:00:00+00:00,0,0.0,13,5,2,1
2021-02-13 14:00:00+00:00,1,33.117,14,5,2,1
2021-02-13 15:00:00+00:00,0,0.0,15,5,2,1
2021-02-13 16:00:00+00:00,0,0.0,16,5,2,1
2021-02-13 17:00:00+00:00,1,7.364,17,5,2,1
2021-02-13 18:00:00+00:00,0,0.0,18,5,2,1
2021-02-13 19:00:00+00:00,1,24.25,19,5,2,1
2021-02-13 20:00:00+00:00,1,1.841,20,5,2,1
2021-02-13 21:00:00+00:00,2,11.564,21,5,2,1
2021-02-13 22:00:00+00:00,0,0.0,22,5,2,1
2021-02-13 23:00:00+00:00,1,21.8,23,5,2,1
2021-02-14 00:00:00+00:00,0,0.0,0,6,2,1
2021-02-14 01:00:00+00:00,0,0.0,1,6,2,1
2021-02-14 02:00:00+00:00,0,0.0,2,6,2,1
2021-02-14 03:00:00+00:00,0,0.0,3,6,2,1
2021-02-14 04:00:00+00:00,0,0.0,4,6,2,1
2021-02-14 05:00:00+00:00,0,0.0,5,6,2,1
2021-02-14 06:00:00+00:00,0,0.0,6,6,2,1
2021-02-14 07:00:00+00:00,0,0.0,7,6,2,1
2021-02-14 08:00:00+00:00,0,0.0,8,6,2,1
2021-02-14 09:00:00+00:00,0,0.0,9,6,2,1
2021-02-14 10:00:00+00:00,0,0.0,10,6,2,1
2021-02-14 11:00:00+00:00,0,0.0,11,6,2,1
2021-02-14 12:00:00+00:00,0,0.0,12,6,2,1
2021-02-14 13:00:00+00:00,0,0.0,13,6,2,1
2021-02-14 14:00:00+00:00,0,0.0,14,6,2,1
2021-02-14 15:00:00+00:00,1,27.265,15,6,2,1
2021-02-14 16:00:00+00:00,0,0.0,16,6,2,1
2021-02-14 17:00:00+00:00,0,0.0,17,6,2,1
2021-02-14 18:00:00+00:00,1,29.141,18,6,2,1
2021-02-14 19:00:00+00:00,1,10.432,19,6,2,1
2021-02-14 20:00:00+00:00,0,0.0,20,6,2,1
2021-02-14 21:00:00+00:00,1,9.757,21,6,2,1
2021-02-14 22:00:00+00:00,1,30.422,22,6,2,1
2021-02-14 23:00:00+00:00,2,2.208,23,6,2,1
2021-02-15 00:00:00+00:00,1,51.431,0,0,2,0
2021-02-15 01:00:00+00:00,1,0.821,1,0,2,0
2021-02-15 02:00:00+00:00,0,0.0,2,0,2,0
2021-02-15 03:00:00+00:00,0,0.0,3,0,2,0
2021-02-15 04:00:00+00:00,1,6.114,4,0,2,0
2021-02-15 05:00:00+00:00,0,0.0,5,0,2,0
2021-02-15 06:00:00+00:00,0,0.0,6,0,2,0
2021-02-15 07:00:00+00:00,0,0.0,7,0,2,0
2021-02-15 08:00:00+00:00,0,0.0,8,0,2,0
2021-02-15 09:00:00+00:00,0,0.0,9,0,2,0
2021-02-15 10:00:00+00:00,0,0.0,10,0,2,0
2021-02-15 11:00:00+00:00,0,0.0,11,0,2,0
2021-02-15 12:00:00+00:00,0,0.0,12,0,2,0
2021-02-15 13:00:00+00:00,0,0.0,13,0,2,0
2021-02-15 14:00:00+00:00,0,0.0,14,0,2,0
2021-02-15 15:00:00+00:00,0,0.0,15,0,2,0
2021-02-15 16:00:00+00:00,1,9.804,16,0,2,0
2021-02-15 17:00:00+00:00,1,13.017,17,0,2,0
2021-02-15 18:00:00+00:00,0,0.0,18,0,2,0
2021-02-15 19:00:00+00:00,1,6.275,19,0,2,0
2021-02-15 20:00:00+00:00,1,10.053,20,0,2,0
2021-02-15 21:00:00+00:00,0,0.0,21,0,2,0
2021-02-15 22:00:00+00:00,1,22.576,22,0,2,0
2021-02-15 23:00:00+00:00,3,20.612,23,0,2,0
2021-02-16 00:00:00+00:00,0,0.0,0,1,2,0
2021-02-16 01:00:00+00:00,0,0.0,1,1,2,0
2021-02-16 02:00:00+00:00,0,0.0,2,1,2,0
2021-02-16 03:00:00+00:00,0,0.0,3,1,2,0
2021-02-16 04:00:00+00:00,0,0.0,4,1,2,0
2021-02-16 05:00:00+00:00,0,0.0,5,1,2,0
2021-02-16 06:00:00+00:00,0,0.0,6,1,2,0
2021-02-16 07:00:00+00:00,0,0.0,7,1,2,0
2021-02-16 08:00:00+00:00,0,0.0,8,1,2,0
2021-02-16 09:00:00+00:00,0,0.0,9,1,2,0
2021-02-16 10:00:00+00:00,0,0.0,10,1,2,0
2021-02-16 11:00:00+00:00,0,0.0,11,1,2,0
2021-02-16 12:00:00+00:00,0,0.0,12,1,2,0
2021-02-16 13:00:00+00:00,0,0.0,13,1,2,0
2021-02-16 14:00:00+00:00,0,0.0,14,1,2,0
2021-02-16 15:00:00+00:00,0,0.0,15,1,2,0
2021-02-16 16:00:00+00:00,4,52.081999999999994,16,1,2,0
2021-02-16 17:00:00+00:00,1,7.889,17,1,2,0
2021-02-16 18:00:00+00:00,0,0.0,18,1,2,0
2021-02-16 19:00:00+00:00,0,0.0,19,1,2,0
2021-02-16 20:00:00+00:00,0,0.0,20,1,2,0
2021-02-16 21:00:00+00:00,2,2.293,21,1,2,0
2021-02-16 22:00:00+00:00,0,0.0,22,1,2,0
2021-02-16 23:00:00+00:00,1,2.272,23,1,2,0
2021-02-17 00:00:00+00:00,0,0.0,0,2,2,0
2021-02-17 01:00:00+00:00,0,0.0,1,2,2,0
2021-02-17 02:00:00+00:00,0,0.0,2,2,2,0
2021-02-17 03:00:00+00:00,0,0.0,3,2,2,0
2021-02-17 04:00:00+00:00,0,0.0,4,2,2,0
2021-02-17 05:00:00+00:00,0,0.0,5,2,2,0
2021-02-17 06:00:00+00:00,0,0.0,6,2,2,0
2021-02-17 07:00:00+00:00,0,0.0,7,2,2,0
2021-02-17 08:00:00+00:00,0,0.0,8,2,2,0
2021-02-17 09:00:00+00:00,0,0.0,9,2,2,0
2021-02-17 10:00:00+00:00,0,0.0,10,2,2,0
2021-02-17 11:00:00+00:00,0,0.0,11,2,2,0
2021-02-17 12:00:00+00:00,0,0.0,12,2,2,0
2021-02-17 13:00:00+00:00,0,0.0,13,2,2,0
2021-02-17 14:00:00+00:00,0,0.0,14,2,2,0
2021-02-17 15:00:00+00:00,0,0.0,15,2,2,0
2021-02-17 16:00:00+00:00,1,4.583,16,2,2,0
2021-02-17 17:00:00+00:00,0,0.0,17,2,2,0
2021-02-17 18:00:00+00:00,0,0.0,18,2,2,0
2021-02-17 19:00:00+00:00,1,36.692,19,2,2,0
2021-02-17 20:00:00+00:00,0,0.0,20,2,2,0
2021-02-17 21:00:00+00:00,1,5.399,21,2,2,0
2021-02-17 22:00:00+00:00,1,12.98,22,2,2,0
2021-02-17 23:00:00+00:00,1,24.817,23,2,2,0
2021-02-18 00:00:00+00:00,1,33.789,0,3,2,0
2021-02-18 01:00:00+00:00,1,5.25,1,3,2,0
2021-02-18 02:00:00+00:00,1,2.216,2,3,2,0
2021-02-18 03:00:00+00:00,0,0.0,3,3,2,0
2021-02-18 04:00:00+00:00,0,0.0,4,3,2,0
2021-02-18 05:00:00+00:00,0,0.0,5,3,2,0
2021-02-18 06:00:00+00:00,0,0.0,6,3,2,0
2021-02-18 07:00:00+00:00,0,0.0,7,3,2,0
2021-02-18 08:00:00+00:00,0,0.0,8,3,2,0
2021-02-18 09:00:00+00:00,0,0.0,9,3,2,0
2021-02-18 10:00:00+00:00,0,0.0,10,3,2,0
2021-02-18 11:00:00+00:00,0,0.0,11,3,2,0
2021-02-18 12:00:00+00:00,0,0.0,12,3,2,0
2021-02-18 13:00:00+00:00,1,29.146,13,3,2,0
2021-02-18 14:00:00+00:00,0,0.0,14,3,2,0
2021-02-18 15:00:00+00:00,0,0.0,15,3,2,0
2021-02-18 16:00:00+00:00,2,7.709,16,3,2,0
2021-02-18 17:00:00+00:00,0,0.0,17,3,2,0
2021-02-18 18:00:00+00:00,0,0.0,18,3,2,0
2021-02-18 19:00:00+00:00,0,0.0,19,3,2,0
2021-02-18 20:00:00+00:00,0,0.0,20,3,2,0
2021-02-18 21:00:00+00:00,0,0.0,21,3,2,0
2021-02-18 22:00:00+00:00,2,14.794,22,3,2,0
2021-02-18 23:00:00+00:00,1,11.617,23,3,2,0
2021-02-19 00:00:00+00:00,0,0.0,0,4,2,0
2021-02-19 01:00:00+00:00,1,23.977,1,4,2,0
2021-02-19 02:00:00+00:00,0,0.0,2,4,2,0
2021-02-19 03:00:00+00:00,0,0.0,3,4,2,0
2021-02-19 04:00:00+00:00,0,0.0,4,4,2,0
2021-02-19 05:00:00+00:00,0,0.0,5,4,2,0
2021-02-19 06:00:00+00:00,1,23.182,6,4,2,0
2021-02-19 07:00:00+00:00,1,27.35,7,4,2,0
2021-02-19 08:00:00+00:00,0,0.0,8,4,2,0
2021-02-19 09:00:00+00:00,0,0.0,9,4,2,0
2021-02-19 10:00:00+00:00,0,0.0,10,4,2,0
2021-02-19 11:00:00+00:00,0,0.0,11,4,2,0
2021-02-19 12:00:00+00:00,0,0.0,12,4,2,0
2021-02-19 13:00:00+00:00,0,0.0,13,4,2,0
2021-02-19 14:00:00+00:00,0,0.0,14,4,2,0
2021-02-19 15:00:00+00:00,0,0.0,15,4,2,0
2021-02-19 16:00:00+00:00,0,0.0,16,4,2,0
2021-02-19 17:00:00+00:00,1,6.27,17,4,2,0
2021-02-19 18:00:00+00:00,2,14.684,18,4,2,0
2021-02-19 19:00:00+00:00,0,0.0,19,4,2,0
2021-02-19 20:00:00+00:00,0,0.0,20,4,2,0
2021-02-19 21:00:00+00:00,1,3.935,21,4,2,0
2021-02-19 22:00:00+00:00,0,0.0,22,4,2,0
2021-02-19 23:00:00+00:00,1,2.047,23,4,2,0
2021-02-20 00:00:00+00:00,1,1.14,0,5,2,1
2021-02-20 01:00:00+00:00,0,0.0,1,5,2,1
2021-02-20 02:00:00+00:00,0,0.0,2,5,2,1
2021-02-20 03:00:00+00:00,1,14.108,3,5,2,1
2021-02-20 04:00:00+00:00,1,40.756,4,5,2,1
2021-02-20 05:00:00+00:00,0,0.0,5,5,2,1
2021-02-20 06:00:00+00:00,0,0.0,6,5,2,1
2021-02-20 07:00:00+00:00,0,0.0,7,5,2,1
2021-02-20 08:00:00+00:00,0,0.0,8,5,2,1
2021-02-20 09:00:00+00:00,0,0.0,9,5,2,1
2021-02-20 10:00:00+00:00,0,0.0,10,5,2,1
2021-02-20 11:00:00+00:00,0,0.0,11,5,2,1
2021-02-20 12:00:00+00:00,0,0.0,12,5,2,1
2021-02-20 13:00:00+00:00,0,0.0,13,5,2,1
2021-02-20 14:00:00+00:00,0,0.0,14,5,2,1
2021-02-20 15:00:00+00:00,0,0.0,15,5,2,1
2021-02-20 16:00:00+00:00,0,0.0,16,5,2,1
2021-02-20 17:00:00+00:00,1,3.836,17,5,2,1
2021-02-20 18:00:00+00:00,0,0.0,18,5,2,1
2021-02-20 19:00:00+00:00,0,0.0,19,5,2,1
2021-02-20 20:00:00+00:00,1,5.347,20,5,2,1
2021-02-20 21:00:00+00:00,0,0.0,21,5,2,1
2021-02-20 22:00:00+00:00,0,0.0,22,5,2,1
2021-02-20 23:00:00+00:00,1,10.335,23,5,2,1
2021-02-21 00:00:00+00:00,1,10.943951944444445,0,6,2,1
2021-02-21 01:00:00+00:00,2,13.987,1,6,2,1
2021-02-21 02:00:00+00:00,0,0.0,2,6,2,1
2021-02-21 03:00:00+00:00,0,0.0,3,6,2,1
2021-02-21 04:00:00+00:00,0,0.0,4,6,2,1
2021-02-21 05:00:00+00:00,0,0.0,5,6,2,1
2021-02-21 06:00:00+00:00,0,0.0,6,6,2,1
2021-02-21 07:00:00+00:00,0,0.0,7,6,2,1
2021-02-21 08:00:00+00:00,0,0.0,8,6,2,1
2021-02-21 09:00:00+00:00,0,0.0,9,6,2,1
2021-02-21 10:00:00+00:00,0,0.0,10,6,2,1
2021-02-21 11:00:00+00:00,0,0.0,11,6,2,1
2021-02-21 12:00:00+00:00,0,0.0,12,6,2,1
2021-02-21 13:00:00+00:00,0,0.0,13,6,2,1
2021-02-21 14:00:00+00:00,1,25.404,14,6,2,1
2021-02-21 15:00:00+00:00,0,0.0,15,6,2,1
2021-02-21 16:00:00+00:00,1,25.565,16,6,2,1
2021-02-21 17:00:00+00:00,0,0.0,17,6,2,1
2021-02-21 18:00:00+00:00,0,0.0,18,6,2,1
2021-02-21 19:00:00+00:00,1,7.454,19,6,2,1
2021-02-21 20:00:00+00:00,2,12.586,20,6,2,1
2021-02-21 21:00:00+00:00,1,7.092,21,6,2,1
2021-02-21 22:00:00+00:00,1,18.344,22,6,2,1
2021-02-21 23:00:00+00:00,0,0.0,23,6,2,1
2021-02-22 00:00:00+00:00,0,0.0,0,0,2,0
2021-02-22 01:00:00+00:00,0,0.0,1,0,2,0
2021-02-22 02:00:00+00:00,0,0.0,2,0,2,0
2021-02-22 03:00:00+00:00,0,0.0,3,0,2,0
2021-02-22 04:00:00+00:00,1,9.044,4,0,2,0
2021-02-22 05:00:00+00:00,0,0.0,5,0,2,0
2021-02-22 06:00:00+00:00,0,0.0,6,0,2,0
2021-02-22 07:00:00+00:00,0,0.0,7,0,2,0
2021-02-22 08:00:00+00:00,0,0.0,8,0,2,0
2021-02-22 09:00:00+00:00,0,0.0,9,0,2,0
2021-02-22 10:00:00+00:00,0,0.0,10,0,2,0
2021-02-22 11:00:00+00:00,0,0.0,11,0,2,0
2021-02-22 12:00:00+00:00,0,0.0,12,0,2,0
2021-02-22 13:00:00+00:00,0,0.0,13,0,2,0
2021-02-22 14:00:00+00:00,0,0.0,14,0,2,0
2021-02-22 15:00:00+00:00,0,0.0,15,0,2,0
2021-02-22 16:00:00+00:00,0,0.0,16,0,2,0
2021-02-22 17:00:00+00:00,2,24.496,17,0,2,0
2021-02-22 18:00:00+00:00,0,0.0,18,0,2,0
2021-02-22 19:00:00+00:00,1,6.265,19,0,2,0
2021-02-22 20:00:00+00:00,1,3.368,20,0,2,0
2021-02-22 21:00:00+00:00,1,2.89,21,0,2,0
2021-02-22 22:00:00+00:00,0,0.0,22,0,2,0
2021-02-22 23:00:00+00:00,1,1.713,23,0,2,0
2021-02-23 00:00:00+00:00,0,0.0,0,1,2,0
2021-02-23 01:00:00+00:00,0,0.0,1,1,2,0
2021-02-23 02:00:00+00:00,0,0.0,2,1,2,0
2021-02-23 03:00:00+00:00,0,0.0,3,1,2,0
2021-02-23 04:00:00+00:00,0,0.0,4,1,2,0
2021-02-23 05:00:00+00:00,0,0.0,5,1,2,0
2021-02-23 06:00:00+00:00,0,0.0,6,1,2,0
2021-02-23 07:00:00+00:00,0,0.0,7,1,2,0
2021-02-23 08:00:00+00:00,0,0.0,8,1,2,0
2021-02-23 09:00:00+00:00,0,0.0,9,1,2,0
2021-02-23 10:00:00+00:00,0,0.0,10,1,2,0
2021-02-23 11:00:00+00:00,0,0.0,11,1,2,0
2021-02-23 12:00:00+00:00,0,0.0,12,1,2,0
2021-02-23 13:00:00+00:00,0,0.0,13,1,2,0
2021-02-23 14:00:00+00:00,0,0.0,14,1,2,0
2021-02-23 15:00:00+00:00,0,0.0,15,1,2,0
2021-02-23 16:00:00+00:00,1,8.434,16,1,2,0
2021-02-23 17:00:00+00:00,1,10.328,17,1,2,0
2021-02-23 18:00:00+00:00,0,0.0,18,1,2,0
2021-02-23 19:00:00+00:00,0,0.0,19,1,2,0
2021-02-23 20:00:00+00:00,1,1.941,20,1,2,0
2021-02-23 21:00:00+00:00,2,14.121,21,1,2,0
2021-02-23 22:00:00+00:00,0,0.0,22,1,2,0
2021-02-23 23:00:00+00:00,0,0.0,23,1,2,0
2021-02-24 00:00:00+00:00,0,0.0,0,2,2,0
2021-02-24 01:00:00+00:00,0,0.0,1,2,2,0
2021-02-24 02:00:00+00:00,0,0.0,2,2,2,0
2021-02-24 03:00:00+00:00,0,0.0,3,2,2,0
2021-02-24 04:00:00+00:00,0,0.0,4,2,2,0
2021-02-24 05:00:00+00:00,0,0.0,5,2,2,0
2021-02-24 06:00:00+00:00,0,0.0,6,2,2,0
2021-02-24 07:00:00+00:00,0,0.0,7,2,2,0
2021-02-24 08:00:00+00:00,0,0.0,8,2,2,0
2021-02-24 09:00:00+00:00,0,0.0,9,2,2,0
2021-02-24 10:00:00+00:00,0,0.0,10,2,2,0
2021-02-24 11:00:00+00:00,0,0.0,11,2,2,0
2021-02-24 12:00:00+00:00,0,0.0,12,2,2,0
2021-02-24 13:00:00+00:00,0,0.0,13,2,2,0
2021-02-24 14:00:00+00:00,1,0.605,14,2,2,0
2021-02-24 15:00:00+00:00,0,0.0,15,2,2,0
2021-02-24 16:00:00+00:00,0,0.0,16,2,2,0
2021-02-24 17:00:00+00:00,0,0.0,17,2,2,0
2021-02-24 18:00:00+00:00,0,0.0,18,2,2,0
2021-02-24 19:00:00+00:00,0,0.0,19,2,2,0
2021-02-24 20:00:00+00:00,0,0.0,20,2,2,0
2021-02-24 21:00:00+00:00,2,11.864,21,2,2,0
2021-02-24 22:00:00+00:00,0,0.0,22,2,2,0
2021-02-24 23:00:00+00:00,0,0.0,23,2,2,0
2021-02-25 00:00:00+00:00,0,0.0,0,3,2,0
2021-02-25 01:00:00+00:00,0,0.0,1,3,2,0
2021-02-25 02:00:00+00:00,0,0.0,2,3,2,0
2021-02-25 03:00:00+00:00,0,0.0,3,3,2,0
2021-02-25 04:00:00+00:00,0,0.0,4,3,2,0
2021-02-25 05:00:00+00:00,0,0.0,5,3,2,0
2021-02-25 06:00:00+00:00,0,0.0,6,3,2,0
2021-02-25 07:00:00+00:00,0,0.0,7,3,2,0
2021-02-25 08:00:00+00:00,0,0.0,8,3,2,0
2021-02-25 09:00:00+00:00,0,0.0,9,3,2,0
2021-02-25 10:00:00+00:00,0,0.0,10,3,2,0
2021-02-25 11:00:00+00:00,0,0.0,11,3,2,0
2021-02-25 12:00:00+00:00,0,0.0,12,3,2,0
2021-02-25 13:00:00+00:00,0,0.0,13,3,2,0
2021-02-25 14:00:00+00:00,0,0.0,14,3,2,0
2021-02-25 15:00:00+00:00,0,0.0,15,3,2,0
2021-02-25 16:00:00+00:00,1,2.587,16,3,2,0
2021-02-25 17:00:00+00:00,0,0.0,17,3,2,0
2021-02-25 18:00:00+00:00,0,0.0,18,3,2,0
2021-02-25 19:00:00+00:00,1,9.943,19,3,2,0
2021-02-25 20:00:00+00:00,0,0.0,20,3,2,0
2021-02-25 21:00:00+00:00,0,0.0,21,3,2,0
2021-02-25 22:00:00+00:00,1,15.17,22,3,2,0
2021-02-25 23:00:00+00:00,0,0.0,23,3,2,0
2021-02-26 00:00:00+00:00,0,0.0,0,4,2,0
2021-02-26 01:00:00+00:00,0,0.0,1,4,2,0
2021-02-26 02:00:00+00:00,0,0.0,2,4,2,0
2021-02-26 03:00:00+00:00,0,0.0,3,4,2,0
2021-02-26 04:00:00+00:00,0,0.0,4,4,2,0
2021-02-26 05:00:00+00:00,0,0.0,5,4,2,0
2021-02-26 06:00:00+00:00,0,0.0,6,4,2,0
2021-02-26 07:00:00+00:00,0,0.0,7,4,2,0
2021-02-26 08:00:00+00:00,0,0.0,8,4,2,0
2021-02-26 09:00:00+00:00,0,0.0,9,4,2,0
2021-02-26 10:00:00+00:00,0,0.0,10,4,2,0
2021-02-26 11:00:00+00:00,0,0.0,11,4,2,0
2021-02-26 12:00:00+00:00,0,0.0,12,4,2,0
2021-02-26 13:00:00+00:00,0,0.0,13,4,2,0
2021-02-26 14:00:00+00:00,0,0.0,14,4,2,0
2021-02-26 15:00:00+00:00,0,0.0,15,4,2,0
2021-02-26 16:00:00+00:00,2,9.232,16,4,2,0
2021-02-26 17:00:00+00:00,1,5.339,17,4,2,0
2021-02-26 18:00:00+00:00,0,0.0,18,4,2,0
2021-02-26 19:00:00+00:00,2,6.305391278375212,19,4,2,0
2021-02-26 20:00:00+00:00,0,0.0,20,4,2,0
2021-02-26 21:00:00+00:00,0,0.0,21,4,2,0
2021-02-26 22:00:00+00:00,0,0.0,22,4,2,0
2021-02-26 23:00:00+00:00,0,0.0,23,4,2,0
2021-02-27 00:00:00+00:00,0,0.0,0,5,2,1
2021-02-27 01:00:00+00:00,0,0.0,1,5,2,1
2021-02-27 02:00:00+00:00,1,0.718,2,5,2,1
2021-02-27 03:00:00+00:00,1,15.436,3,5,2,1
2021-02-27 04:00:00+00:00,0,0.0,4,5,2,1
2021-02-27 05:00:00+00:00,0,0.0,5,5,2,1
2021-02-27 06:00:00+00:00,0,0.0,6,5,2,1
2021-02-27 07:00:00+00:00,0,0.0,7,5,2,1
2021-02-27 08:00:00+00:00,0,0.0,8,5,2,1
2021-02-27 09:00:00+00:00,0,0.0,9,5,2,1
2021-02-27 10:00:00+00:00,0,0.0,10,5,2,1
2021-02-27 11:00:00+00:00,0,0.0,11,5,2,1
2021-02-27 12:00:00+00:00,0,0.0,12,5,2,1
2021-02-27 13:00:00+00:00,0,0.0,13,5,2,1
2021-02-27 14:00:00+00:00,0,0.0,14,5,2,1
2021-02-27 15:00:00+00:00,0,0.0,15,5,2,1
2021-02-27 16:00:00+00:00,0,0.0,16,5,2,1
2021-02-27 17:00:00+00:00,1,7.08,17,5,2,1
2021-02-27 18:00:00+00:00,0,0.0,18,5,2,1
2021-02-27 19:00:00+00:00,0,0.0,19,5,2,1
2021-02-27 20:00:00+00:00,0,0.0,20,5,2,1
2021-02-27 21:00:00+00:00,0,0.0,21,5,2,1
2021-02-27 22:00:00+00:00,0,0.0,22,5,2,1
2021-02-27 23:00:00+00:00,1,3.883,23,5,2,1
2021-02-28 00:00:00+00:00,1,2.11,0,6,2,1
2021-02-28 01:00:00+00:00,0,0.0,1,6,2,1
2021-02-28 02:00:00+00:00,0,0.0,2,6,2,1
2021-02-28 03:00:00+00:00,0,0.0,3,6,2,1
2021-02-28 04:00:00+00:00,0,0.0,4,6,2,1
2021-02-28 05:00:00+00:00,0,0.0,5,6,2,1
2021-02-28 06:00:00+00:00,0,0.0,6,6,2,1
2021-02-28 07:00:00+00:00,0,0.0,7,6,2,1
2021-02-28 08:00:00+00:00,0,0.0,8,6,2,1
2021-02-28 09:00:00+00:00,0,0.0,9,6,2,1
2021-02-28 10:00:00+00:00,0,0.0,10,6,2,1
2021-02-28 11:00:00+00:00,0,0.0,11,6,2,1
2021-02-28 12:00:00+00:00,0,0.0,12,6,2,1
2021-02-28 13:00:00+00:00,0,0.0,13,6,2,1
2021-02-28 14:00:00+00:00,0,0.0,14,6,2,1
2021-02-28 15:00:00+00:00,0,0.0,15,6,2,1
2021-02-28 16:00:00+00:00,0,0.0,16,6,2,1
2021-02-28 17:00:00+00:00,0,0.0,17,6,2,1
2021-02-28 18:00:00+00:00,0,0.0,18,6,2,1
2021-02-28 19:00:00+00:00,0,0.0,19,6,2,1
2021-02-28 20:00:00+00:00,0,0.0,20,6,2,1
2021-02-28 21:00:00+00:00,0,0.0,21,6,2,1
2021-02-28 22:00:00+00:00,0,0.0,22,6,2,1
2021-02-28 23:00:00+00:00,0,0.0,23,6,2,1
2021-03-01 00:00:00+00:00,1,0.836,0,0,3,0
2021-03-01 01:00:00+00:00,1,8.122,1,0,3,0
2021-03-01 02:00:00+00:00,0,0.0,2,0,3,0
2021-03-01 03:00:00+00:00,0,0.0,3,0,3,0
2021-03-01 04:00:00+00:00,0,0.0,4,0,3,0
2021-03-01 05:00:00+00:00,0,0.0,5,0,3,0
2021-03-01 06:00:00+00:00,0,0.0,6,0,3,0
2021-03-01 07:00:00+00:00,0,0.0,7,0,3,0
2021-03-01 08:00:00+00:00,0,0.0,8,0,3,0
2021-03-01 09:00:00+00:00,0,0.0,9,0,3,0
2021-03-01 10:00:00+00:00,0,0.0,10,0,3,0
2021-03-01 11:00:00+00:00,0,0.0,11,0,3,0
2021-03-01 12:00:00+00:00,0,0.0,12,0,3,0
2021-03-01 13:00:00+00:00,0,0.0,13,0,3,0
2021-03-01 14:00:00+00:00,0,0.0,14,0,3,0
2021-03-01 15:00:00+00:00,1,9.204,15,0,3,0
2021-03-01 16:00:00+00:00,1,3.527,16,0,3,0
2021-03-01 17:00:00+00:00,0,0.0,17,0,3,0
2021-03-01 18:00:00+00:00,2,16.295,18,0,3,0
2021-03-01 19:00:00+00:00,1,2.911,19,0,3,0
2021-03-01 20:00:00+00:00,0,0.0,20,0,3,0
2021-03-01 21:00:00+00:00,1,6.13,21,0,3,0
2021-03-01 22:00:00+00:00,0,0.0,22,0,3,0
2021-03-01 23:00:00+00:00,0,0.0,23,0,3,0
2021-03-02 00:00:00+00:00,0,0.0,0,1,3,0
2021-03-02 01:00:00+00:00,0,0.0,1,1,3,0
2021-03-02 02:00:00+00:00,0,0.0,2,1,3,0
2021-03-02 03:00:00+00:00,1,0.981,3,1,3,0
2021-03-02 04:00:00+00:00,0,0.0,4,1,3,0
2021-03-02 05:00:00+00:00,0,0.0,5,1,3,0
2021-03-02 06:00:00+00:00,0,0.0,6,1,3,0
2021-03-02 07:00:00+00:00,0,0.0,7,1,3,0
2021-03-02 08:00:00+00:00,0,0.0,8,1,3,0
2021-03-02 09:00:00+00:00,0,0.0,9,1,3,0
2021-03-02 10:00:00+00:00,0,0.0,10,1,3,0
2021-03-02 11:00:00+00:00,0,0.0,11,1,3,0
2021-03-02 12:00:00+00:00,0,0.0,12,1,3,0
2021-03-02 13:00:00+00:00,0,0.0,13,1,3,0
2021-03-02 14:00:00+00:00,0,0.0,14,1,3,0
2021-03-02 15:00:00+00:00,0,0.0,15,1,3,0
2021-03-02 16:00:00+00:00,1,33.501,16,1,3,0
2021-03-02 17:00:00+00:00,0,0.0,17,1,3,0
2021-03-02 18:00:00+00:00,0,0.0,18,1,3,0
2021-03-02 19:00:00+00:00,0,0.0,19,1,3,0
2021-03-02 20:00:00+00:00,2,42.146,20,1,3,0
2021-03-02 21:00:00+00:00,1,4.479,21,1,3,0
2021-03-02 22:00:00+00:00,1,6.237,22,1,3,0
2021-03-02 23:00:00+00:00,0,0.0,23,1,3,0
2021-03-03 00:00:00+00:00,0,0.0,0,2,3,0
2021-03-03 01:00:00+00:00,0,0.0,1,2,3,0
2021-03-03 02:00:00+00:00,0,0.0,2,2,3,0
2021-03-03 03:00:00+00:00,0,0.0,3,2,3,0
2021-03-03 04:00:00+00:00,0,0.0,4,2,3,0
2021-03-03 05:00:00+00:00,0,0.0,5,2,3,0
2021-03-03 06:00:00+00:00,0,0.0,6,2,3,0
2021-03-03 07:00:00+00:00,0,0.0,7,2,3,0
2021-03-03 08:00:00+00:00,0,0.0,8,2,3,0
2021-03-03 09:00:00+00:00,0,0.0,9,2,3,0
2021-03-03 10:00:00+00:00,0,0.0,10,2,3,0
2021-03-03 11:00:00+00:00,0,0.0,11,2,3,0
2021-03-03 12:00:00+00:00,0,0.0,12,2,3,0
2021-03-03 13:00:00+00:00,0,0.0,13,2,3,0
2021-03-03 14:00:00+00:00,0,0.0,14,2,3,0
2021-03-03 15:00:00+00:00,0,0.0,15,2,3,0
2021-03-03 16:00:00+00:00,1,6.24,16,2,3,0
2021-03-03 17:00:00+00:00,0,0.0,17,2,3,0
2021-03-03 18:00:00+00:00,1,9.53,18,2,3,0
2021-03-03 19:00:00+00:00,0,0.0,19,2,3,0
2021-03-03 20:00:00+00:00,0,0.0,20,2,3,0
2021-03-03 21:00:00+00:00,0,0.0,21,2,3,0
2021-03-03 22:00:00+00:00,0,0.0,22,2,3,0
2021-03-03 23:00:00+00:00,1,2.321,23,2,3,0
2021-03-04 00:00:00+00:00,1,1.571,0,3,3,0
2021-03-04 01:00:00+00:00,0,0.0,1,3,3,0
2021-03-04 02:00:00+00:00,0,0.0,2,3,3,0
2021-03-04 03:00:00+00:00,0,0.0,3,3,3,0
2021-03-04 04:00:00+00:00,0,0.0,4,3,3,0
2021-03-04 05:00:00+00:00,0,0.0,5,3,3,0
2021-03-04 06:00:00+00:00,0,0.0,6,3,3,0
2021-03-04 07:00:00+00:00,0,0.0,7,3,3,0
2021-03-04 08:00:00+00:00,0,0.0,8,3,3,0
2021-03-04 09:00:00+00:00,0,0.0,9,3,3,0
2021-03-04 10:00:00+00:00,0,0.0,10,3,3,0
2021-03-04 11:00:00+00:00,0,0.0,11,3,3,0
2021-03-04 12:00:00+00:00,0,0.0,12,3,3,0
2021-03-04 13:00:00+00:00,0,0.0,13,3,3,0
2021-03-04 14:00:00+00:00,0,0.0,14,3,3,0
2021-03-04 15:00:00+00:00,0,0.0,15,3,3,0
2021-03-04 16:00:00+00:00,1,6.287,16,3,3,0
2021-03-04 17:00:00+00:00,1,4.79,17,3,3,0
2021-03-04 18:00:00+00:00,0,0.0,18,3,3,0
2021-03-04 19:00:00+00:00,0,0.0,19,3,3,0
2021-03-04 20:00:00+00:00,1,1.705,20,3,3,0
2021-03-04 21:00:00+00:00,0,0.0,21,3,3,0
2021-03-04 22:00:00+00:00,2,12.038,22,3,3,0
2021-03-04 23:00:00+00:00,0,0.0,23,3,3,0
2021-03-05 00:00:00+00:00,0,0.0,0,4,3,0
2021-03-05 01:00:00+00:00,0,0.0,1,4,3,0
2021-03-05 02:00:00+00:00,0,0.0,2,4,3,0
2021-03-05 03:00:00+00:00,0,0.0,3,4,3,0
2021-03-05 04:00:00+00:00,0,0.0,4,4,3,0
2021-03-05 05:00:00+00:00,0,0.0,5,4,3,0
2021-03-05 06:00:00+00:00,0,0.0,6,4,3,0
2021-03-05 07:00:00+00:00,0,0.0,7,4,3,0
2021-03-05 08:00:00+00:00,0,0.0,8,4,3,0
2021-03-05 09:00:00+00:00,0,0.0,9,4,3,0
2021-03-05 10:00:00+00:00,0,0.0,10,4,3,0
2021-03-05 11:00:00+00:00,0,0.0,11,4,3,0
2021-03-05 12:00:00+00:00,0,0.0,12,4,3,0
2021-03-05 13:00:00+00:00,0,0.0,13,4,3,0
2021-03-05 14:00:00+00:00,0,0.0,14,4,3,0
2021-03-05 15:00:00+00:00,0,0.0,15,4,3,0
2021-03-05 16:00:00+00:00,0,0.0,16,4,3,0
2021-03-05 17:00:00+00:00,0,0.0,17,4,3,0
2021-03-05 18:00:00+00:00,1,6.141,18,4,3,0
2021-03-05 19:00:00+00:00,1,6.576,19,4,3,0
2021-03-05 20:00:00+00:00,0,0.0,20,4,3,0
2021-03-05 21:00:00+00:00,1,2.439,21,4,3,0
2021-03-05 22:00:00+00:00,0,0.0,22,4,3,0
2021-03-05 23:00:00+00:00,0,0.0,23,4,3,0
2021-03-06 00:00:00+00:00,1,1.734,0,5,3,1
2021-03-06 01:00:00+00:00,0,0.0,1,5,3,1
2021-03-06 02:00:00+00:00,2,32.749,2,5,3,1
2021-03-06 03:00:00+00:00,0,0.0,3,5,3,1
2021-03-06 04:00:00+00:00,0,0.0,4,5,3,1
2021-03-06 05:00:00+00:00,0,0.0,5,5,3,1
2021-03-06 06:00:00+00:00,0,0.0,6,5,3,1
2021-03-06 07:00:00+00:00,0,0.0,7,5,3,1
2021-03-06 08:00:00+00:00,0,0.0,8,5,3,1
2021-03-06 09:00:00+00:00,0,0.0,9,5,3,1
2021-03-06 10:00:00+00:00,0,0.0,10,5,3,1
2021-03-06 11:00:00+00:00,0,0.0,11,5,3,1
2021-03-06 12:00:00+00:00,0,0.0,12,5,3,1
2021-03-06 13:00:00+00:00,0,0.0,13,5,3,1
2021-03-06 14:00:00+00:00,0,0.0,14,5,3,1
2021-03-06 15:00:00+00:00,0,0.0,15,5,3,1
2021-03-06 16:00:00+00:00,0,0.0,16,5,3,1
2021-03-06 17:00:00+00:00,0,0.0,17,5,3,1
2021-03-06 18:00:00+00:00,0,0.0,18,5,3,1
2021-03-06 19:00:00+00:00,0,0.0,19,5,3,1
2021-03-06 20:00:00+00:00,0,0.0,20,5,3,1
2021-03-06 21:00:00+00:00,0,0.0,21,5,3,1
2021-03-06 22:00:00+00:00,3,8.516,22,5,3,1
2021-03-06 23:00:00+00:00,1,12.672,23,5,3,1
2021-03-07 00:00:00+00:00,0,0.0,0,6,3,1
2021-03-07 01:00:00+00:00,1,9.214,1,6,3,1
2021-03-07 02:00:00+00:00,0,0.0,2,6,3,1
2021-03-07 03:00:00+00:00,0,0.0,3,6,3,1
2021-03-07 04:00:00+00:00,0,0.0,4,6,3,1
2021-03-07 05:00:00+00:00,0,0.0,5,6,3,1
2021-03-07 06:00:00+00:00,0,0.0,6,6,3,1
2021-03-07 07:00:00+00:00,0,0.0,7,6,3,1
2021-03-07 08:00:00+00:00,0,0.0,8,6,3,1
2021-03-07 09:00:00+00:00,0,0.0,9,6,3,1
2021-03-07 10:00:00+00:00,0,0.0,10,6,3,1
2021-03-07 11:00:00+00:00,0,0.0,11,6,3,1
2021-03-07 12:00:00+00:00,0,0.0,12,6,3,1
2021-03-07 13:00:00+00:00,0,0.0,13,6,3,1
2021-03-07 14:00:00+00:00,0,0.0,14,6,3,1
2021-03-07 15:00:00+00:00,0,0.0,15,6,3,1
2021-03-07 16:00:00+00:00,0,0.0,16,6,3,1
2021-03-07 17:00:00+00:00,0,0.0,17,6,3,1
2021-03-07 18:00:00+00:00,1,2.415,18,6,3,1
2021-03-07 19:00:00+00:00,2,8.946000000000002,19,6,3,1
2021-03-07 20:00:00+00:00,1,0.804,20,6,3,1
2021-03-07 21:00:00+00:00,0,0.0,21,6,3,1
2021-03-07 22:00:00+00:00,0,0.0,22,6,3,1
2021-03-07 23:00:00+00:00,0,0.0,23,6,3,1
2021-03-08 00:00:00+00:00,0,0.0,0,0,3,0
2021-03-08 01:00:00+00:00,0,0.0,1,0,3,0
2021-03-08 02:00:00+00:00,0,0.0,2,0,3,0
2021-03-08 03:00:00+00:00,0,0.0,3,0,3,0
2021-03-08 04:00:00+00:00,0,0.0,4,0,3,0
2021-03-08 05:00:00+00:00,0,0.0,5,0,3,0
2021-03-08 06:00:00+00:00,0,0.0,6,0,3,0
2021-03-08 07:00:00+00:00,0,0.0,7,0,3,0
2021-03-08 08:00:00+00:00,0,0.0,8,0,3,0
2021-03-08 09:00:00+00:00,0,0.0,9,0,3,0
2021-03-08 10:00:00+00:00,0,0.0,10,0,3,0
2021-03-08 11:00:00+00:00,0,0.0,11,0,3,0
2021-03-08 12:00:00+00:00,0,0.0,12,0,3,0
2021-03-08 13:00:00+00:00,0,0.0,13,0,3,0
2021-03-08 14:00:00+00:00,0,0.0,14,0,3,0
2021-03-08 15:00:00+00:00,0,0.0,15,0,3,0
2021-03-08 16:00:00+00:00,0,0.0,16,0,3,0
2021-03-08 17:00:00+00:00,1,4.466,17,0,3,0
2021-03-08 18:00:00+00:00,2,7.603,18,0,3,0
2021-03-08 19:00:00+00:00,1,2.022,19,0,3,0
2021-03-08 20:00:00+00:00,1,2.607,20,0,3,0
2021-03-08 21:00:00+00:00,1,3.51,21,0,3,0
2021-03-08 22:00:00+00:00,1,13.543,22,0,3,0
2021-03-08 23:00:00+00:00,1,10.083,23,0,3,0
2021-03-09 00:00:00+00:00,0,0.0,0,1,3,0
2021-03-09 01:00:00+00:00,0,0.0,1,1,3,0
2021-03-09 02:00:00+00:00,1,10.69,2,1,3,0
2021-03-09 03:00:00+00:00,2,17.389,3,1,3,0
2021-03-09 04:00:00+00:00,0,0.0,4,1,3,0
2021-03-09 05:00:00+00:00,0,0.0,5,1,3,0
2021-03-09 06:00:00+00:00,0,0.0,6,1,3,0
2021-03-09 07:00:00+00:00,0,0.0,7,1,3,0
2021-03-09 08:00:00+00:00,0,0.0,8,1,3,0
2021-03-09 09:00:00+00:00,0,0.0,9,1,3,0
2021-03-09 10:00:00+00:00,0,0.0,10,1,3,0
2021-03-09 11:00:00+00:00,0,0.0,11,1,3,0
2021-03-09 12:00:00+00:00,0,0.0,12,1,3,0
2021-03-09 13:00:00+00:00,0,0.0,13,1,3,0
2021-03-09 14:00:00+00:00,0,0.0,14,1,3,0
2021-03-09 15:00:00+00:00,0,0.0,15,1,3,0
2021-03-09 16:00:00+00:00,1,6.253,16,1,3,0
2021-03-09 17:00:00+00:00,2,19.079,17,1,3,0
2021-03-09 18:00:00+00:00,0,0.0,18,1,3,0
2021-03-09 19:00:00+00:00,0,0.0,19,1,3,0
2021-03-09 20:00:00+00:00,0,0.0,20,1,3,0
2021-03-09 21:00:00+00:00,3,9.471,21,1,3,0
2021-03-09 22:00:00+00:00,0,0.0,22,1,3,0
2021-03-09 23:00:00+00:00,0,0.0,23,1,3,0
2021-03-10 00:00:00+00:00,0,0.0,0,2,3,0
2021-03-10 01:00:00+00:00,1,17.55,1,2,3,0
2021-03-10 02:00:00+00:00,1,8.571,2,2,3,0
2021-03-10 03:00:00+00:00,0,0.0,3,2,3,0
2021-03-10 04:00:00+00:00,0,0.0,4,2,3,0
2021-03-10 05:00:00+00:00,1,30.662,5,2,3,0
2021-03-10 06:00:00+00:00,0,0.0,6,2,3,0
2021-03-10 07:00:00+00:00,0,0.0,7,2,3,0
2021-03-10 08:00:00+00:00,0,0.0,8,2,3,0
2021-03-10 09:00:00+00:00,0,0.0,9,2,3,0
2021-03-10 10:00:00+00:00,0,0.0,10,2,3,0
2021-03-10 11:00:00+00:00,0,0.0,11,2,3,0
2021-03-10 12:00:00+00:00,0,0.0,12,2,3,0
2021-03-10 13:00:00+00:00,0,0.0,13,2,3,0
2021-03-10 14:00:00+00:00,0,0.0,14,2,3,0
2021-03-10 15:00:00+00:00,0,0.0,15,2,3,0
2021-03-10 16:00:00+00:00,1,17.547,16,2,3,0
2021-03-10 17:00:00+00:00,0,0.0,17,2,3,0
2021-03-10 18:00:00+00:00,0,0.0,18,2,3,0
2021-03-10 19:00:00+00:00,1,6.634,19,2,3,0
2021-03-10 20:00:00+00:00,1,13.95,20,2,3,0
2021-03-10 21:00:00+00:00,1,11.714,21,2,3,0
2021-03-10 22:00:00+00:00,0,0.0,22,2,3,0
2021-03-10 23:00:00+00:00,0,0.0,23,2,3,0
2021-03-11 00:00:00+00:00,1,2.086,0,3,3,0
2021-03-11 01:00:00+00:00,1,40.164,1,3,3,0
2021-03-11 02:00:00+00:00,0,0.0,2,3,3,0
2021-03-11 03:00:00+00:00,0,0.0,3,3,3,0
2021-03-11 04:00:00+00:00,1,27.683,4,3,3,0
2021-03-11 05:00:00+00:00,0,0.0,5,3,3,0
2021-03-11 06:00:00+00:00,0,0.0,6,3,3,0
2021-03-11 07:00:00+00:00,0,0.0,7,3,3,0
2021-03-11 08:00:00+00:00,0,0.0,8,3,3,0
2021-03-11 09:00:00+00:00,0,0.0,9,3,3,0
2021-03-11 10:00:00+00:00,0,0.0,10,3,3,0
2021-03-11 11:00:00+00:00,0,0.0,11,3,3,0
2021-03-11 12:00:00+00:00,0,0.0,12,3,3,0
2021-03-11 13:00:00+00:00,0,0.0,13,3,3,0
2021-03-11 14:00:00+00:00,1,36.465,14,3,3,0
2021-03-11 15:00:00+00:00,0,0.0,15,3,3,0
2021-03-11 16:00:00+00:00,2,38.888,16,3,3,0
2021-03-11 17:00:00+00:00,2,14.136,17,3,3,0
2021-03-11 18:00:00+00:00,0,0.0,18,3,3,0
2021-03-11 19:00:00+00:00,1,11.393,19,3,3,0
2021-03-11 20:00:00+00:00,0,0.0,20,3,3,0
2021-03-11 21:00:00+00:00,0,0.0,21,3,3,0
2021-03-11 22:00:00+00:00,0,0.0,22,3,3,0
2021-03-11 23:00:00+00:00,0,0.0,23,3,3,0
2021-03-12 00:00:00+00:00,0,0.0,0,4,3,0
2021-03-12 01:00:00+00:00,0,0.0,1,4,3,0
2021-03-12 02:00:00+00:00,0,0.0,2,4,3,0
2021-03-12 03:00:00+00:00,0,0.0,3,4,3,0
2021-03-12 04:00:00+00:00,0,0.0,4,4,3,0
2021-03-12 05:00:00+00:00,0,0.0,5,4,3,0
2021-03-12 06:00:00+00:00,0,0.0,6,4,3,0
2021-03-12 07:00:00+00:00,0,0.0,7,4,3,0
2021-03-12 08:00:00+00:00,0,0.0,8,4,3,0
2021-03-12 09:00:00+00:00,0,0.0,9,4,3,0
2021-03-12 10:00:00+00:00,0,0.0,10,4,3,0
2021-03-12 11:00:00+00:00,0,0.0,11,4,3,0
2021-03-12 12:00:00+00:00,0,0.0,12,4,3,0
2021-03-12 13:00:00+00:00,0,0.0,13,4,3,0
2021-03-12 14:00:00+00:00,0,0.0,14,4,3,0
2021-03-12 15:00:00+00:00,0,0.0,15,4,3,0
2021-03-12 16:00:00+00:00,1,8.78,16,4,3,0
2021-03-12 17:00:00+00:00,1,3.35,17,4,3,0
2021-03-12 18:00:00+00:00,0,0.0,18,4,3,0
2021-03-12 19:00:00+00:00,2,45.514,19,4,3,0
2021-03-12 20:00:00+00:00,0,0.0,20,4,3,0
2021-03-12 21:00:00+00:00,1,6.396,21,4,3,0
2021-03-12 22:00:00+00:00,1,2.316,22,4,3,0
2021-03-12 23:00:00+00:00,0,0.0,23,4,3,0
2021-03-13 00:00:00+00:00,1,27.158,0,5,3,1
2021-03-13 01:00:00+00:00,1,28.81,1,5,3,1
2021-03-13 02:00:00+00:00,0,0.0,2,5,3,1
2021-03-13 03:00:00+00:00,0,0.0,3,5,3,1
2021-03-13 04:00:00+00:00,0,0.0,4,5,3,1
2021-03-13 05:00:00+00:00,0,0.0,5,5,3,1
2021-03-13 06:00:00+00:00,0,0.0,6,5,3,1
2021-03-13 07:00:00+00:00,0,0.0,7,5,3,1
2021-03-13 08:00:00+00:00,0,0.0,8,5,3,1
2021-03-13 09:00:00+00:00,0,0.0,9,5,3,1
2021-03-13 10:00:00+00:00,0,0.0,10,5,3,1
2021-03-13 11:00:00+00:00,0,0.0,11,5,3,1
2021-03-13 12:00:00+00:00,0,0.0,12,5,3,1
2021-03-13 13:00:00+00:00,0,0.0,13,5,3,1
2021-03-13 14:00:00+00:00,0,0.0,14,5,3,1
2021-03-13 15:00:00+00:00,0,0.0,15,5,3,1
2021-03-13 16:00:00+00:00,0,0.0,16,5,3,1
2021-03-13 17:00:00+00:00,1,0.848,17,5,3,1
2021-03-13 18:00:00+00:00,1,20.968,18,5,3,1
2021-03-13 19:00:00+00:00,0,0.0,19,5,3,1
2021-03-13 20:00:00+00:00,2,22.234,20,5,3,1
2021-03-13 21:00:00+00:00,0,0.0,21,5,3,1
2021-03-13 22:00:00+00:00,2,53.120999999999995,22,5,3,1
2021-03-13 23:00:00+00:00,1,0.968,23,5,3,1
2021-03-14 00:00:00+00:00,2,13.91,0,6,3,1
2021-03-14 01:00:00+00:00,0,0.0,1,6,3,1
2021-03-14 02:00:00+00:00,0,0.0,2,6,3,1
2021-03-14 03:00:00+00:00,0,0.0,3,6,3,1
2021-03-14 04:00:00+00:00,1,12.917,4,6,3,1
2021-03-14 05:00:00+00:00,0,0.0,5,6,3,1
2021-03-14 06:00:00+00:00,0,0.0,6,6,3,1
2021-03-14 07:00:00+00:00,0,0.0,7,6,3,1
2021-03-14 08:00:00+00:00,0,0.0,8,6,3,1
2021-03-14 09:00:00+00:00,0,0.0,9,6,3,1
2021-03-14 10:00:00+00:00,0,0.0,10,6,3,1
2021-03-14 11:00:00+00:00,0,0.0,11,6,3,1
2021-03-14 12:00:00+00:00,0,0.0,12,6,3,1
2021-03-14 13:00:00+00:00,0,0.0,13,6,3,1
2021-03-14 14:00:00+00:00,0,0.0,14,6,3,1
2021-03-14 15:00:00+00:00,0,0.0,15,6,3,1
2021-03-14 16:00:00+00:00,0,0.0,16,6,3,1
2021-03-14 17:00:00+00:00,1,43.362,17,6,3,1
2021-03-14 18:00:00+00:00,1,0.892,18,6,3,1
2021-03-14 19:00:00+00:00,1,6.536,19,6,3,1
2021-03-14 20:00:00+00:00,0,0.0,20,6,3,1
2021-03-14 21:00:00+00:00,0,0.0,21,6,3,1
2021-03-14 22:00:00+00:00,0,0.0,22,6,3,1
2021-03-14 23:00:00+00:00,0,0.0,23,6,3,1
2021-03-15 00:00:00+00:00,0,0.0,0,0,3,0
2021-03-15 01:00:00+00:00,0,0.0,1,0,3,0
2021-03-15 02:00:00+00:00,0,0.0,2,0,3,0
2021-03-15 03:00:00+00:00,0,0.0,3,0,3,0
2021-03-15 04:00:00+00:00,0,0.0,4,0,3,0
2021-03-15 05:00:00+00:00,0,0.0,5,0,3,0
2021-03-15 06:00:00+00:00,0,0.0,6,0,3,0
2021-03-15 07:00:00+00:00,0,0.0,7,0,3,0
2021-03-15 08:00:00+00:00,0,0.0,8,0,3,0
2021-03-15 09:00:00+00:00,0,0.0,9,0,3,0
2021-03-15 10:00:00+00:00,0,0.0,10,0,3,0
2021-03-15 11:00:00+00:00,0,0.0,11,0,3,0
2021-03-15 12:00:00+00:00,0,0.0,12,0,3,0
2021-03-15 13:00:00+00:00,0,0.0,13,0,3,0
2021-03-15 14:00:00+00:00,0,0.0,14,0,3,0
2021-03-15 15:00:00+00:00,0,0.0,15,0,3,0
2021-03-15 16:00:00+00:00,0,0.0,16,0,3,0
2021-03-15 17:00:00+00:00,1,5.568,17,0,3,0
2021-03-15 18:00:00+00:00,0,0.0,18,0,3,0
2021-03-15 19:00:00+00:00,2,8.176,19,0,3,0
2021-03-15 20:00:00+00:00,2,19.059,20,0,3,0
2021-03-15 21:00:00+00:00,0,0.0,21,0,3,0
2021-03-15 22:00:00+00:00,0,0.0,22,0,3,0
2021-03-15 23:00:00+00:00,1,0.671,23,0,3,0
2021-03-16 00:00:00+00:00,0,0.0,0,1,3,0
2021-03-16 01:00:00+00:00,0,0.0,1,1,3,0
2021-03-16 02:00:00+00:00,0,0.0,2,1,3,0
2021-03-16 03:00:00+00:00,0,0.0,3,1,3,0
2021-03-16 04:00:00+00:00,1,3.468,4,1,3,0
2021-03-16 05:00:00+00:00,0,0.0,5,1,3,0
2021-03-16 06:00:00+00:00,0,0.0,6,1,3,0
2021-03-16 07:00:00+00:00,0,0.0,7,1,3,0
2021-03-16 08:00:00+00:00,0,0.0,8,1,3,0
2021-03-16 09:00:00+00:00,0,0.0,9,1,3,0
2021-03-16 10:00:00+00:00,0,0.0,10,1,3,0
2021-03-16 11:00:00+00:00,0,0.0,11,1,3,0
2021-03-16 12:00:00+00:00,0,0.0,12,1,3,0
2021-03-16 13:00:00+00:00,0,0.0,13,1,3,0
2021-03-16 14:00:00+00:00,0,0.0,14,1,3,0
2021-03-16 15:00:00+00:00,0,0.0,15,1,3,0
2021-03-16 16:00:00+00:00,1,0.79,16,1,3,0
2021-03-16 17:00:00+00:00,1,6.598,17,1,3,0
2021-03-16 18:00:00+00:00,0,0.0,18,1,3,0
2021-03-16 19:00:00+00:00,2,5.515000000000001,19,1,3,0
2021-03-16 20:00:00+00:00,2,35.734,20,1,3,0
2021-03-16 21:00:00+00:00,0,0.0,21,1,3,0
2021-03-16 22:00:00+00:00,0,0.0,22,1,3,0
2021-03-16 23:00:00+00:00,1,23.07,23,1,3,0
2021-03-17 00:00:00+00:00,1,4.965,0,2,3,0
2021-03-17 01:00:00+00:00,0,0.0,1,2,3,0
2021-03-17 02:00:00+00:00,0,0.0,2,2,3,0
2021-03-17 03:00:00+00:00,1,14.566,3,2,3,0
2021-03-17 04:00:00+00:00,1,15.215,4,2,3,0
2021-03-17 05:00:00+00:00,0,0.0,5,2,3,0
2021-03-17 06:00:00+00:00,0,0.0,6,2,3,0
2021-03-17 07:00:00+00:00,0,0.0,7,2,3,0
2021-03-17 08:00:00+00:00,0,0.0,8,2,3,0
2021-03-17 09:00:00+00:00,0,0.0,9,2,3,0
2021-03-17 10:00:00+00:00,0,0.0,10,2,3,0
2021-03-17 11:00:00+00:00,0,0.0,11,2,3,0
2021-03-17 12:00:00+00:00,0,0.0,12,2,3,0
2021-03-17 13:00:00+00:00,1,30.733,13,2,3,0
2021-03-17 14:00:00+00:00,0,0.0,14,2,3,0
2021-03-17 15:00:00+00:00,1,8.457,15,2,3,0
2021-03-17 16:00:00+00:00,0,0.0,16,2,3,0
2021-03-17 17:00:00+00:00,0,0.0,17,2,3,0
2021-03-17 18:00:00+00:00,0,0.0,18,2,3,0
2021-03-17 19:00:00+00:00,1,1.807,19,2,3,0
2021-03-17 20:00:00+00:00,2,6.955,20,2,3,0
2021-03-17 21:00:00+00:00,0,0.0,21,2,3,0
2021-03-17 22:00:00+00:00,0,0.0,22,2,3,0
2021-03-17 23:00:00+00:00,1,48.297,23,2,3,0
2021-03-18 00:00:00+00:00,0,0.0,0,3,3,0
2021-03-18 01:00:00+00:00,0,0.0,1,3,3,0
2021-03-18 02:00:00+00:00,1,1.04,2,3,3,0
2021-03-18 03:00:00+00:00,1,35.006,3,3,3,0
2021-03-18 04:00:00+00:00,0,0.0,4,3,3,0
2021-03-18 05:00:00+00:00,0,0.0,5,3,3,0
2021-03-18 06:00:00+00:00,1,5.527,6,3,3,0
2021-03-18 07:00:00+00:00,0,0.0,7,3,3,0
2021-03-18 08:00:00+00:00,1,2.282,8,3,3,0
2021-03-18 09:00:00+00:00,0,0.0,9,3,3,0
2021-03-18 10:00:00+00:00,0,0.0,10,3,3,0
2021-03-18 11:00:00+00:00,0,0.0,11,3,3,0
2021-03-18 12:00:00+00:00,0,0.0,12,3,3,0
2021-03-18 13:00:00+00:00,0,0.0,13,3,3,0
2021-03-18 14:00:00+00:00,0,0.0,14,3,3,0
2021-03-18 15:00:00+00:00,1,3.281,15,3,3,0
2021-03-18 16:00:00+00:00,4,39.476,16,3,3,0
2021-03-18 17:00:00+00:00,0,0.0,17,3,3,0
2021-03-18 18:00:00+00:00,0,0.0,18,3,3,0
2021-03-18 19:00:00+00:00,1,7.661,19,3,3,0
2021-03-18 20:00:00+00:00,1,5.738,20,3,3,0
2021-03-18 21:00:00+00:00,1,2.943,21,3,3,0
2021-03-18 22:00:00+00:00,1,9.196,22,3,3,0
2021-03-18 23:00:00+00:00,0,0.0,23,3,3,0
2021-03-19 00:00:00+00:00,1,17.581,0,4,3,0
2021-03-19 01:00:00+00:00,0,0.0,1,4,3,0
2021-03-19 02:00:00+00:00,0,0.0,2,4,3,0
2021-03-19 03:00:00+00:00,1,14.788,3,4,3,0
2021-03-19 04:00:00+00:00,1,26.916,4,4,3,0
2021-03-19 05:00:00+00:00,0,0.0,5,4,3,0
2021-03-19 06:00:00+00:00,0,0.0,6,4,3,0
2021-03-19 07:00:00+00:00,0,0.0,7,4,3,0
2021-03-19 08:00:00+00:00,0,0.0,8,4,3,0
2021-03-19 09:00:00+00:00,0,0.0,9,4,3,0
2021-03-19 10:00:00+00:00,0,0.0,10,4,3,0
2021-03-19 11:00:00+00:00,0,0.0,11,4,3,0
2021-03-19 12:00:00+00:00,0,0.0,12,4,3,0
2021-03-19 13:00:00+00:00,0,0.0,13,4,3,0
2021-03-19 14:00:00+00:00,0,0.0,14,4,3,0
2021-03-19 15:00:00+00:00,2,31.619999999999997,15,4,3,0
2021-03-19 16:00:00+00:00,2,6.308,16,4,3,0
2021-03-19 17:00:00+00:00,2,15.624,17,4,3,0
2021-03-19 18:00:00+00:00,2,3.2880000000000003,18,4,3,0
2021-03-19 19:00:00+00:00,1,8.952,19,4,3,0
2021-03-19 20:00:00+00:00,1,6.393,20,4,3,0
2021-03-19 21:00:00+00:00,0,0.0,21,4,3,0
2021-03-19 22:00:00+00:00,1,2.011,22,4,3,0
2021-03-19 23:00:00+00:00,0,0.0,23,4,3,0
2021-03-20 00:00:00+00:00,0,0.0,0,5,3,1
2021-03-20 01:00:00+00:00,1,5.079,1,5,3,1
2021-03-20 02:00:00+00:00,0,0.0,2,5,3,1
2021-03-20 03:00:00+00:00,1,13.553,3,5,3,1
2021-03-20 04:00:00+00:00,0,0.0,4,5,3,1
2021-03-20 05:00:00+00:00,1,9.961,5,5,3,1
2021-03-20 06:00:00+00:00,0,0.0,6,5,3,1
2021-03-20 07:00:00+00:00,0,0.0,7,5,3,1
2021-03-20 08:00:00+00:00,0,0.0,8,5,3,1
2021-03-20 09:00:00+00:00,0,0.0,9,5,3,1
2021-03-20 10:00:00+00:00,0,0.0,10,5,3,1
2021-03-20 11:00:00+00:00,0,0.0,11,5,3,1
2021-03-20 12:00:00+00:00,0,0.0,12,5,3,1
2021-03-20 13:00:00+00:00,0,0.0,13,5,3,1
2021-03-20 14:00:00+00:00,0,0.0,14,5,3,1
2021-03-20 15:00:00+00:00,0,0.0,15,5,3,1
2021-03-20 16:00:00+00:00,0,0.0,16,5,3,1
2021-03-20 17:00:00+00:00,0,0.0,17,5,3,1
2021-03-20 18:00:00+00:00,2,14.725,18,5,3,1
2021-03-20 19:00:00+00:00,1,29.371,19,5,3,1
2021-03-20 20:00:00+00:00,0,0.0,20,5,3,1
2021-03-20 21:00:00+00:00,1,9.711,21,5,3,1
2021-03-20 22:00:00+00:00,0,0.0,22,5,3,1
2021-03-20 23:00:00+00:00,1,2.269,23,5,3,1
2021-03-21 00:00:00+00:00,0,0.0,0,6,3,1
2021-03-21 01:00:00+00:00,0,0.0,1,6,3,1
2021-03-21 02:00:00+00:00,1,5.319,2,6,3,1
2021-03-21 03:00:00+00:00,1,10.75,3,6,3,1
2021-03-21 04:00:00+00:00,0,0.0,4,6,3,1
2021-03-21 05:00:00+00:00,0,0.0,5,6,3,1
2021-03-21 06:00:00+00:00,0,0.0,6,6,3,1
2021-03-21 07:00:00+00:00,0,0.0,7,6,3,1
2021-03-21 08:00:00+00:00,0,0.0,8,6,3,1
2021-03-21 09:00:00+00:00,0,0.0,9,6,3,1
2021-03-21 10:00:00+00:00,0,0.0,10,6,3,1
2021-03-21 11:00:00+00:00,0,0.0,11,6,3,1
2021-03-21 12:00:00+00:00,0,0.0,12,6,3,1
2021-03-21 13:00:00+00:00,0,0.0,13,6,3,1
2021-03-21 14:00:00+00:00,0,0.0,14,6,3,1
2021-03-21 15:00:00+00:00,0,0.0,15,6,3,1
2021-03-21 16:00:00+00:00,0,0.0,16,6,3,1
2021-03-21 17:00:00+00:00,1,28.53,17,6,3,1
2021-03-21 18:00:00+00:00,0,0.0,18,6,3,1
2021-03-21 19:00:00+00:00,0,0.0,19,6,3,1
2021-03-21 20:00:00+00:00,2,29.345,20,6,3,1
2021-03-21 21:00:00+00:00,0,0.0,21,6,3,1
2021-03-21 22:00:00+00:00,1,7.788,22,6,3,1
2021-03-21 23:00:00+00:00,0,0.0,23,6,3,1
2021-03-22 00:00:00+00:00,1,2.264,0,0,3,0
2021-03-22 01:00:00+00:00,0,0.0,1,0,3,0
2021-03-22 02:00:00+00:00,1,0.825,2,0,3,0
2021-03-22 03:00:00+00:00,0,0.0,3,0,3,0
2021-03-22 04:00:00+00:00,0,0.0,4,0,3,0
2021-03-22 05:00:00+00:00,1,49.559,5,0,3,0
2021-03-22 06:00:00+00:00,0,0.0,6,0,3,0
2021-03-22 07:00:00+00:00,0,0.0,7,0,3,0
2021-03-22 08:00:00+00:00,0,0.0,8,0,3,0
2021-03-22 09:00:00+00:00,0,0.0,9,0,3,0
2021-03-22 10:00:00+00:00,0,0.0,10,0,3,0
2021-03-22 11:00:00+00:00,0,0.0,11,0,3,0
2021-03-22 12:00:00+00:00,0,0.0,12,0,3,0
2021-03-22 13:00:00+00:00,0,0.0,13,0,3,0
2021-03-22 14:00:00+00:00,0,0.0,14,0,3,0
2021-03-22 15:00:00+00:00,0,0.0,15,0,3,0
2021-03-22 16:00:00+00:00,0,0.0,16,0,3,0
2021-03-22 17:00:00+00:00,2,13.271,17,0,3,0
2021-03-22 18:00:00+00:00,1,3.521,18,0,3,0
2021-03-22 19:00:00+00:00,1,14.342,19,0,3,0
2021-03-22 20:00:00+00:00,0,0.0,20,0,3,0
2021-03-22 21:00:00+00:00,0,0.0,21,0,3,0
2021-03-22 22:00:00+00:00,1,2.68,22,0,3,0
2021-03-22 23:00:00+00:00,0,0.0,23,0,3,0
2021-03-23 00:00:00+00:00,0,0.0,0,1,3,0
2021-03-23 01:00:00+00:00,2,10.738,1,1,3,0
2021-03-23 02:00:00+00:00,0,0.0,2,1,3,0
2021-03-23 03:00:00+00:00,1,7.242,3,1,3,0
2021-03-23 04:00:00+00:00,0,0.0,4,1,3,0
2021-03-23 05:00:00+00:00,0,0.0,5,1,3,0
2021-03-23 06:00:00+00:00,0,0.0,6,1,3,0
2021-03-23 07:00:00+00:00,0,0.0,7,1,3,0
2021-03-23 08:00:00+00:00,0,0.0,8,1,3,0
2021-03-23 09:00:00+00:00,0,0.0,9,1,3,0
2021-03-23 10:00:00+00:00,0,0.0,10,1,3,0
2021-03-23 11:00:00+00:00,0,0.0,11,1,3,0
2021-03-23 12:00:00+00:00,0,0.0,12,1,3,0
2021-03-23 13:00:00+00:00,0,0.0,13,1,3,0
2021-03-23 14:00:00+00:00,0,0.0,14,1,3,0
2021-03-23 15:00:00+00:00,1,7.749,15,1,3,0
2021-03-23 16:00:00+00:00,0,0.0,16,1,3,0
2021-03-23 17:00:00+00:00,0,0.0,17,1,3,0
2021-03-23 18:00:00+00:00,1,0.854,18,1,3,0
2021-03-23 19:00:00+00:00,0,0.0,19,1,3,0
2021-03-23 20:00:00+00:00,3,32.754,20,1,3,0
2021-03-23 21:00:00+00:00,1,2.272,21,1,3,0
2021-03-23 22:00:00+00:00,0,0.0,22,1,3,0
2021-03-23 23:00:00+00:00,2,36.486,23,1,3,0
2021-03-24 00:00:00+00:00,0,0.0,0,2,3,0
2021-03-24 01:00:00+00:00,0,0.0,1,2,3,0
2021-03-24 02:00:00+00:00,1,38.449,2,2,3,0
2021-03-24 03:00:00+00:00,0,0.0,3,2,3,0
2021-03-24 04:00:00+00:00,0,0.0,4,2,3,0
2021-03-24 05:00:00+00:00,0,0.0,5,2,3,0
2021-03-24 06:00:00+00:00,0,0.0,6,2,3,0
2021-03-24 07:00:00+00:00,0,0.0,7,2,3,0
2021-03-24 08:00:00+00:00,0,0.0,8,2,3,0
2021-03-24 09:00:00+00:00,0,0.0,9,2,3,0
2021-03-24 10:00:00+00:00,0,0.0,10,2,3,0
2021-03-24 11:00:00+00:00,0,0.0,11,2,3,0
2021-03-24 12:00:00+00:00,0,0.0,12,2,3,0
2021-03-24 13:00:00+00:00,0,0.0,13,2,3,0
2021-03-24 14:00:00+00:00,0,0.0,14,2,3,0
2021-03-24 15:00:00+00:00,0,0.0,15,2,3,0
2021-03-24 16:00:00+00:00,0,0.0,16,2,3,0
2021-03-24 17:00:00+00:00,2,16.093,17,2,3,0
2021-03-24 18:00:00+00:00,0,0.0,18,2,3,0
2021-03-24 19:00:00+00:00,2,46.072,19,2,3,0
2021-03-24 20:00:00+00:00,2,22.167,20,2,3,0
2021-03-24 21:00:00+00:00,0,0.0,21,2,3,0
2021-03-24 22:00:00+00:00,1,2.929,22,2,3,0
2021-03-24 23:00:00+00:00,0,0.0,23,2,3,0
2021-03-25 00:00:00+00:00,1,3.296,0,3,3,0
2021-03-25 01:00:00+00:00,0,0.0,1,3,3,0
2021-03-25 02:00:00+00:00,1,15.76,2,3,3,0
2021-03-25 03:00:00+00:00,0,0.0,3,3,3,0
2021-03-25 04:00:00+00:00,1,10.653,4,3,3,0
2021-03-25 05:00:00+00:00,0,0.0,5,3,3,0
2021-03-25 06:00:00+00:00,0,0.0,6,3,3,0
2021-03-25 07:00:00+00:00,0,0.0,7,3,3,0
2021-03-25 08:00:00+00:00,0,0.0,8,3,3,0
2021-03-25 09:00:00+00:00,0,0.0,9,3,3,0
2021-03-25 10:00:00+00:00,0,0.0,10,3,3,0
2021-03-25 11:00:00+00:00,0,0.0,11,3,3,0
2021-03-25 12:00:00+00:00,0,0.0,12,3,3,0
2021-03-25 13:00:00+00:00,0,0.0,13,3,3,0
2021-03-25 14:00:00+00:00,0,0.0,14,3,3,0
2021-03-25 15:00:00+00:00,1,7.347,15,3,3,0
2021-03-25 16:00:00+00:00,0,0.0,16,3,3,0
2021-03-25 17:00:00+00:00,2,19.865,17,3,3,0
2021-03-25 18:00:00+00:00,0,0.0,18,3,3,0
2021-03-25 19:00:00+00:00,0,0.0,19,3,3,0
2021-03-25 20:00:00+00:00,1,6.098,20,3,3,0
2021-03-25 21:00:00+00:00,1,1.784,21,3,3,0
2021-03-25 22:00:00+00:00,1,16.372,22,3,3,0
2021-03-25 23:00:00+00:00,0,0.0,23,3,3,0
2021-03-26 00:00:00+00:00,1,9.33,0,4,3,0
2021-03-26 01:00:00+00:00,1,40.516,1,4,3,0
2021-03-26 02:00:00+00:00,0,0.0,2,4,3,0
2021-03-26 03:00:00+00:00,1,14.359,3,4,3,0
2021-03-26 04:00:00+00:00,0,0.0,4,4,3,0
2021-03-26 05:00:00+00:00,0,0.0,5,4,3,0
2021-03-26 06:00:00+00:00,0,0.0,6,4,3,0
2021-03-26 07:00:00+00:00,0,0.0,7,4,3,0
2021-03-26 08:00:00+00:00,0,0.0,8,4,3,0
2021-03-26 09:00:00+00:00,0,0.0,9,4,3,0
2021-03-26 10:00:00+00:00,0,0.0,10,4,3,0
2021-03-26 11:00:00+00:00,0,0.0,11,4,3,0
2021-03-26 12:00:00+00:00,0,0.0,12,4,3,0
2021-03-26 13:00:00+00:00,0,0.0,13,4,3,0
2021-03-26 14:00:00+00:00,0,0.0,14,4,3,0
2021-03-26 15:00:00+00:00,0,0.0,15,4,3,0
2021-03-26 16:00:00+00:00,1,46.531,16,4,3,0
2021-03-26 17:00:00+00:00,3,36.486,17,4,3,0
2021-03-26 18:00:00+00:00,2,33.672000000000004,18,4,3,0
2021-03-26 19:00:00+00:00,2,43.723,19,4,3,0
2021-03-26 20:00:00+00:00,0,0.0,20,4,3,0
2021-03-26 21:00:00+00:00,1,5.939,21,4,3,0
2021-03-26 22:00:00+00:00,0,0.0,22,4,3,0
2021-03-26 23:00:00+00:00,1,1.699,23,4,3,0
2021-03-27 00:00:00+00:00,0,0.0,0,5,3,1
2021-03-27 01:00:00+00:00,0,0.0,1,5,3,1
2021-03-27 02:00:00+00:00,0,0.0,2,5,3,1
2021-03-27 03:00:00+00:00,0,0.0,3,5,3,1
2021-03-27 04:00:00+00:00,0,0.0,4,5,3,1
2021-03-27 05:00:00+00:00,0,0.0,5,5,3,1
2021-03-27 06:00:00+00:00,0,0.0,6,5,3,1
2021-03-27 07:00:00+00:00,0,0.0,7,5,3,1
2021-03-27 08:00:00+00:00,0,0.0,8,5,3,1
2021-03-27 09:00:00+00:00,0,0.0,9,5,3,1
2021-03-27 10:00:00+00:00,0,0.0,10,5,3,1
2021-03-27 11:00:00+00:00,0,0.0,11,5,3,1
2021-03-27 12:00:00+00:00,0,0.0,12,5,3,1
2021-03-27 13:00:00+00:00,0,0.0,13,5,3,1
2021-03-27 14:00:00+00:00,0,0.0,14,5,3,1
2021-03-27 15:00:00+00:00,0,0.0,15,5,3,1
2021-03-27 16:00:00+00:00,1,33.155,16,5,3,1
2021-03-27 17:00:00+00:00,0,0.0,17,5,3,1
2021-03-27 18:00:00+00:00,1,26.972,18,5,3,1
2021-03-27 19:00:00+00:00,0,0.0,19,5,3,1
2021-03-27 20:00:00+00:00,1,3.607,20,5,3,1
2021-03-27 21:00:00+00:00,1,27.895,21,5,3,1
2021-03-27 22:00:00+00:00,0,0.0,22,5,3,1
2021-03-27 23:00:00+00:00,0,0.0,23,5,3,1
2021-03-28 00:00:00+00:00,1,22.572,0,6,3,1
2021-03-28 01:00:00+00:00,0,0.0,1,6,3,1
2021-03-28 02:00:00+00:00,1,0.878,2,6,3,1
2021-03-28 03:00:00+00:00,0,0.0,3,6,3,1
2021-03-28 04:00:00+00:00,0,0.0,4,6,3,1
2021-03-28 05:00:00+00:00,2,1.657,5,6,3,1
2021-03-28 06:00:00+00:00,1,0.636,6,6,3,1
2021-03-28 07:00:00+00:00,0,0.0,7,6,3,1
2021-03-28 08:00:00+00:00,0,0.0,8,6,3,1
2021-03-28 09:00:00+00:00,0,0.0,9,6,3,1
2021-03-28 10:00:00+00:00,0,0.0,10,6,3,1
2021-03-28 11:00:00+00:00,0,0.0,11,6,3,1
2021-03-28 12:00:00+00:00,0,0.0,12,6,3,1
2021-03-28 13:00:00+00:00,0,0.0,13,6,3,1
2021-03-28 14:00:00+00:00,0,0.0,14,6,3,1
2021-03-28 15:00:00+00:00,1,19.99,15,6,3,1
2021-03-28 16:00:00+00:00,0,0.0,16,6,3,1
2021-03-28 17:00:00+00:00,0,0.0,17,6,3,1
2021-03-28 18:00:00+00:00,1,45.922,18,6,3,1
2021-03-28 19:00:00+00:00,1,0.814,19,6,3,1
2021-03-28 20:00:00+00:00,1,30.093,20,6,3,1
2021-03-28 21:00:00+00:00,1,34.853,21,6,3,1
2021-03-28 22:00:00+00:00,0,0.0,22,6,3,1
2021-03-28 23:00:00+00:00,1,9.731,23,6,3,1
2021-03-29 00:00:00+00:00,0,0.0,0,0,3,0
2021-03-29 01:00:00+00:00,2,46.014,1,0,3,0
2021-03-29 02:00:00+00:00,0,0.0,2,0,3,0
2021-03-29 03:00:00+00:00,0,0.0,3,0,3,0
2021-03-29 04:00:00+00:00,1,6.709,4,0,3,0
2021-03-29 05:00:00+00:00,0,0.0,5,0,3,0
2021-03-29 06:00:00+00:00,0,0.0,6,0,3,0
2021-03-29 07:00:00+00:00,0,0.0,7,0,3,0
2021-03-29 08:00:00+00:00,0,0.0,8,0,3,0
2021-03-29 09:00:00+00:00,0,0.0,9,0,3,0
2021-03-29 10:00:00+00:00,0,0.0,10,0,3,0
2021-03-29 11:00:00+00:00,0,0.0,11,0,3,0
2021-03-29 12:00:00+00:00,0,0.0,12,0,3,0
2021-03-29 13:00:00+00:00,0,0.0,13,0,3,0
2021-03-29 14:00:00+00:00,0,0.0,14,0,3,0
2021-03-29 15:00:00+00:00,0,0.0,15,0,3,0
2021-03-29 16:00:00+00:00,1,0.942,16,0,3,0
2021-03-29 17:00:00+00:00,1,8.399,17,0,3,0
2021-03-29 18:00:00+00:00,1,6.306,18,0,3,0
2021-03-29 19:00:00+00:00,0,0.0,19,0,3,0
2021-03-29 20:00:00+00:00,2,44.547,20,0,3,0
2021-03-29 21:00:00+00:00,2,27.165,21,0,3,0
2021-03-29 22:00:00+00:00,1,2.577,22,0,3,0
2021-03-29 23:00:00+00:00,1,4.194,23,0,3,0
2021-03-30 00:00:00+00:00,0,0.0,0,1,3,0
2021-03-30 01:00:00+00:00,2,20.949,1,1,3,0
2021-03-30 02:00:00+00:00,0,0.0,2,1,3,0
2021-03-30 03:00:00+00:00,0,0.0,3,1,3,0
2021-03-30 04:00:00+00:00,1,17.993,4,1,3,0
2021-03-30 05:00:00+00:00,0,0.0,5,1,3,0
2021-03-30 06:00:00+00:00,0,0.0,6,1,3,0
2021-03-30 07:00:00+00:00,0,0.0,7,1,3,0
2021-03-30 08:00:00+00:00,0,0.0,8,1,3,0
2021-03-30 09:00:00+00:00,0,0.0,9,1,3,0
2021-03-30 10:00:00+00:00,0,0.0,10,1,3,0
2021-03-30 11:00:00+00:00,0,0.0,11,1,3,0
2021-03-30 12:00:00+00:00,0,0.0,12,1,3,0
2021-03-30 13:00:00+00:00,0,0.0,13,1,3,0
2021-03-30 14:00:00+00:00,1,40.248,14,1,3,0
2021-03-30 15:00:00+00:00,0,0.0,15,1,3,0
2021-03-30 16:00:00+00:00,1,12.393,16,1,3,0
2021-03-30 17:00:00+00:00,1,3.524,17,1,3,0
2021-03-30 18:00:00+00:00,2,13.251,18,1,3,0
2021-03-30 19:00:00+00:00,0,0.0,19,1,3,0
2021-03-30 20:00:00+00:00,1,2.324,20,1,3,0
2021-03-30 21:00:00+00:00,1,6.422,21,1,3,0
2021-03-30 22:00:00+00:00,2,27.599,22,1,3,0
2021-03-30 23:00:00+00:00,1,29.658,23,1,3,0
2021-03-31 00:00:00+00:00,0,0.0,0,2,3,0
2021-03-31 01:00:00+00:00,0,0.0,1,2,3,0
2021-03-31 02:00:00+00:00,0,0.0,2,2,3,0
2021-03-31 03:00:00+00:00,0,0.0,3,2,3,0
2021-03-31 04:00:00+00:00,0,0.0,4,2,3,0
2021-03-31 05:00:00+00:00,0,0.0,5,2,3,0
2021-03-31 06:00:00+00:00,0,0.0,6,2,3,0
2021-03-31 07:00:00+00:00,0,0.0,7,2,3,0
2021-03-31 08:00:00+00:00,0,0.0,8,2,3,0
2021-03-31 09:00:00+00:00,0,0.0,9,2,3,0
2021-03-31 10:00:00+00:00,0,0.0,10,2,3,0
2021-03-31 11:00:00+00:00,0,0.0,11,2,3,0
2021-03-31 12:00:00+00:00,0,0.0,12,2,3,0
2021-03-31 13:00:00+00:00,0,0.0,13,2,3,0
2021-03-31 14:00:00+00:00,0,0.0,14,2,3,0
2021-03-31 15:00:00+00:00,1,21.423,15,2,3,0
2021-03-31 16:00:00+00:00,1,6.696,16,2,3,0
2021-03-31 17:00:00+00:00,1,4.767,17,2,3,0
2021-03-31 18:00:00+00:00,0,0.0,18,2,3,0
2021-03-31 19:00:00+00:00,1,13.25,19,2,3,0
2021-03-31 20:00:00+00:00,0,0.0,20,2,3,0
2021-03-31 21:00:00+00:00,1,2.171,21,2,3,0
2021-03-31 22:00:00+00:00,2,19.478,22,2,3,0
2021-03-31 23:00:00+00:00,1,7.878,23,2,3,0
2021-04-01 00:00:00+00:00,0,0.0,0,3,4,0
2021-04-01 01:00:00+00:00,1,11.869,1,3,4,0
2021-04-01 02:00:00+00:00,1,16.458,2,3,4,0
2021-04-01 03:00:00+00:00,0,0.0,3,3,4,0
2021-04-01 04:00:00+00:00,1,3.546,4,3,4,0
2021-04-01 05:00:00+00:00,0,0.0,5,3,4,0
2021-04-01 06:00:00+00:00,0,0.0,6,3,4,0
2021-04-01 07:00:00+00:00,0,0.0,7,3,4,0
2021-04-01 08:00:00+00:00,0,0.0,8,3,4,0
2021-04-01 09:00:00+00:00,0,0.0,9,3,4,0
2021-04-01 10:00:00+00:00,0,0.0,10,3,4,0
2021-04-01 11:00:00+00:00,0,0.0,11,3,4,0
2021-04-01 12:00:00+00:00,0,0.0,12,3,4,0
2021-04-01 13:00:00+00:00,0,0.0,13,3,4,0
2021-04-01 14:00:00+00:00,0,0.0,14,3,4,0
2021-04-01 15:00:00+00:00,0,0.0,15,3,4,0
2021-04-01 16:00:00+00:00,1,13.095,16,3,4,0
2021-04-01 17:00:00+00:00,1,54.681,17,3,4,0
2021-04-01 18:00:00+00:00,1,1.195,18,3,4,0
2021-04-01 19:00:00+00:00,0,0.0,19,3,4,0
2021-04-01 20:00:00+00:00,3,9.495,20,3,4,0
2021-04-01 21:00:00+00:00,0,0.0,21,3,4,0
2021-04-01 22:00:00+00:00,1,11.269,22,3,4,0
2021-04-01 23:00:00+00:00,0,0.0,23,3,4,0
2021-04-02 00:00:00+00:00,0,0.0,0,4,4,0
2021-04-02 01:00:00+00:00,0,0.0,1,4,4,0
2021-04-02 02:00:00+00:00,0,0.0,2,4,4,0
2021-04-02 03:00:00+00:00,1,9.431,3,4,4,0
2021-04-02 04:00:00+00:00,0,0.0,4,4,4,0
2021-04-02 05:00:00+00:00,0,0.0,5,4,4,0
2021-04-02 06:00:00+00:00,0,0.0,6,4,4,0
2021-04-02 07:00:00+00:00,0,0.0,7,4,4,0
2021-04-02 08:00:00+00:00,0,0.0,8,4,4,0
2021-04-02 09:00:00+00:00,0,0.0,9,4,4,0
2021-04-02 10:00:00+00:00,0,0.0,10,4,4,0
2021-04-02 11:00:00+00:00,0,0.0,11,4,4,0
2021-04-02 12:00:00+00:00,1,31.365,12,4,4,0
2021-04-02 13:00:00+00:00,0,0.0,13,4,4,0
2021-04-02 14:00:00+00:00,1,13.848,14,4,4,0
2021-04-02 15:00:00+00:00,0,0.0,15,4,4,0
2021-04-02 16:00:00+00:00,1,4.121,16,4,4,0
2021-04-02 17:00:00+00:00,1,5.074,17,4,4,0
2021-04-02 18:00:00+00:00,3,58.21,18,4,4,0
2021-04-02 19:00:00+00:00,0,0.0,19,4,4,0
2021-04-02 20:00:00+00:00,1,44.039,20,4,4,0
2021-04-02 21:00:00+00:00,1,6.137,21,4,4,0
2021-04-02 22:00:00+00:00,1,3.069,22,4,4,0
2021-04-02 23:00:00+00:00,0,0.0,23,4,4,0
2021-04-03 00:00:00+00:00,1,24.388,0,5,4,1
2021-04-03 01:00:00+00:00,1,22.771,1,5,4,1
2021-04-03 02:00:00+00:00,0,0.0,2,5,4,1
2021-04-03 03:00:00+00:00,1,14.699,3,5,4,1
2021-04-03 04:00:00+00:00,1,46.439,4,5,4,1
2021-04-03 05:00:00+00:00,0,0.0,5,5,4,1
2021-04-03 06:00:00+00:00,0,0.0,6,5,4,1
2021-04-03 07:00:00+00:00,0,0.0,7,5,4,1
2021-04-03 08:00:00+00:00,0,0.0,8,5,4,1
2021-04-03 09:00:00+00:00,0,0.0,9,5,4,1
2021-04-03 10:00:00+00:00,0,0.0,10,5,4,1
2021-04-03 11:00:00+00:00,0,0.0,11,5,4,1
2021-04-03 12:00:00+00:00,0,0.0,12,5,4,1
2021-04-03 13:00:00+00:00,0,0.0,13,5,4,1
2021-04-03 14:00:00+00:00,0,0.0,14,5,4,1
2021-04-03 15:00:00+00:00,1,9.914,15,5,4,1
2021-04-03 16:00:00+00:00,0,0.0,16,5,4,1
2021-04-03 17:00:00+00:00,2,63.168,17,5,4,1
2021-04-03 18:00:00+00:00,1,10.955,18,5,4,1
2021-04-03 19:00:00+00:00,0,0.0,19,5,4,1
2021-04-03 20:00:00+00:00,0,0.0,20,5,4,1
2021-04-03 21:00:00+00:00,1,19.122,21,5,4,1
2021-04-03 22:00:00+00:00,1,6.498,22,5,4,1
2021-04-03 23:00:00+00:00,0,0.0,23,5,4,1
2021-04-04 00:00:00+00:00,1,2.356,0,6,4,1
2021-04-04 01:00:00+00:00,0,0.0,1,6,4,1
2021-04-04 02:00:00+00:00,0,0.0,2,6,4,1
2021-04-04 03:00:00+00:00,0,0.0,3,6,4,1
2021-04-04 04:00:00+00:00,1,17.793,4,6,4,1
2021-04-04 05:00:00+00:00,0,0.0,5,6,4,1
2021-04-04 06:00:00+00:00,0,0.0,6,6,4,1
2021-04-04 07:00:00+00:00,0,0.0,7,6,4,1
2021-04-04 08:00:00+00:00,0,0.0,8,6,4,1
2021-04-04 09:00:00+00:00,0,0.0,9,6,4,1
2021-04-04 10:00:00+00:00,0,0.0,10,6,4,1
2021-04-04 11:00:00+00:00,0,0.0,11,6,4,1
2021-04-04 12:00:00+00:00,0,0.0,12,6,4,1
2021-04-04 13:00:00+00:00,0,0.0,13,6,4,1
2021-04-04 14:00:00+00:00,0,0.0,14,6,4,1
2021-04-04 15:00:00+00:00,1,19.056,15,6,4,1
2021-04-04 16:00:00+00:00,1,3.277,16,6,4,1
2021-04-04 17:00:00+00:00,1,5.464,17,6,4,1
2021-04-04 18:00:00+00:00,0,0.0,18,6,4,1
2021-04-04 19:00:00+00:00,1,1.812,19,6,4,1
2021-04-04 20:00:00+00:00,0,0.0,20,6,4,1
2021-04-04 21:00:00+00:00,0,0.0,21,6,4,1
2021-04-04 22:00:00+00:00,1,8.181,22,6,4,1
2021-04-04 23:00:00+00:00,2,4.79200418160252,23,6,4,1
2021-04-05 00:00:00+00:00,0,0.0,0,0,4,0
2021-04-05 01:00:00+00:00,0,0.0,1,0,4,0
2021-04-05 02:00:00+00:00,0,0.0,2,0,4,0
2021-04-05 03:00:00+00:00,0,0.0,3,0,4,0
2021-04-05 04:00:00+00:00,1,49.776,4,0,4,0
2021-04-05 05:00:00+00:00,0,0.0,5,0,4,0
2021-04-05 06:00:00+00:00,0,0.0,6,0,4,0
2021-04-05 07:00:00+00:00,0,0.0,7,0,4,0
2021-04-05 08:00:00+00:00,0,0.0,8,0,4,0
2021-04-05 09:00:00+00:00,0,0.0,9,0,4,0
2021-04-05 10:00:00+00:00,0,0.0,10,0,4,0
2021-04-05 11:00:00+00:00,0,0.0,11,0,4,0
2021-04-05 12:00:00+00:00,0,0.0,12,0,4,0
2021-04-05 13:00:00+00:00,0,0.0,13,0,4,0
2021-04-05 14:00:00+00:00,0,0.0,14,0,4,0
2021-04-05 15:00:00+00:00,1,4.792,15,0,4,0
2021-04-05 16:00:00+00:00,0,0.0,16,0,4,0
2021-04-05 17:00:00+00:00,1,4.869,17,0,4,0
2021-04-05 18:00:00+00:00,0,0.0,18,0,4,0
2021-04-05 19:00:00+00:00,0,0.0,19,0,4,0
2021-04-05 20:00:00+00:00,1,17.486,20,0,4,0
2021-04-05 21:00:00+00:00,2,9.542,21,0,4,0
2021-04-05 22:00:00+00:00,2,16.688,22,0,4,0
2021-04-05 23:00:00+00:00,0,0.0,23,0,4,0
2021-04-06 00:00:00+00:00,0,0.0,0,1,4,0
2021-04-06 01:00:00+00:00,2,95.625,1,1,4,0
2021-04-06 02:00:00+00:00,0,0.0,2,1,4,0
2021-04-06 03:00:00+00:00,1,0.862,3,1,4,0
2021-04-06 04:00:00+00:00,0,0.0,4,1,4,0
2021-04-06 05:00:00+00:00,1,13.054,5,1,4,0
2021-04-06 06:00:00+00:00,0,0.0,6,1,4,0
2021-04-06 07:00:00+00:00,0,0.0,7,1,4,0
2021-04-06 08:00:00+00:00,0,0.0,8,1,4,0
2021-04-06 09:00:00+00:00,0,0.0,9,1,4,0
2021-04-06 10:00:00+00:00,0,0.0,10,1,4,0
2021-04-06 11:00:00+00:00,0,0.0,11,1,4,0
2021-04-06 12:00:00+00:00,0,0.0,12,1,4,0
2021-04-06 13:00:00+00:00,0,0.0,13,1,4,0
2021-04-06 14:00:00+00:00,1,6.958,14,1,4,0
2021-04-06 15:00:00+00:00,2,9.815,15,1,4,0
2021-04-06 16:00:00+00:00,1,0.769,16,1,4,0
2021-04-06 17:00:00+00:00,3,7.761,17,1,4,0
2021-04-06 18:00:00+00:00,0,0.0,18,1,4,0
2021-04-06 19:00:00+00:00,0,0.0,19,1,4,0
2021-04-06 20:00:00+00:00,1,2.366,20,1,4,0
2021-04-06 21:00:00+00:00,0,0.0,21,1,4,0
2021-04-06 22:00:00+00:00,1,1.89,22,1,4,0
2021-04-06 23:00:00+00:00,1,19.392,23,1,4,0
2021-04-07 00:00:00+00:00,1,0.852,0,2,4,0
2021-04-07 01:00:00+00:00,2,29.952,1,2,4,0
2021-04-07 02:00:00+00:00,2,14.085,2,2,4,0
2021-04-07 03:00:00+00:00,0,0.0,3,2,4,0
2021-04-07 04:00:00+00:00,0,0.0,4,2,4,0
2021-04-07 05:00:00+00:00,0,0.0,5,2,4,0
2021-04-07 06:00:00+00:00,0,0.0,6,2,4,0
2021-04-07 07:00:00+00:00,0,0.0,7,2,4,0
2021-04-07 08:00:00+00:00,0,0.0,8,2,4,0
2021-04-07 09:00:00+00:00,0,0.0,9,2,4,0
2021-04-07 10:00:00+00:00,0,0.0,10,2,4,0
2021-04-07 11:00:00+00:00,0,0.0,11,2,4,0
2021-04-07 12:00:00+00:00,0,0.0,12,2,4,0
2021-04-07 13:00:00+00:00,0,0.0,13,2,4,0
2021-04-07 14:00:00+00:00,0,0.0,14,2,4,0
2021-04-07 15:00:00+00:00,1,0.919,15,2,4,0
2021-04-07 16:00:00+00:00,1,3.517,16,2,4,0
2021-04-07 17:00:00+00:00,2,12.355,17,2,4,0
2021-04-07 18:00:00+00:00,0,0.0,18,2,4,0
2021-04-07 19:00:00+00:00,1,3.614,19,2,4,0
2021-04-07 20:00:00+00:00,2,10.149,20,2,4,0
2021-04-07 21:00:00+00:00,2,27.982999999999997,21,2,4,0
2021-04-07 22:00:00+00:00,2,14.514,22,2,4,0
2021-04-07 23:00:00+00:00,2,2.734,23,2,4,0
2021-04-08 00:00:00+00:00,2,30.871,0,3,4,0
2021-04-08 01:00:00+00:00,0,0.0,1,3,4,0
2021-04-08 02:00:00+00:00,1,59.388,2,3,4,0
2021-04-08 03:00:00+00:00,0,0.0,3,3,4,0
2021-04-08 04:00:00+00:00,1,7.257,4,3,4,0
2021-04-08 05:00:00+00:00,0,0.0,5,3,4,0
2021-04-08 06:00:00+00:00,0,0.0,6,3,4,0
2021-04-08 07:00:00+00:00,0,0.0,7,3,4,0
2021-04-08 08:00:00+00:00,0,0.0,8,3,4,0
2021-04-08 09:00:00+00:00,0,0.0,9,3,4,0
2021-04-08 10:00:00+00:00,0,0.0,10,3,4,0
2021-04-08 11:00:00+00:00,0,0.0,11,3,4,0
2021-04-08 12:00:00+00:00,0,0.0,12,3,4,0
2021-04-08 13:00:00+00:00,0,0.0,13,3,4,0
2021-04-08 14:00:00+00:00,0,0.0,14,3,4,0
2021-04-08 15:00:00+00:00,1,4.075,15,3,4,0
2021-04-08 16:00:00+00:00,1,5.9,16,3,4,0
2021-04-08 17:00:00+00:00,0,0.0,17,3,4,0
2021-04-08 18:00:00+00:00,1,2.387,18,3,4,0
2021-04-08 19:00:00+00:00,0,0.0,19,3,4,0
2021-04-08 20:00:00+00:00,0,0.0,20,3,4,0
2021-04-08 21:00:00+00:00,2,18.264,21,3,4,0
2021-04-08 22:00:00+00:00,0,0.0,22,3,4,0
2021-04-08 23:00:00+00:00,0,0.0,23,3,4,0
2021-04-09 00:00:00+00:00,1,0.946,0,4,4,0
2021-04-09 01:00:00+00:00,1,37.565,1,4,4,0
2021-04-09 02:00:00+00:00,0,0.0,2,4,4,0
2021-04-09 03:00:00+00:00,1,22.622,3,4,4,0
2021-04-09 04:00:00+00:00,0,0.0,4,4,4,0
2021-04-09 05:00:00+00:00,0,0.0,5,4,4,0
2021-04-09 06:00:00+00:00,0,0.0,6,4,4,0
2021-04-09 07:00:00+00:00,0,0.0,7,4,4,0
2021-04-09 08:00:00+00:00,0,0.0,8,4,4,0
2021-04-09 09:00:00+00:00,0,0.0,9,4,4,0
2021-04-09 10:00:00+00:00,0,0.0,10,4,4,0
2021-04-09 11:00:00+00:00,0,0.0,11,4,4,0
2021-04-09 12:00:00+00:00,0,0.0,12,4,4,0
2021-04-09 13:00:00+00:00,0,0.0,13,4,4,0
2021-04-09 14:00:00+00:00,1,20.018,14,4,4,0
2021-04-09 15:00:00+00:00,2,41.738,15,4,4,0
2021-04-09 16:00:00+00:00,1,4.896,16,4,4,0
2021-04-09 17:00:00+00:00,2,36.689,17,4,4,0
2021-04-09 18:00:00+00:00,2,34.833,18,4,4,0
2021-04-09 19:00:00+00:00,0,0.0,19,4,4,0
2021-04-09 20:00:00+00:00,0,0.0,20,4,4,0
2021-04-09 21:00:00+00:00,2,24.091,21,4,4,0
2021-04-09 22:00:00+00:00,0,0.0,22,4,4,0
2021-04-09 23:00:00+00:00,1,4.147,23,4,4,0
2021-04-10 00:00:00+00:00,0,0.0,0,5,4,1
2021-04-10 01:00:00+00:00,0,0.0,1,5,4,1
2021-04-10 02:00:00+00:00,0,0.0,2,5,4,1
2021-04-10 03:00:00+00:00,1,9.753,3,5,4,1
2021-04-10 04:00:00+00:00,1,32.6,4,5,4,1
2021-04-10 05:00:00+00:00,0,0.0,5,5,4,1
2021-04-10 06:00:00+00:00,0,0.0,6,5,4,1
2021-04-10 07:00:00+00:00,1,13.481,7,5,4,1
2021-04-10 08:00:00+00:00,0,0.0,8,5,4,1
2021-04-10 09:00:00+00:00,0,0.0,9,5,4,1
2021-04-10 10:00:00+00:00,0,0.0,10,5,4,1
2021-04-10 11:00:00+00:00,0,0.0,11,5,4,1
2021-04-10 12:00:00+00:00,0,0.0,12,5,4,1
2021-04-10 13:00:00+00:00,0,0.0,13,5,4,1
2021-04-10 14:00:00+00:00,1,19.645,14,5,4,1
2021-04-10 15:00:00+00:00,1,18.422,15,5,4,1
2021-04-10 16:00:00+00:00,0,0.0,16,5,4,1
2021-04-10 17:00:00+00:00,1,0.944,17,5,4,1
2021-04-10 18:00:00+00:00,1,2.932,18,5,4,1
2021-04-10 19:00:00+00:00,0,0.0,19,5,4,1
2021-04-10 20:00:00+00:00,0,0.0,20,5,4,1
2021-04-10 21:00:00+00:00,0,0.0,21,5,4,1
2021-04-10 22:00:00+00:00,0,0.0,22,5,4,1
2021-04-10 23:00:00+00:00,0,0.0,23,5,4,1
2021-04-11 00:00:00+00:00,0,0.0,0,6,4,1
2021-04-11 01:00:00+00:00,0,0.0,1,6,4,1
2021-04-11 02:00:00+00:00,0,0.0,2,6,4,1
2021-04-11 03:00:00+00:00,0,0.0,3,6,4,1
2021-04-11 04:00:00+00:00,1,5.216,4,6,4,1
2021-04-11 05:00:00+00:00,0,0.0,5,6,4,1
2021-04-11 06:00:00+00:00,0,0.0,6,6,4,1
2021-04-11 07:00:00+00:00,0,0.0,7,6,4,1
2021-04-11 08:00:00+00:00,0,0.0,8,6,4,1
2021-04-11 09:00:00+00:00,0,0.0,9,6,4,1
2021-04-11 10:00:00+00:00,0,0.0,10,6,4,1
2021-04-11 11:00:00+00:00,0,0.0,11,6,4,1
2021-04-11 12:00:00+00:00,0,0.0,12,6,4,1
2021-04-11 13:00:00+00:00,0,0.0,13,6,4,1
2021-04-11 14:00:00+00:00,0,0.0,14,6,4,1
2021-04-11 15:00:00+00:00,0,0.0,15,6,4,1
2021-04-11 16:00:00+00:00,0,0.0,16,6,4,1
2021-04-11 17:00:00+00:00,0,0.0,17,6,4,1
2021-04-11 18:00:00+00:00,1,12.068,18,6,4,1
2021-04-11 19:00:00+00:00,3,74.606,19,6,4,1
2021-04-11 20:00:00+00:00,0,0.0,20,6,4,1
2021-04-11 21:00:00+00:00,1,10.455,21,6,4,1
2021-04-11 22:00:00+00:00,2,22.518,22,6,4,1
2021-04-11 23:00:00+00:00,1,2.393,23,6,4,1
2021-04-12 00:00:00+00:00,0,0.0,0,0,4,0
2021-04-12 01:00:00+00:00,0,0.0,1,0,4,0
2021-04-12 02:00:00+00:00,0,0.0,2,0,4,0
2021-04-12 03:00:00+00:00,0,0.0,3,0,4,0
2021-04-12 04:00:00+00:00,1,0.908,4,0,4,0
2021-04-12 05:00:00+00:00,0,0.0,5,0,4,0
2021-04-12 06:00:00+00:00,1,12.719,6,0,4,0
2021-04-12 07:00:00+00:00,0,0.0,7,0,4,0
2021-04-12 08:00:00+00:00,0,0.0,8,0,4,0
2021-04-12 09:00:00+00:00,0,0.0,9,0,4,0
2021-04-12 10:00:00+00:00,0,0.0,10,0,4,0
2021-04-12 11:00:00+00:00,0,0.0,11,0,4,0
2021-04-12 12:00:00+00:00,0,0.0,12,0,4,0
2021-04-12 13:00:00+00:00,0,0.0,13,0,4,0
2021-04-12 14:00:00+00:00,0,0.0,14,0,4,0
2021-04-12 15:00:00+00:00,2,11.342,15,0,4,0
2021-04-12 16:00:00+00:00,0,0.0,16,0,4,0
2021-04-12 17:00:00+00:00,0,0.0,17,0,4,0
2021-04-12 18:00:00+00:00,1,15.58,18,0,4,0
2021-04-12 19:00:00+00:00,1,3.66,19,0,4,0
2021-04-12 20:00:00+00:00,0,0.0,20,0,4,0
2021-04-12 21:00:00+00:00,1,0.837,21,0,4,0
2021-04-12 22:00:00+00:00,0,0.0,22,0,4,0
2021-04-12 23:00:00+00:00,1,5.21,23,0,4,0
2021-04-13 00:00:00+00:00,0,0.0,0,1,4,0
2021-04-13 01:00:00+00:00,1,42.53,1,1,4,0
2021-04-13 02:00:00+00:00,0,0.0,2,1,4,0
2021-04-13 03:00:00+00:00,0,0.0,3,1,4,0
2021-04-13 04:00:00+00:00,0,0.0,4,1,4,0
2021-04-13 05:00:00+00:00,0,0.0,5,1,4,0
2021-04-13 06:00:00+00:00,0,0.0,6,1,4,0
2021-04-13 07:00:00+00:00,0,0.0,7,1,4,0
2021-04-13 08:00:00+00:00,0,0.0,8,1,4,0
2021-04-13 09:00:00+00:00,0,0.0,9,1,4,0
2021-04-13 10:00:00+00:00,0,0.0,10,1,4,0
2021-04-13 11:00:00+00:00,0,0.0,11,1,4,0
2021-04-13 12:00:00+00:00,0,0.0,12,1,4,0
2021-04-13 13:00:00+00:00,0,0.0,13,1,4,0
2021-04-13 14:00:00+00:00,1,4.855,14,1,4,0
2021-04-13 15:00:00+00:00,0,0.0,15,1,4,0
2021-04-13 16:00:00+00:00,0,0.0,16,1,4,0
2021-04-13 17:00:00+00:00,1,6.126,17,1,4,0
2021-04-13 18:00:00+00:00,1,9.415,18,1,4,0
2021-04-13 19:00:00+00:00,1,19.756,19,1,4,0
2021-04-13 20:00:00+00:00,0,0.0,20,1,4,0
2021-04-13 21:00:00+00:00,2,23.916,21,1,4,0
2021-04-13 22:00:00+00:00,2,32.922000000000004,22,1,4,0
2021-04-13 23:00:00+00:00,1,43.965,23,1,4,0
2021-04-14 00:00:00+00:00,1,0.973,0,2,4,0
2021-04-14 01:00:00+00:00,1,9.841,1,2,4,0
2021-04-14 02:00:00+00:00,1,14.915,2,2,4,0
2021-04-14 03:00:00+00:00,0,0.0,3,2,4,0
2021-04-14 04:00:00+00:00,0,0.0,4,2,4,0
2021-04-14 05:00:00+00:00,0,0.0,5,2,4,0
2021-04-14 06:00:00+00:00,0,0.0,6,2,4,0
2021-04-14 07:00:00+00:00,0,0.0,7,2,4,0
2021-04-14 08:00:00+00:00,0,0.0,8,2,4,0
2021-04-14 09:00:00+00:00,0,0.0,9,2,4,0
2021-04-14 10:00:00+00:00,0,0.0,10,2,4,0
2021-04-14 11:00:00+00:00,0,0.0,11,2,4,0
2021-04-14 12:00:00+00:00,0,0.0,12,2,4,0
2021-04-14 13:00:00+00:00,0,0.0,13,2,4,0
2021-04-14 14:00:00+00:00,0,0.0,14,2,4,0
2021-04-14 15:00:00+00:00,3,55.007000000000005,15,2,4,0
2021-04-14 16:00:00+00:00,0,0.0,16,2,4,0
2021-04-14 17:00:00+00:00,0,0.0,17,2,4,0
2021-04-14 18:00:00+00:00,2,25.835,18,2,4,0
2021-04-14 19:00:00+00:00,0,0.0,19,2,4,0
2021-04-14 20:00:00+00:00,0,0.0,20,2,4,0
2021-04-14 21:00:00+00:00,2,52.315000000000005,21,2,4,0
2021-04-14 22:00:00+00:00,1,2.139,22,2,4,0
2021-04-14 23:00:00+00:00,0,0.0,23,2,4,0
2021-04-15 00:00:00+00:00,0,0.0,0,3,4,0
2021-04-15 01:00:00+00:00,0,0.0,1,3,4,0
2021-04-15 02:00:00+00:00,0,0.0,2,3,4,0
2021-04-15 03:00:00+00:00,1,25.957,3,3,4,0
2021-04-15 04:00:00+00:00,1,13.287,4,3,4,0
2021-04-15 05:00:00+00:00,0,0.0,5,3,4,0
2021-04-15 06:00:00+00:00,0,0.0,6,3,4,0
2021-04-15 07:00:00+00:00,0,0.0,7,3,4,0
2021-04-15 08:00:00+00:00,0,0.0,8,3,4,0
2021-04-15 09:00:00+00:00,0,0.0,9,3,4,0
2021-04-15 10:00:00+00:00,0,0.0,10,3,4,0
2021-04-15 11:00:00+00:00,0,0.0,11,3,4,0
2021-04-15 12:00:00+00:00,0,0.0,12,3,4,0
2021-04-15 13:00:00+00:00,0,0.0,13,3,4,0
2021-04-15 14:00:00+00:00,0,0.0,14,3,4,0
2021-04-15 15:00:00+00:00,2,16.827,15,3,4,0
2021-04-15 16:00:00+00:00,1,9.901,16,3,4,0
2021-04-15 17:00:00+00:00,0,0.0,17,3,4,0
2021-04-15 18:00:00+00:00,0,0.0,18,3,4,0
2021-04-15 19:00:00+00:00,1,2.107,19,3,4,0
2021-04-15 20:00:00+00:00,0,0.0,20,3,4,0
2021-04-15 21:00:00+00:00,3,49.581999999999994,21,3,4,0
2021-04-15 22:00:00+00:00,0,0.0,22,3,4,0
2021-04-15 23:00:00+00:00,1,9.507,23,3,4,0
2021-04-16 00:00:00+00:00,1,7.205,0,4,4,0
2021-04-16 01:00:00+00:00,0,0.0,1,4,4,0
2021-04-16 02:00:00+00:00,0,0.0,2,4,4,0
2021-04-16 03:00:00+00:00,0,0.0,3,4,4,0
2021-04-16 04:00:00+00:00,0,0.0,4,4,4,0
2021-04-16 05:00:00+00:00,0,0.0,5,4,4,0
2021-04-16 06:00:00+00:00,0,0.0,6,4,4,0
2021-04-16 07:00:00+00:00,0,0.0,7,4,4,0
2021-04-16 08:00:00+00:00,0,0.0,8,4,4,0
2021-04-16 09:00:00+00:00,0,0.0,9,4,4,0
2021-04-16 10:00:00+00:00,0,0.0,10,4,4,0
2021-04-16 11:00:00+00:00,0,0.0,11,4,4,0
2021-04-16 12:00:00+00:00,0,0.0,12,4,4,0
2021-04-16 13:00:00+00:00,0,0.0,13,4,4,0
2021-04-16 14:00:00+00:00,0,0.0,14,4,4,0
2021-04-16 15:00:00+00:00,2,44.197,15,4,4,0
2021-04-16 16:00:00+00:00,2,19.456,16,4,4,0
2021-04-16 17:00:00+00:00,1,13.085,17,4,4,0
2021-04-16 18:00:00+00:00,0,0.0,18,4,4,0
2021-04-16 19:00:00+00:00,1,2.063,19,4,4,0
2021-04-16 20:00:00+00:00,1,6.268,20,4,4,0
2021-04-16 21:00:00+00:00,0,0.0,21,4,4,0
2021-04-16 22:00:00+00:00,1,2.24,22,4,4,0
2021-04-16 23:00:00+00:00,0,0.0,23,4,4,0
2021-04-17 00:00:00+00:00,0,0.0,0,5,4,1
2021-04-17 01:00:00+00:00,1,15.401,1,5,4,1
2021-04-17 02:00:00+00:00,0,0.0,2,5,4,1
2021-04-17 03:00:00+00:00,0,0.0,3,5,4,1
2021-04-17 04:00:00+00:00,0,0.0,4,5,4,1
2021-04-17 05:00:00+00:00,0,0.0,5,5,4,1
2021-04-17 06:00:00+00:00,1,15.653,6,5,4,1
2021-04-17 07:00:00+00:00,0,0.0,7,5,4,1
2021-04-17 08:00:00+00:00,0,0.0,8,5,4,1
2021-04-17 09:00:00+00:00,0,0.0,9,5,4,1
2021-04-17 10:00:00+00:00,0,0.0,10,5,4,1
2021-04-17 11:00:00+00:00,0,0.0,11,5,4,1
2021-04-17 12:00:00+00:00,0,0.0,12,5,4,1
2021-04-17 13:00:00+00:00,0,0.0,13,5,4,1
2021-04-17 14:00:00+00:00,0,0.0,14,5,4,1
2021-04-17 15:00:00+00:00,0,0.0,15,5,4,1
2021-04-17 16:00:00+00:00,0,0.0,16,5,4,1
2021-04-17 17:00:00+00:00,0,0.0,17,5,4,1
2021-04-17 18:00:00+00:00,0,0.0,18,5,4,1
2021-04-17 19:00:00+00:00,0,0.0,19,5,4,1
2021-04-17 20:00:00+00:00,1,9.789,20,5,4,1
2021-04-17 21:00:00+00:00,1,3.264,21,5,4,1
2021-04-17 22:00:00+00:00,0,0.0,22,5,4,1
2021-04-17 23:00:00+00:00,1,9.004,23,5,4,1
2021-04-18 00:00:00+00:00,1,10.024,0,6,4,1
2021-04-18 01:00:00+00:00,1,1.677,1,6,4,1
2021-04-18 02:00:00+00:00,0,0.0,2,6,4,1
2021-04-18 03:00:00+00:00,2,24.513,3,6,4,1
2021-04-18 04:00:00+00:00,0,0.0,4,6,4,1
2021-04-18 05:00:00+00:00,0,0.0,5,6,4,1
2021-04-18 06:00:00+00:00,0,0.0,6,6,4,1
2021-04-18 07:00:00+00:00,0,0.0,7,6,4,1
2021-04-18 08:00:00+00:00,0,0.0,8,6,4,1
2021-04-18 09:00:00+00:00,0,0.0,9,6,4,1
2021-04-18 10:00:00+00:00,0,0.0,10,6,4,1
2021-04-18 11:00:00+00:00,0,0.0,11,6,4,1
2021-04-18 12:00:00+00:00,0,0.0,12,6,4,1
2021-04-18 13:00:00+00:00,0,0.0,13,6,4,1
2021-04-18 14:00:00+00:00,0,0.0,14,6,4,1
2021-04-18 15:00:00+00:00,0,0.0,15,6,4,1
2021-04-18 16:00:00+00:00,0,0.0,16,6,4,1
2021-04-18 17:00:00+00:00,0,0.0,17,6,4,1
2021-04-18 18:00:00+00:00,1,4.629,18,6,4,1
2021-04-18 19:00:00+00:00,2,16.592,19,6,4,1
2021-04-18 20:00:00+00:00,0,0.0,20,6,4,1
2021-04-18 21:00:00+00:00,1,21.238,21,6,4,1
2021-04-18 22:00:00+00:00,1,2.31,22,6,4,1
2021-04-18 23:00:00+00:00,0,0.0,23,6,4,1
2021-04-19 00:00:00+00:00,0,0.0,0,0,4,0
2021-04-19 01:00:00+00:00,0,0.0,1,0,4,0
2021-04-19 02:00:00+00:00,0,0.0,2,0,4,0
2021-04-19 03:00:00+00:00,0,0.0,3,0,4,0
2021-04-19 04:00:00+00:00,1,15.932,4,0,4,0
2021-04-19 05:00:00+00:00,0,0.0,5,0,4,0
2021-04-19 06:00:00+00:00,0,0.0,6,0,4,0
2021-04-19 07:00:00+00:00,0,0.0,7,0,4,0
2021-04-19 08:00:00+00:00,0,0.0,8,0,4,0
2021-04-19 09:00:00+00:00,0,0.0,9,0,4,0
2021-04-19 10:00:00+00:00,0,0.0,10,0,4,0
2021-04-19 11:00:00+00:00,0,0.0,11,0,4,0
2021-04-19 12:00:00+00:00,0,0.0,12,0,4,0
2021-04-19 13:00:00+00:00,0,0.0,13,0,4,0
2021-04-19 14:00:00+00:00,0,0.0,14,0,4,0
2021-04-19 15:00:00+00:00,2,2.057,15,0,4,0
2021-04-19 16:00:00+00:00,0,0.0,16,0,4,0
2021-04-19 17:00:00+00:00,3,6.428,17,0,4,0
2021-04-19 18:00:00+00:00,0,0.0,18,0,4,0
2021-04-19 19:00:00+00:00,0,0.0,19,0,4,0
2021-04-19 20:00:00+00:00,1,8.011,20,0,4,0
2021-04-19 21:00:00+00:00,2,38.344,21,0,4,0
2021-04-19 22:00:00+00:00,0,0.0,22,0,4,0
2021-04-19 23:00:00+00:00,1,4.594,23,0,4,0
2021-04-20 00:00:00+00:00,0,0.0,0,1,4,0
2021-04-20 01:00:00+00:00,0,0.0,1,1,4,0
2021-04-20 02:00:00+00:00,1,69.74,2,1,4,0
2021-04-20 03:00:00+00:00,0,0.0,3,1,4,0
2021-04-20 04:00:00+00:00,0,0.0,4,1,4,0
2021-04-20 05:00:00+00:00,0,0.0,5,1,4,0
2021-04-20 06:00:00+00:00,0,0.0,6,1,4,0
2021-04-20 07:00:00+00:00,0,0.0,7,1,4,0
2021-04-20 08:00:00+00:00,0,0.0,8,1,4,0
2021-04-20 09:00:00+00:00,0,0.0,9,1,4,0
2021-04-20 10:00:00+00:00,0,0.0,10,1,4,0
2021-04-20 11:00:00+00:00,0,0.0,11,1,4,0
2021-04-20 12:00:00+00:00,0,0.0,12,1,4,0
2021-04-20 13:00:00+00:00,0,0.0,13,1,4,0
2021-04-20 14:00:00+00:00,1,7.938,14,1,4,0
2021-04-20 15:00:00+00:00,1,2.941,15,1,4,0
2021-04-20 16:00:00+00:00,1,8.267,16,1,4,0
2021-04-20 17:00:00+00:00,0,0.0,17,1,4,0
2021-04-20 18:00:00+00:00,1,16.53,18,1,4,0
2021-04-20 19:00:00+00:00,2,5.462,19,1,4,0
2021-04-20 20:00:00+00:00,0,0.0,20,1,4,0
2021-04-20 21:00:00+00:00,1,3.132,21,1,4,0
2021-04-20 22:00:00+00:00,0,0.0,22,1,4,0
2021-04-20 23:00:00+00:00,0,0.0,23,1,4,0
2021-04-21 00:00:00+00:00,2,20.484,0,2,4,0
2021-04-21 01:00:00+00:00,0,0.0,1,2,4,0
2021-04-21 02:00:00+00:00,1,18.02,2,2,4,0
2021-04-21 03:00:00+00:00,1,22.742,3,2,4,0
2021-04-21 04:00:00+00:00,1,33.959,4,2,4,0
2021-04-21 05:00:00+00:00,0,0.0,5,2,4,0
2021-04-21 06:00:00+00:00,0,0.0,6,2,4,0
2021-04-21 07:00:00+00:00,0,0.0,7,2,4,0
2021-04-21 08:00:00+00:00,0,0.0,8,2,4,0
2021-04-21 09:00:00+00:00,0,0.0,9,2,4,0
2021-04-21 10:00:00+00:00,0,0.0,10,2,4,0
2021-04-21 11:00:00+00:00,0,0.0,11,2,4,0
2021-04-21 12:00:00+00:00,0,0.0,12,2,4,0
2021-04-21 13:00:00+00:00,0,0.0,13,2,4,0
2021-04-21 14:00:00+00:00,1,18.468,14,2,4,0
2021-04-21 15:00:00+00:00,0,0.0,15,2,4,0
2021-04-21 16:00:00+00:00,0,0.0,16,2,4,0
2021-04-21 17:00:00+00:00,1,2.058,17,2,4,0
2021-04-21 18:00:00+00:00,1,6.673,18,2,4,0
2021-04-21 19:00:00+00:00,2,10.8,19,2,4,0
2021-04-21 20:00:00+00:00,1,6.37,20,2,4,0
2021-04-21 21:00:00+00:00,0,0.0,21,2,4,0
2021-04-21 22:00:00+00:00,4,28.293,22,2,4,0
2021-04-21 23:00:00+00:00,0,0.0,23,2,4,0
2021-04-22 00:00:00+00:00,1,27.797,0,3,4,0
2021-04-22 01:00:00+00:00,0,0.0,1,3,4,0
2021-04-22 02:00:00+00:00,1,7.855,2,3,4,0
2021-04-22 03:00:00+00:00,0,0.0,3,3,4,0
2021-04-22 04:00:00+00:00,1,14.176,4,3,4,0
2021-04-22 05:00:00+00:00,0,0.0,5,3,4,0
2021-04-22 06:00:00+00:00,0,0.0,6,3,4,0
2021-04-22 07:00:00+00:00,0,0.0,7,3,4,0
2021-04-22 08:00:00+00:00,0,0.0,8,3,4,0
2021-04-22 09:00:00+00:00,0,0.0,9,3,4,0
2021-04-22 10:00:00+00:00,0,0.0,10,3,4,0
2021-04-22 11:00:00+00:00,0,0.0,11,3,4,0
2021-04-22 12:00:00+00:00,0,0.0,12,3,4,0
2021-04-22 13:00:00+00:00,0,0.0,13,3,4,0
2021-04-22 14:00:00+00:00,0,0.0,14,3,4,0
2021-04-22 15:00:00+00:00,1,7.526,15,3,4,0
2021-04-22 16:00:00+00:00,0,0.0,16,3,4,0
2021-04-22 17:00:00+00:00,1,64.874,17,3,4,0
2021-04-22 18:00:00+00:00,2,11.519,18,3,4,0
2021-04-22 19:00:00+00:00,0,0.0,19,3,4,0
2021-04-22 20:00:00+00:00,1,36.67,20,3,4,0
2021-04-22 21:00:00+00:00,2,7.084,21,3,4,0
2021-04-22 22:00:00+00:00,0,0.0,22,3,4,0
2021-04-22 23:00:00+00:00,1,23.099,23,3,4,0
2021-04-23 00:00:00+00:00,0,0.0,0,4,4,0
2021-04-23 01:00:00+00:00,2,16.404,1,4,4,0
2021-04-23 02:00:00+00:00,0,0.0,2,4,4,0
2021-04-23 03:00:00+00:00,2,37.402629166666664,3,4,4,0
2021-04-23 04:00:00+00:00,0,0.0,4,4,4,0
2021-04-23 05:00:00+00:00,0,0.0,5,4,4,0
2021-04-23 06:00:00+00:00,0,0.0,6,4,4,0
2021-04-23 07:00:00+00:00,0,0.0,7,4,4,0
2021-04-23 08:00:00+00:00,0,0.0,8,4,4,0
2021-04-23 09:00:00+00:00,0,0.0,9,4,4,0
2021-04-23 10:00:00+00:00,0,0.0,10,4,4,0
2021-04-23 11:00:00+00:00,0,0.0,11,4,4,0
2021-04-23 12:00:00+00:00,0,0.0,12,4,4,0
2021-04-23 13:00:00+00:00,0,0.0,13,4,4,0
2021-04-23 14:00:00+00:00,0,0.0,14,4,4,0
2021-04-23 15:00:00+00:00,3,50.523,15,4,4,0
2021-04-23 16:00:00+00:00,1,34.241,16,4,4,0
2021-04-23 17:00:00+00:00,1,7.42,17,4,4,0
2021-04-23 18:00:00+00:00,1,14.255,18,4,4,0
2021-04-23 19:00:00+00:00,0,0.0,19,4,4,0
2021-04-23 20:00:00+00:00,0,0.0,20,4,4,0
2021-04-23 21:00:00+00:00,0,0.0,21,4,4,0
2021-04-23 22:00:00+00:00,2,4.303,22,4,4,0
2021-04-23 23:00:00+00:00,1,8.838,23,4,4,0
2021-04-24 00:00:00+00:00,0,0.0,0,5,4,1
2021-04-24 01:00:00+00:00,1,23.738,1,5,4,1
2021-04-24 02:00:00+00:00,0,0.0,2,5,4,1
2021-04-24 03:00:00+00:00,1,11.674,3,5,4,1
2021-04-24 04:00:00+00:00,0,0.0,4,5,4,1
2021-04-24 05:00:00+00:00,0,0.0,5,5,4,1
2021-04-24 06:00:00+00:00,0,0.0,6,5,4,1
2021-04-24 07:00:00+00:00,0,0.0,7,5,4,1
2021-04-24 08:00:00+00:00,0,0.0,8,5,4,1
2021-04-24 09:00:00+00:00,0,0.0,9,5,4,1
2021-04-24 10:00:00+00:00,0,0.0,10,5,4,1
2021-04-24 11:00:00+00:00,0,0.0,11,5,4,1
2021-04-24 12:00:00+00:00,0,0.0,12,5,4,1
2021-04-24 13:00:00+00:00,0,0.0,13,5,4,1
2021-04-24 14:00:00+00:00,0,0.0,14,5,4,1
2021-04-24 15:00:00+00:00,1,19.018,15,5,4,1
2021-04-24 16:00:00+00:00,0,0.0,16,5,4,1
2021-04-24 17:00:00+00:00,1,23.584,17,5,4,1
2021-04-24 18:00:00+00:00,0,0.0,18,5,4,1
2021-04-24 19:00:00+00:00,1,29.272,19,5,4,1
2021-04-24 20:00:00+00:00,1,2.192,20,5,4,1
2021-04-24 21:00:00+00:00,1,41.102,21,5,4,1
2021-04-24 22:00:00+00:00,1,11.958,22,5,4,1
2021-04-24 23:00:00+00:00,1,23.074,23,5,4,1
2021-04-25 00:00:00+00:00,0,0.0,0,6,4,1
2021-04-25 01:00:00+00:00,0,0.0,1,6,4,1
2021-04-25 02:00:00+00:00,1,11.404,2,6,4,1
2021-04-25 03:00:00+00:00,1,15.538,3,6,4,1
2021-04-25 04:00:00+00:00,1,12.281,4,6,4,1
2021-04-25 05:00:00+00:00,0,0.0,5,6,4,1
2021-04-25 06:00:00+00:00,0,0.0,6,6,4,1
2021-04-25 07:00:00+00:00,0,0.0,7,6,4,1
2021-04-25 08:00:00+00:00,0,0.0,8,6,4,1
2021-04-25 09:00:00+00:00,0,0.0,9,6,4,1
2021-04-25 10:00:00+00:00,0,0.0,10,6,4,1
2021-04-25 11:00:00+00:00,0,0.0,11,6,4,1
2021-04-25 12:00:00+00:00,0,0.0,12,6,4,1
2021-04-25 13:00:00+00:00,0,0.0,13,6,4,1
2021-04-25 14:00:00+00:00,0,0.0,14,6,4,1
2021-04-25 15:00:00+00:00,0,0.0,15,6,4,1
2021-04-25 16:00:00+00:00,0,0.0,16,6,4,1
2021-04-25 17:00:00+00:00,0,0.0,17,6,4,1
2021-04-25 18:00:00+00:00,0,0.0,18,6,4,1
2021-04-25 19:00:00+00:00,0,0.0,19,6,4,1
2021-04-25 20:00:00+00:00,2,18.704,20,6,4,1
2021-04-25 21:00:00+00:00,0,0.0,21,6,4,1
2021-04-25 22:00:00+00:00,0,0.0,22,6,4,1
2021-04-25 23:00:00+00:00,1,4.84,23,6,4,1
2021-04-26 00:00:00+00:00,0,0.0,0,0,4,0
2021-04-26 01:00:00+00:00,1,10.474,1,0,4,0
2021-04-26 02:00:00+00:00,0,0.0,2,0,4,0
2021-04-26 03:00:00+00:00,0,0.0,3,0,4,0
2021-04-26 04:00:00+00:00,0,0.0,4,0,4,0
2021-04-26 05:00:00+00:00,0,0.0,5,0,4,0
2021-04-26 06:00:00+00:00,0,0.0,6,0,4,0
2021-04-26 07:00:00+00:00,0,0.0,7,0,4,0
2021-04-26 08:00:00+00:00,0,0.0,8,0,4,0
2021-04-26 09:00:00+00:00,0,0.0,9,0,4,0
2021-04-26 10:00:00+00:00,0,0.0,10,0,4,0
2021-04-26 11:00:00+00:00,0,0.0,11,0,4,0
2021-04-26 12:00:00+00:00,0,0.0,12,0,4,0
2021-04-26 13:00:00+00:00,0,0.0,13,0,4,0
2021-04-26 14:00:00+00:00,0,0.0,14,0,4,0
2021-04-26 15:00:00+00:00,2,16.406,15,0,4,0
2021-04-26 16:00:00+00:00,0,0.0,16,0,4,0
2021-04-26 17:00:00+00:00,0,0.0,17,0,4,0
2021-04-26 18:00:00+00:00,0,0.0,18,0,4,0
2021-04-26 19:00:00+00:00,1,1.597,19,0,4,0
2021-04-26 20:00:00+00:00,0,0.0,20,0,4,0
2021-04-26 21:00:00+00:00,1,6.21,21,0,4,0
2021-04-26 22:00:00+00:00,0,0.0,22,0,4,0
2021-04-26 23:00:00+00:00,1,4.796,23,0,4,0
2021-04-27 00:00:00+00:00,1,28.61,0,1,4,0
2021-04-27 01:00:00+00:00,1,60.36,1,1,4,0
2021-04-27 02:00:00+00:00,0,0.0,2,1,4,0
2021-04-27 03:00:00+00:00,0,0.0,3,1,4,0
2021-04-27 04:00:00+00:00,1,37.064,4,1,4,0
2021-04-27 05:00:00+00:00,0,0.0,5,1,4,0
2021-04-27 06:00:00+00:00,0,0.0,6,1,4,0
2021-04-27 07:00:00+00:00,0,0.0,7,1,4,0
2021-04-27 08:00:00+00:00,0,0.0,8,1,4,0
2021-04-27 09:00:00+00:00,0,0.0,9,1,4,0
2021-04-27 10:00:00+00:00,0,0.0,10,1,4,0
2021-04-27 11:00:00+00:00,0,0.0,11,1,4,0
2021-04-27 12:00:00+00:00,0,0.0,12,1,4,0
2021-04-27 13:00:00+00:00,1,6.341,13,1,4,0
2021-04-27 14:00:00+00:00,0,0.0,14,1,4,0
2021-04-27 15:00:00+00:00,1,33.706,15,1,4,0
2021-04-27 16:00:00+00:00,1,32.844,16,1,4,0
2021-04-27 17:00:00+00:00,1,9.605,17,1,4,0
2021-04-27 18:00:00+00:00,0,0.0,18,1,4,0
2021-04-27 19:00:00+00:00,0,0.0,19,1,4,0
2021-04-27 20:00:00+00:00,0,0.0,20,1,4,0
2021-04-27 21:00:00+00:00,2,6.959,21,1,4,0
2021-04-27 22:00:00+00:00,0,0.0,22,1,4,0
2021-04-27 23:00:00+00:00,0,0.0,23,1,4,0
2021-04-28 00:00:00+00:00,1,12.556,0,2,4,0
2021-04-28 01:00:00+00:00,1,17.512,1,2,4,0
2021-04-28 02:00:00+00:00,0,0.0,2,2,4,0
2021-04-28 03:00:00+00:00,0,0.0,3,2,4,0
2021-04-28 04:00:00+00:00,0,0.0,4,2,4,0
2021-04-28 05:00:00+00:00,0,0.0,5,2,4,0
2021-04-28 06:00:00+00:00,0,0.0,6,2,4,0
2021-04-28 07:00:00+00:00,0,0.0,7,2,4,0
2021-04-28 08:00:00+00:00,0,0.0,8,2,4,0
2021-04-28 09:00:00+00:00,0,0.0,9,2,4,0
2021-04-28 10:00:00+00:00,0,0.0,10,2,4,0
2021-04-28 11:00:00+00:00,0,0.0,11,2,4,0
2021-04-28 12:00:00+00:00,0,0.0,12,2,4,0
2021-04-28 13:00:00+00:00,0,0.0,13,2,4,0
2021-04-28 14:00:00+00:00,0,0.0,14,2,4,0
2021-04-28 15:00:00+00:00,3,30.231,15,2,4,0
2021-04-28 16:00:00+00:00,0,0.0,16,2,4,0
2021-04-28 17:00:00+00:00,1,15.926,17,2,4,0
2021-04-28 18:00:00+00:00,1,6.267,18,2,4,0
2021-04-28 19:00:00+00:00,2,2.358,19,2,4,0
2021-04-28 20:00:00+00:00,0,0.0,20,2,4,0
2021-04-28 21:00:00+00:00,2,29.352,21,2,4,0
2021-04-28 22:00:00+00:00,0,0.0,22,2,4,0
2021-04-28 23:00:00+00:00,1,17.606,23,2,4,0
2021-04-29 00:00:00+00:00,2,36.84,0,3,4,0
2021-04-29 01:00:00+00:00,1,8.706,1,3,4,0
2021-04-29 02:00:00+00:00,1,67.24,2,3,4,0
2021-04-29 03:00:00+00:00,0,0.0,3,3,4,0
2021-04-29 04:00:00+00:00,1,19.028,4,3,4,0
2021-04-29 05:00:00+00:00,0,0.0,5,3,4,0
2021-04-29 06:00:00+00:00,0,0.0,6,3,4,0
2021-04-29 07:00:00+00:00,0,0.0,7,3,4,0
2021-04-29 08:00:00+00:00,0,0.0,8,3,4,0
2021-04-29 09:00:00+00:00,0,0.0,9,3,4,0
2021-04-29 10:00:00+00:00,0,0.0,10,3,4,0
2021-04-29 11:00:00+00:00,0,0.0,11,3,4,0
2021-04-29 12:00:00+00:00,0,0.0,12,3,4,0
2021-04-29 13:00:00+00:00,0,0.0,13,3,4,0
2021-04-29 14:00:00+00:00,0,0.0,14,3,4,0
2021-04-29 15:00:00+00:00,2,16.192,15,3,4,0
2021-04-29 16:00:00+00:00,0,0.0,16,3,4,0
2021-04-29 17:00:00+00:00,2,30.219,17,3,4,0
2021-04-29 18:00:00+00:00,0,0.0,18,3,4,0
2021-04-29 19:00:00+00:00,0,0.0,19,3,4,0
2021-04-29 20:00:00+00:00,1,2.203,20,3,4,0
2021-04-29 21:00:00+00:00,2,8.257,21,3,4,0
2021-04-29 22:00:00+00:00,0,0.0,22,3,4,0
2021-04-29 23:00:00+00:00,1,11.44,23,3,4,0
2021-04-30 00:00:00+00:00,0,0.0,0,4,4,0
2021-04-30 01:00:00+00:00,0,0.0,1,4,4,0
2021-04-30 02:00:00+00:00,0,0.0,2,4,4,0
2021-04-30 03:00:00+00:00,0,0.0,3,4,4,0
2021-04-30 04:00:00+00:00,1,21.016,4,4,4,0
2021-04-30 05:00:00+00:00,0,0.0,5,4,4,0
2021-04-30 06:00:00+00:00,0,0.0,6,4,4,0
2021-04-30 07:00:00+00:00,0,0.0,7,4,4,0
2021-04-30 08:00:00+00:00,0,0.0,8,4,4,0
2021-04-30 09:00:00+00:00,0,0.0,9,4,4,0
2021-04-30 10:00:00+00:00,0,0.0,10,4,4,0
2021-04-30 11:00:00+00:00,0,0.0,11,4,4,0
2021-04-30 12:00:00+00:00,0,0.0,12,4,4,0
2021-04-30 13:00:00+00:00,1,34.69,13,4,4,0
2021-04-30 14:00:00+00:00,0,0.0,14,4,4,0
2021-04-30 15:00:00+00:00,2,12.943,15,4,4,0
2021-04-30 16:00:00+00:00,0,0.0,16,4,4,0
2021-04-30 17:00:00+00:00,1,5.591,17,4,4,0
2021-04-30 18:00:00+00:00,1,2.633,18,4,4,0
2021-04-30 19:00:00+00:00,0,0.0,19,4,4,0
2021-04-30 20:00:00+00:00,1,5.975,20,4,4,0
2021-04-30 21:00:00+00:00,1,6.232,21,4,4,0
2021-04-30 22:00:00+00:00,0,0.0,22,4,4,0
2021-04-30 23:00:00+00:00,1,1.518,23,4,4,0
2021-05-01 00:00:00+00:00,1,33.313,0,5,5,1
2021-05-01 01:00:00+00:00,1,20.612,1,5,5,1
2021-05-01 02:00:00+00:00,1,4.84,2,5,5,1
2021-05-01 03:00:00+00:00,0,0.0,3,5,5,1
2021-05-01 04:00:00+00:00,0,0.0,4,5,5,1
2021-05-01 05:00:00+00:00,0,0.0,5,5,5,1
2021-05-01 06:00:00+00:00,0,0.0,6,5,5,1
2021-05-01 07:00:00+00:00,0,0.0,7,5,5,1
2021-05-01 08:00:00+00:00,0,0.0,8,5,5,1
2021-05-01 09:00:00+00:00,0,0.0,9,5,5,1
2021-05-01 10:00:00+00:00,0,0.0,10,5,5,1
2021-05-01 11:00:00+00:00,0,0.0,11,5,5,1
2021-05-01 12:00:00+00:00,0,0.0,12,5,5,1
2021-05-01 13:00:00+00:00,0,0.0,13,5,5,1
2021-05-01 14:00:00+00:00,0,0.0,14,5,5,1
2021-05-01 15:00:00+00:00,1,15.688,15,5,5,1
2021-05-01 16:00:00+00:00,0,0.0,16,5,5,1
2021-05-01 17:00:00+00:00,0,0.0,17,5,5,1
2021-05-01 18:00:00+00:00,1,22.834,18,5,5,1
2021-05-01 19:00:00+00:00,2,1.637,19,5,5,1
2021-05-01 20:00:00+00:00,2,32.124,20,5,5,1
2021-05-01 21:00:00+00:00,1,2.476,21,5,5,1
2021-05-01 22:00:00+00:00,0,0.0,22,5,5,1
2021-05-01 23:00:00+00:00,0,0.0,23,5,5,1
2021-05-02 00:00:00+00:00,0,0.0,0,6,5,1
2021-05-02 01:00:00+00:00,1,53.82,1,6,5,1
2021-05-02 02:00:00+00:00,0,0.0,2,6,5,1
2021-05-02 03:00:00+00:00,0,0.0,3,6,5,1
2021-05-02 04:00:00+00:00,0,0.0,4,6,5,1
2021-05-02 05:00:00+00:00,0,0.0,5,6,5,1
2021-05-02 06:00:00+00:00,0,0.0,6,6,5,1
2021-05-02 07:00:00+00:00,0,0.0,7,6,5,1
2021-05-02 08:00:00+00:00,0,0.0,8,6,5,1
2021-05-02 09:00:00+00:00,0,0.0,9,6,5,1
2021-05-02 10:00:00+00:00,0,0.0,10,6,5,1
2021-05-02 11:00:00+00:00,0,0.0,11,6,5,1
2021-05-02 12:00:00+00:00,0,0.0,12,6,5,1
2021-05-02 13:00:00+00:00,0,0.0,13,6,5,1
2021-05-02 14:00:00+00:00,0,0.0,14,6,5,1
2021-05-02 15:00:00+00:00,1,22.758,15,6,5,1
2021-05-02 16:00:00+00:00,0,0.0,16,6,5,1
2021-05-02 17:00:00+00:00,1,42.892,17,6,5,1
2021-05-02 18:00:00+00:00,0,0.0,18,6,5,1
2021-05-02 19:00:00+00:00,0,0.0,19,6,5,1
2021-05-02 20:00:00+00:00,1,0.933,20,6,5,1
2021-05-02 21:00:00+00:00,0,0.0,21,6,5,1
2021-05-02 22:00:00+00:00,0,0.0,22,6,5,1
2021-05-02 23:00:00+00:00,1,10.219,23,6,5,1
2021-05-03 00:00:00+00:00,0,0.0,0,0,5,0
2021-05-03 01:00:00+00:00,1,13.84,1,0,5,0
2021-05-03 02:00:00+00:00,0,0.0,2,0,5,0
2021-05-03 03:00:00+00:00,0,0.0,3,0,5,0
2021-05-03 04:00:00+00:00,0,0.0,4,0,5,0
2021-05-03 05:00:00+00:00,0,0.0,5,0,5,0
2021-05-03 06:00:00+00:00,0,0.0,6,0,5,0
2021-05-03 07:00:00+00:00,0,0.0,7,0,5,0
2021-05-03 08:00:00+00:00,0,0.0,8,0,5,0
2021-05-03 09:00:00+00:00,0,0.0,9,0,5,0
2021-05-03 10:00:00+00:00,0,0.0,10,0,5,0
2021-05-03 11:00:00+00:00,0,0.0,11,0,5,0
2021-05-03 12:00:00+00:00,0,0.0,12,0,5,0
2021-05-03 13:00:00+00:00,0,0.0,13,0,5,0
2021-05-03 14:00:00+00:00,0,0.0,14,0,5,0
2021-05-03 15:00:00+00:00,1,6.332,15,0,5,0
2021-05-03 16:00:00+00:00,2,1.856,16,0,5,0
2021-05-03 17:00:00+00:00,1,5.445,17,0,5,0
2021-05-03 18:00:00+00:00,0,0.0,18,0,5,0
2021-05-03 19:00:00+00:00,0,0.0,19,0,5,0
2021-05-03 20:00:00+00:00,0,0.0,20,0,5,0
2021-05-03 21:00:00+00:00,2,20.071,21,0,5,0
2021-05-03 22:00:00+00:00,0,0.0,22,0,5,0
2021-05-03 23:00:00+00:00,1,0.861,23,0,5,0
2021-05-04 00:00:00+00:00,0,0.0,0,1,5,0
2021-05-04 01:00:00+00:00,2,27.938,1,1,5,0
2021-05-04 02:00:00+00:00,0,0.0,2,1,5,0
2021-05-04 03:00:00+00:00,0,0.0,3,1,5,0
2021-05-04 04:00:00+00:00,0,0.0,4,1,5,0
2021-05-04 05:00:00+00:00,0,0.0,5,1,5,0
2021-05-04 06:00:00+00:00,0,0.0,6,1,5,0
2021-05-04 07:00:00+00:00,0,0.0,7,1,5,0
2021-05-04 08:00:00+00:00,0,0.0,8,1,5,0
2021-05-04 09:00:00+00:00,0,0.0,9,1,5,0
2021-05-04 10:00:00+00:00,0,0.0,10,1,5,0
2021-05-04 11:00:00+00:00,0,0.0,11,1,5,0
2021-05-04 12:00:00+00:00,0,0.0,12,1,5,0
2021-05-04 13:00:00+00:00,0,0.0,13,1,5,0
2021-05-04 14:00:00+00:00,0,0.0,14,1,5,0
2021-05-04 15:00:00+00:00,1,7.007,15,1,5,0
2021-05-04 16:00:00+00:00,1,5.948,16,1,5,0
2021-05-04 17:00:00+00:00,3,33.525,17,1,5,0
2021-05-04 18:00:00+00:00,0,0.0,18,1,5,0
2021-05-04 19:00:00+00:00,1,7.771,19,1,5,0
2021-05-04 20:00:00+00:00,1,4.458,20,1,5,0
2021-05-04 21:00:00+00:00,4,13.687,21,1,5,0
2021-05-04 22:00:00+00:00,0,0.0,22,1,5,0
2021-05-04 23:00:00+00:00,0,0.0,23,1,5,0
2021-05-05 00:00:00+00:00,0,0.0,0,2,5,0
2021-05-05 01:00:00+00:00,0,0.0,1,2,5,0
2021-05-05 02:00:00+00:00,2,28.031,2,2,5,0
2021-05-05 03:00:00+00:00,0,0.0,3,2,5,0
2021-05-05 04:00:00+00:00,0,0.0,4,2,5,0
2021-05-05 05:00:00+00:00,0,0.0,5,2,5,0
2021-05-05 06:00:00+00:00,0,0.0,6,2,5,0
2021-05-05 07:00:00+00:00,0,0.0,7,2,5,0
2021-05-05 08:00:00+00:00,0,0.0,8,2,5,0
2021-05-05 09:00:00+00:00,0,0.0,9,2,5,0
2021-05-05 10:00:00+00:00,0,0.0,10,2,5,0
2021-05-05 11:00:00+00:00,0,0.0,11,2,5,0
2021-05-05 12:00:00+00:00,0,0.0,12,2,5,0
2021-05-05 13:00:00+00:00,0,0.0,13,2,5,0
2021-05-05 14:00:00+00:00,1,3.268,14,2,5,0
2021-05-05 15:00:00+00:00,3,15.254,15,2,5,0
2021-05-05 16:00:00+00:00,0,0.0,16,2,5,0
2021-05-05 17:00:00+00:00,0,0.0,17,2,5,0
2021-05-05 18:00:00+00:00,1,5.792,18,2,5,0
2021-05-05 19:00:00+00:00,1,0.805,19,2,5,0
2021-05-05 20:00:00+00:00,1,16.18,20,2,5,0
2021-05-05 21:00:00+00:00,1,6.272,21,2,5,0
2021-05-05 22:00:00+00:00,0,0.0,22,2,5,0
2021-05-05 23:00:00+00:00,0,0.0,23,2,5,0
2021-05-06 00:00:00+00:00,1,5.402,0,3,5,0
2021-05-06 01:00:00+00:00,0,0.0,1,3,5,0
2021-05-06 02:00:00+00:00,0,0.0,2,3,5,0
2021-05-06 03:00:00+00:00,1,37.288,3,3,5,0
2021-05-06 04:00:00+00:00,0,0.0,4,3,5,0
2021-05-06 05:00:00+00:00,1,36.762,5,3,5,0
2021-05-06 06:00:00+00:00,0,0.0,6,3,5,0
2021-05-06 07:00:00+00:00,0,0.0,7,3,5,0
2021-05-06 08:00:00+00:00,0,0.0,8,3,5,0
2021-05-06 09:00:00+00:00,0,0.0,9,3,5,0
2021-05-06 10:00:00+00:00,0,0.0,10,3,5,0
2021-05-06 11:00:00+00:00,0,0.0,11,3,5,0
2021-05-06 12:00:00+00:00,0,0.0,12,3,5,0
2021-05-06 13:00:00+00:00,0,0.0,13,3,5,0
2021-05-06 14:00:00+00:00,0,0.0,14,3,5,0
2021-05-06 15:00:00+00:00,3,24.552,15,3,5,0
2021-05-06 16:00:00+00:00,0,0.0,16,3,5,0
2021-05-06 17:00:00+00:00,1,3.165,17,3,5,0
2021-05-06 18:00:00+00:00,2,26.778,18,3,5,0
2021-05-06 19:00:00+00:00,0,0.0,19,3,5,0
2021-05-06 20:00:00+00:00,1,24.376,20,3,5,0
2021-05-06 21:00:00+00:00,1,13.306,21,3,5,0
2021-05-06 22:00:00+00:00,0,0.0,22,3,5,0
2021-05-06 23:00:00+00:00,0,0.0,23,3,5,0
2021-05-07 00:00:00+00:00,0,0.0,0,4,5,0
2021-05-07 01:00:00+00:00,2,18.755,1,4,5,0
2021-05-07 02:00:00+00:00,1,16.504,2,4,5,0
2021-05-07 03:00:00+00:00,0,0.0,3,4,5,0
2021-05-07 04:00:00+00:00,1,14.422,4,4,5,0
2021-05-07 05:00:00+00:00,0,0.0,5,4,5,0
2021-05-07 06:00:00+00:00,0,0.0,6,4,5,0
2021-05-07 07:00:00+00:00,0,0.0,7,4,5,0
2021-05-07 08:00:00+00:00,0,0.0,8,4,5,0
2021-05-07 09:00:00+00:00,0,0.0,9,4,5,0
2021-05-07 10:00:00+00:00,0,0.0,10,4,5,0
2021-05-07 11:00:00+00:00,0,0.0,11,4,5,0
2021-05-07 12:00:00+00:00,0,0.0,12,4,5,0
2021-05-07 13:00:00+00:00,1,34.27,13,4,5,0
2021-05-07 14:00:00+00:00,0,0.0,14,4,5,0
2021-05-07 15:00:00+00:00,5,82.735,15,4,5,0
2021-05-07 16:00:00+00:00,0,0.0,16,4,5,0
2021-05-07 17:00:00+00:00,1,10.12,17,4,5,0
2021-05-07 18:00:00+00:00,0,0.0,18,4,5,0
2021-05-07 19:00:00+00:00,0,0.0,19,4,5,0
2021-05-07 20:00:00+00:00,1,51.928,20,4,5,0
2021-05-07 21:00:00+00:00,0,0.0,21,4,5,0
2021-05-07 22:00:00+00:00,1,2.857,22,4,5,0
2021-05-07 23:00:00+00:00,0,0.0,23,4,5,0
2021-05-08 00:00:00+00:00,1,39.366,0,5,5,1
2021-05-08 01:00:00+00:00,1,19.122,1,5,5,1
2021-05-08 02:00:00+00:00,0,0.0,2,5,5,1
2021-05-08 03:00:00+00:00,0,0.0,3,5,5,1
2021-05-08 04:00:00+00:00,1,7.584,4,5,5,1
2021-05-08 05:00:00+00:00,0,0.0,5,5,5,1
2021-05-08 06:00:00+00:00,0,0.0,6,5,5,1
2021-05-08 07:00:00+00:00,0,0.0,7,5,5,1
2021-05-08 08:00:00+00:00,0,0.0,8,5,5,1
2021-05-08 09:00:00+00:00,0,0.0,9,5,5,1
2021-05-08 10:00:00+00:00,0,0.0,10,5,5,1
2021-05-08 11:00:00+00:00,0,0.0,11,5,5,1
2021-05-08 12:00:00+00:00,0,0.0,12,5,5,1
2021-05-08 13:00:00+00:00,0,0.0,13,5,5,1
2021-05-08 14:00:00+00:00,0,0.0,14,5,5,1
2021-05-08 15:00:00+00:00,0,0.0,15,5,5,1
2021-05-08 16:00:00+00:00,1,33.08,16,5,5,1
2021-05-08 17:00:00+00:00,0,0.0,17,5,5,1
2021-05-08 18:00:00+00:00,1,3.577,18,5,5,1
2021-05-08 19:00:00+00:00,0,0.0,19,5,5,1
2021-05-08 20:00:00+00:00,0,0.0,20,5,5,1
2021-05-08 21:00:00+00:00,2,24.084,21,5,5,1
2021-05-08 22:00:00+00:00,1,18.788,22,5,5,1
2021-05-08 23:00:00+00:00,0,0.0,23,5,5,1
2021-05-09 00:00:00+00:00,0,0.0,0,6,5,1
2021-05-09 01:00:00+00:00,0,0.0,1,6,5,1
2021-05-09 02:00:00+00:00,2,21.056,2,6,5,1
2021-05-09 03:00:00+00:00,0,0.0,3,6,5,1
2021-05-09 04:00:00+00:00,0,0.0,4,6,5,1
2021-05-09 05:00:00+00:00,1,8.257,5,6,5,1
2021-05-09 06:00:00+00:00,0,0.0,6,6,5,1
2021-05-09 07:00:00+00:00,0,0.0,7,6,5,1
2021-05-09 08:00:00+00:00,0,0.0,8,6,5,1
2021-05-09 09:00:00+00:00,0,0.0,9,6,5,1
2021-05-09 10:00:00+00:00,0,0.0,10,6,5,1
2021-05-09 11:00:00+00:00,0,0.0,11,6,5,1
2021-05-09 12:00:00+00:00,0,0.0,12,6,5,1
2021-05-09 13:00:00+00:00,1,41.416,13,6,5,1
2021-05-09 14:00:00+00:00,0,0.0,14,6,5,1
2021-05-09 15:00:00+00:00,0,0.0,15,6,5,1
2021-05-09 16:00:00+00:00,0,0.0,16,6,5,1
2021-05-09 17:00:00+00:00,0,0.0,17,6,5,1
2021-05-09 18:00:00+00:00,2,21.643,18,6,5,1
2021-05-09 19:00:00+00:00,0,0.0,19,6,5,1
2021-05-09 20:00:00+00:00,0,0.0,20,6,5,1
2021-05-09 21:00:00+00:00,1,8.651,21,6,5,1
2021-05-09 22:00:00+00:00,0,0.0,22,6,5,1
2021-05-09 23:00:00+00:00,0,0.0,23,6,5,1
2021-05-10 00:00:00+00:00,1,2.276,0,0,5,0
2021-05-10 01:00:00+00:00,2,46.168,1,0,5,0
2021-05-10 02:00:00+00:00,0,0.0,2,0,5,0
2021-05-10 03:00:00+00:00,2,17.834,3,0,5,0
2021-05-10 04:00:00+00:00,0,0.0,4,0,5,0
2021-05-10 05:00:00+00:00,0,0.0,5,0,5,0
2021-05-10 06:00:00+00:00,0,0.0,6,0,5,0
2021-05-10 07:00:00+00:00,0,0.0,7,0,5,0
2021-05-10 08:00:00+00:00,0,0.0,8,0,5,0
2021-05-10 09:00:00+00:00,0,0.0,9,0,5,0
2021-05-10 10:00:00+00:00,0,0.0,10,0,5,0
2021-05-10 11:00:00+00:00,0,0.0,11,0,5,0
2021-05-10 12:00:00+00:00,0,0.0,12,0,5,0
2021-05-10 13:00:00+00:00,0,0.0,13,0,5,0
2021-05-10 14:00:00+00:00,0,0.0,14,0,5,0
2021-05-10 15:00:00+00:00,2,56.774,15,0,5,0
2021-05-10 16:00:00+00:00,1,5.861,16,0,5,0
2021-05-10 17:00:00+00:00,0,0.0,17,0,5,0
2021-05-10 18:00:00+00:00,0,0.0,18,0,5,0
2021-05-10 19:00:00+00:00,1,6.243,19,0,5,0
2021-05-10 20:00:00+00:00,0,0.0,20,0,5,0
2021-05-10 21:00:00+00:00,1,21.316,21,0,5,0
2021-05-10 22:00:00+00:00,0,0.0,22,0,5,0
2021-05-10 23:00:00+00:00,1,1.616,23,0,5,0
2021-05-11 00:00:00+00:00,0,0.0,0,1,5,0
2021-05-11 01:00:00+00:00,0,0.0,1,1,5,0
2021-05-11 02:00:00+00:00,2,75.029,2,1,5,0
2021-05-11 03:00:00+00:00,1,17.449,3,1,5,0
2021-05-11 04:00:00+00:00,0,0.0,4,1,5,0
2021-05-11 05:00:00+00:00,0,0.0,5,1,5,0
2021-05-11 06:00:00+00:00,0,0.0,6,1,5,0
2021-05-11 07:00:00+00:00,0,0.0,7,1,5,0
2021-05-11 08:00:00+00:00,0,0.0,8,1,5,0
2021-05-11 09:00:00+00:00,0,0.0,9,1,5,0
2021-05-11 10:00:00+00:00,0,0.0,10,1,5,0
2021-05-11 11:00:00+00:00,0,0.0,11,1,5,0
2021-05-11 12:00:00+00:00,0,0.0,12,1,5,0
2021-05-11 13:00:00+00:00,0,0.0,13,1,5,0
2021-05-11 14:00:00+00:00,1,6.346,14,1,5,0
2021-05-11 15:00:00+00:00,1,46.616,15,1,5,0
2021-05-11 16:00:00+00:00,1,0.949,16,1,5,0
2021-05-11 17:00:00+00:00,1,10.018,17,1,5,0
2021-05-11 18:00:00+00:00,0,0.0,18,1,5,0
2021-05-11 19:00:00+00:00,1,1.89,19,1,5,0
2021-05-11 20:00:00+00:00,3,13.715,20,1,5,0
2021-05-11 21:00:00+00:00,0,0.0,21,1,5,0
2021-05-11 22:00:00+00:00,1,7.188,22,1,5,0
2021-05-11 23:00:00+00:00,0,0.0,23,1,5,0
2021-05-12 00:00:00+00:00,0,0.0,0,2,5,0
2021-05-12 01:00:00+00:00,1,9.754,1,2,5,0
2021-05-12 02:00:00+00:00,2,19.495,2,2,5,0
2021-05-12 03:00:00+00:00,0,0.0,3,2,5,0
2021-05-12 04:00:00+00:00,0,0.0,4,2,5,0
2021-05-12 05:00:00+00:00,0,0.0,5,2,5,0
2021-05-12 06:00:00+00:00,0,0.0,6,2,5,0
2021-05-12 07:00:00+00:00,0,0.0,7,2,5,0
2021-05-12 08:00:00+00:00,0,0.0,8,2,5,0
2021-05-12 09:00:00+00:00,0,0.0,9,2,5,0
2021-05-12 10:00:00+00:00,0,0.0,10,2,5,0
2021-05-12 11:00:00+00:00,0,0.0,11,2,5,0
2021-05-12 12:00:00+00:00,0,0.0,12,2,5,0
2021-05-12 13:00:00+00:00,1,42.358,13,2,5,0
2021-05-12 14:00:00+00:00,0,0.0,14,2,5,0
2021-05-12 15:00:00+00:00,1,3.936,15,2,5,0
2021-05-12 16:00:00+00:00,1,2.506,16,2,5,0
2021-05-12 17:00:00+00:00,1,6.207,17,2,5,0
2021-05-12 18:00:00+00:00,1,11.424,18,2,5,0
2021-05-12 19:00:00+00:00,0,0.0,19,2,5,0
2021-05-12 20:00:00+00:00,1,4.614,20,2,5,0
2021-05-12 21:00:00+00:00,2,14.586,21,2,5,0
2021-05-12 22:00:00+00:00,0,0.0,22,2,5,0
2021-05-12 23:00:00+00:00,2,17.963,23,2,5,0
2021-05-13 00:00:00+00:00,1,15.344,0,3,5,0
2021-05-13 01:00:00+00:00,2,18.301,1,3,5,0
2021-05-13 02:00:00+00:00,0,0.0,2,3,5,0
2021-05-13 03:00:00+00:00,1,37.65,3,3,5,0
2021-05-13 04:00:00+00:00,0,0.0,4,3,5,0
2021-05-13 05:00:00+00:00,0,0.0,5,3,5,0
2021-05-13 06:00:00+00:00,0,0.0,6,3,5,0
2021-05-13 07:00:00+00:00,0,0.0,7,3,5,0
2021-05-13 08:00:00+00:00,0,0.0,8,3,5,0
2021-05-13 09:00:00+00:00,0,0.0,9,3,5,0
2021-05-13 10:00:00+00:00,0,0.0,10,3,5,0
2021-05-13 11:00:00+00:00,0,0.0,11,3,5,0
2021-05-13 12:00:00+00:00,0,0.0,12,3,5,0
2021-05-13 13:00:00+00:00,0,0.0,13,3,5,0
2021-05-13 14:00:00+00:00,1,6.418,14,3,5,0
2021-05-13 15:00:00+00:00,1,27.088,15,3,5,0
2021-05-13 16:00:00+00:00,2,10.746,16,3,5,0
2021-05-13 17:00:00+00:00,1,49.224,17,3,5,0
2021-05-13 18:00:00+00:00,0,0.0,18,3,5,0
2021-05-13 19:00:00+00:00,0,0.0,19,3,5,0
2021-05-13 20:00:00+00:00,1,2.6,20,3,5,0
2021-05-13 21:00:00+00:00,1,2.472,21,3,5,0
2021-05-13 22:00:00+00:00,0,0.0,22,3,5,0
2021-05-13 23:00:00+00:00,3,39.399,23,3,5,0
2021-05-14 00:00:00+00:00,1,62.518,0,4,5,0
2021-05-14 01:00:00+00:00,0,0.0,1,4,5,0
2021-05-14 02:00:00+00:00,0,0.0,2,4,5,0
2021-05-14 03:00:00+00:00,1,9.084,3,4,5,0
2021-05-14 04:00:00+00:00,0,0.0,4,4,5,0
2021-05-14 05:00:00+00:00,0,0.0,5,4,5,0
2021-05-14 06:00:00+00:00,0,0.0,6,4,5,0
2021-05-14 07:00:00+00:00,0,0.0,7,4,5,0
2021-05-14 08:00:00+00:00,0,0.0,8,4,5,0
2021-05-14 09:00:00+00:00,0,0.0,9,4,5,0
2021-05-14 10:00:00+00:00,0,0.0,10,4,5,0
2021-05-14 11:00:00+00:00,0,0.0,11,4,5,0
2021-05-14 12:00:00+00:00,0,0.0,12,4,5,0
2021-05-14 13:00:00+00:00,0,0.0,13,4,5,0
2021-05-14 14:00:00+00:00,0,0.0,14,4,5,0
2021-05-14 15:00:00+00:00,1,23.861,15,4,5,0
2021-05-14 16:00:00+00:00,2,31.693,16,4,5,0
2021-05-14 17:00:00+00:00,0,0.0,17,4,5,0
2021-05-14 18:00:00+00:00,2,2.567,18,4,5,0
2021-05-14 19:00:00+00:00,0,0.0,19,4,5,0
2021-05-14 20:00:00+00:00,1,6.434,20,4,5,0
2021-05-14 21:00:00+00:00,3,20.509,21,4,5,0
2021-05-14 22:00:00+00:00,1,2.377,22,4,5,0
2021-05-14 23:00:00+00:00,1,29.078,23,4,5,0
2021-05-15 00:00:00+00:00,1,20.964,0,5,5,1
2021-05-15 01:00:00+00:00,1,7.661,1,5,5,1
2021-05-15 02:00:00+00:00,0,0.0,2,5,5,1
2021-05-15 03:00:00+00:00,1,12.136,3,5,5,1
2021-05-15 04:00:00+00:00,0,0.0,4,5,5,1
2021-05-15 05:00:00+00:00,0,0.0,5,5,5,1
2021-05-15 06:00:00+00:00,0,0.0,6,5,5,1
2021-05-15 07:00:00+00:00,0,0.0,7,5,5,1
2021-05-15 08:00:00+00:00,0,0.0,8,5,5,1
2021-05-15 09:00:00+00:00,0,0.0,9,5,5,1
2021-05-15 10:00:00+00:00,0,0.0,10,5,5,1
2021-05-15 11:00:00+00:00,0,0.0,11,5,5,1
2021-05-15 12:00:00+00:00,0,0.0,12,5,5,1
2021-05-15 13:00:00+00:00,0,0.0,13,5,5,1
2021-05-15 14:00:00+00:00,1,4.922,14,5,5,1
2021-05-15 15:00:00+00:00,0,0.0,15,5,5,1
2021-05-15 16:00:00+00:00,1,6.342,16,5,5,1
2021-05-15 17:00:00+00:00,0,0.0,17,5,5,1
2021-05-15 18:00:00+00:00,1,3.111,18,5,5,1
2021-05-15 19:00:00+00:00,2,18.555999999999997,19,5,5,1
2021-05-15 20:00:00+00:00,1,19.192,20,5,5,1
2021-05-15 21:00:00+00:00,0,0.0,21,5,5,1
2021-05-15 22:00:00+00:00,2,48.884,22,5,5,1
2021-05-15 23:00:00+00:00,0,0.0,23,5,5,1
2021-05-16 00:00:00+00:00,1,6.733,0,6,5,1
2021-05-16 01:00:00+00:00,0,0.0,1,6,5,1
2021-05-16 02:00:00+00:00,0,0.0,2,6,5,1
2021-05-16 03:00:00+00:00,0,0.0,3,6,5,1
2021-05-16 04:00:00+00:00,1,8.068,4,6,5,1
2021-05-16 05:00:00+00:00,0,0.0,5,6,5,1
2021-05-16 06:00:00+00:00,0,0.0,6,6,5,1
2021-05-16 07:00:00+00:00,0,0.0,7,6,5,1
2021-05-16 08:00:00+00:00,0,0.0,8,6,5,1
2021-05-16 09:00:00+00:00,0,0.0,9,6,5,1
2021-05-16 10:00:00+00:00,0,0.0,10,6,5,1
2021-05-16 11:00:00+00:00,0,0.0,11,6,5,1
2021-05-16 12:00:00+00:00,0,0.0,12,6,5,1
2021-05-16 13:00:00+00:00,0,0.0,13,6,5,1
2021-05-16 14:00:00+00:00,1,31.238,14,6,5,1
2021-05-16 15:00:00+00:00,0,0.0,15,6,5,1
2021-05-16 16:00:00+00:00,1,29.458,16,6,5,1
2021-05-16 17:00:00+00:00,0,0.0,17,6,5,1
2021-05-16 18:00:00+00:00,1,7.539,18,6,5,1
2021-05-16 19:00:00+00:00,1,6.819,19,6,5,1
2021-05-16 20:00:00+00:00,1,10.88,20,6,5,1
2021-05-16 21:00:00+00:00,0,0.0,21,6,5,1
2021-05-16 22:00:00+00:00,2,56.323,22,6,5,1
2021-05-16 23:00:00+00:00,1,6.105,23,6,5,1
2021-05-17 00:00:00+00:00,1,60.144,0,0,5,0
2021-05-17 01:00:00+00:00,0,0.0,1,0,5,0
2021-05-17 02:00:00+00:00,1,2.41,2,0,5,0
2021-05-17 03:00:00+00:00,0,0.0,3,0,5,0
2021-05-17 04:00:00+00:00,0,0.0,4,0,5,0
2021-05-17 05:00:00+00:00,0,0.0,5,0,5,0
2021-05-17 06:00:00+00:00,0,0.0,6,0,5,0
2021-05-17 07:00:00+00:00,0,0.0,7,0,5,0
2021-05-17 08:00:00+00:00,1,49.314,8,0,5,0
2021-05-17 09:00:00+00:00,0,0.0,9,0,5,0
2021-05-17 10:00:00+00:00,0,0.0,10,0,5,0
2021-05-17 11:00:00+00:00,0,0.0,11,0,5,0
2021-05-17 12:00:00+00:00,0,0.0,12,0,5,0
2021-05-17 13:00:00+00:00,1,5.74,13,0,5,0
2021-05-17 14:00:00+00:00,1,50.71,14,0,5,0
2021-05-17 15:00:00+00:00,0,0.0,15,0,5,0
2021-05-17 16:00:00+00:00,0,0.0,16,0,5,0
2021-05-17 17:00:00+00:00,0,0.0,17,0,5,0
2021-05-17 18:00:00+00:00,0,0.0,18,0,5,0
2021-05-17 19:00:00+00:00,1,6.422,19,0,5,0
2021-05-17 20:00:00+00:00,0,0.0,20,0,5,0
2021-05-17 21:00:00+00:00,1,8.743,21,0,5,0
2021-05-17 22:00:00+00:00,2,27.452,22,0,5,0
2021-05-17 23:00:00+00:00,1,32.78,23,0,5,0
2021-05-18 00:00:00+00:00,1,14.222,0,1,5,0
2021-05-18 01:00:00+00:00,1,5.102,1,1,5,0
2021-05-18 02:00:00+00:00,0,0.0,2,1,5,0
2021-05-18 03:00:00+00:00,0,0.0,3,1,5,0
2021-05-18 04:00:00+00:00,0,0.0,4,1,5,0
2021-05-18 05:00:00+00:00,0,0.0,5,1,5,0
2021-05-18 06:00:00+00:00,0,0.0,6,1,5,0
2021-05-18 07:00:00+00:00,0,0.0,7,1,5,0
2021-05-18 08:00:00+00:00,0,0.0,8,1,5,0
2021-05-18 09:00:00+00:00,0,0.0,9,1,5,0
2021-05-18 10:00:00+00:00,0,0.0,10,1,5,0
2021-05-18 11:00:00+00:00,0,0.0,11,1,5,0
2021-05-18 12:00:00+00:00,0,0.0,12,1,5,0
2021-05-18 13:00:00+00:00,0,0.0,13,1,5,0
2021-05-18 14:00:00+00:00,0,0.0,14,1,5,0
2021-05-18 15:00:00+00:00,1,37.645,15,1,5,0
2021-05-18 16:00:00+00:00,1,19.136,16,1,5,0
2021-05-18 17:00:00+00:00,1,9.807,17,1,5,0
2021-05-18 18:00:00+00:00,0,0.0,18,1,5,0
2021-05-18 19:00:00+00:00,0,0.0,19,1,5,0
2021-05-18 20:00:00+00:00,0,0.0,20,1,5,0
2021-05-18 21:00:00+00:00,3,24.642,21,1,5,0
2021-05-18 22:00:00+00:00,1,0.953,22,1,5,0
2021-05-18 23:00:00+00:00,0,0.0,23,1,5,0
2021-05-19 00:00:00+00:00,1,9.584,0,2,5,0
2021-05-19 01:00:00+00:00,1,8.977,1,2,5,0
2021-05-19 02:00:00+00:00,1,20.052,2,2,5,0
2021-05-19 03:00:00+00:00,0,0.0,3,2,5,0
2021-05-19 04:00:00+00:00,0,0.0,4,2,5,0
2021-05-19 05:00:00+00:00,0,0.0,5,2,5,0
2021-05-19 06:00:00+00:00,0,0.0,6,2,5,0
2021-05-19 07:00:00+00:00,0,0.0,7,2,5,0
2021-05-19 08:00:00+00:00,0,0.0,8,2,5,0
2021-05-19 09:00:00+00:00,0,0.0,9,2,5,0
2021-05-19 10:00:00+00:00,0,0.0,10,2,5,0
2021-05-19 11:00:00+00:00,0,0.0,11,2,5,0
2021-05-19 12:00:00+00:00,0,0.0,12,2,5,0
2021-05-19 13:00:00+00:00,0,0.0,13,2,5,0
2021-05-19 14:00:00+00:00,0,0.0,14,2,5,0
2021-05-19 15:00:00+00:00,2,16.817,15,2,5,0
2021-05-19 16:00:00+00:00,0,0.0,16,2,5,0
2021-05-19 17:00:00+00:00,1,8.57,17,2,5,0
2021-05-19 18:00:00+00:00,3,7.573,18,2,5,0
2021-05-19 19:00:00+00:00,2,19.643,19,2,5,0
2021-05-19 20:00:00+00:00,1,11.044,20,2,5,0
2021-05-19 21:00:00+00:00,2,17.895,21,2,5,0
2021-05-19 22:00:00+00:00,0,0.0,22,2,5,0
2021-05-19 23:00:00+00:00,0,0.0,23,2,5,0
2021-05-20 00:00:00+00:00,1,57.648,0,3,5,0
2021-05-20 01:00:00+00:00,1,11.648,1,3,5,0
2021-05-20 02:00:00+00:00,0,0.0,2,3,5,0
2021-05-20 03:00:00+00:00,1,28.338,3,3,5,0
2021-05-20 04:00:00+00:00,1,28.409,4,3,5,0
2021-05-20 05:00:00+00:00,0,0.0,5,3,5,0
2021-05-20 06:00:00+00:00,0,0.0,6,3,5,0
2021-05-20 07:00:00+00:00,0,0.0,7,3,5,0
2021-05-20 08:00:00+00:00,0,0.0,8,3,5,0
2021-05-20 09:00:00+00:00,0,0.0,9,3,5,0
2021-05-20 10:00:00+00:00,0,0.0,10,3,5,0
2021-05-20 11:00:00+00:00,0,0.0,11,3,5,0
2021-05-20 12:00:00+00:00,0,0.0,12,3,5,0
2021-05-20 13:00:00+00:00,0,0.0,13,3,5,0
2021-05-20 14:00:00+00:00,0,0.0,14,3,5,0
2021-05-20 15:00:00+00:00,0,0.0,15,3,5,0
2021-05-20 16:00:00+00:00,0,0.0,16,3,5,0
2021-05-20 17:00:00+00:00,3,17.323,17,3,5,0
2021-05-20 18:00:00+00:00,0,0.0,18,3,5,0
2021-05-20 19:00:00+00:00,0,0.0,19,3,5,0
2021-05-20 20:00:00+00:00,0,0.0,20,3,5,0
2021-05-20 21:00:00+00:00,1,2.0,21,3,5,0
2021-05-20 22:00:00+00:00,2,16.239,22,3,5,0
2021-05-20 23:00:00+00:00,1,0.921,23,3,5,0
2021-05-21 00:00:00+00:00,1,23.692,0,4,5,0
2021-05-21 01:00:00+00:00,0,0.0,1,4,5,0
2021-05-21 02:00:00+00:00,0,0.0,2,4,5,0
2021-05-21 03:00:00+00:00,0,0.0,3,4,5,0
2021-05-21 04:00:00+00:00,2,24.253,4,4,5,0
2021-05-21 05:00:00+00:00,0,0.0,5,4,5,0
2021-05-21 06:00:00+00:00,0,0.0,6,4,5,0
2021-05-21 07:00:00+00:00,0,0.0,7,4,5,0
2021-05-21 08:00:00+00:00,0,0.0,8,4,5,0
2021-05-21 09:00:00+00:00,0,0.0,9,4,5,0
2021-05-21 10:00:00+00:00,0,0.0,10,4,5,0
2021-05-21 11:00:00+00:00,0,0.0,11,4,5,0
2021-05-21 12:00:00+00:00,0,0.0,12,4,5,0
2021-05-21 13:00:00+00:00,1,37.55,13,4,5,0
2021-05-21 14:00:00+00:00,0,0.0,14,4,5,0
2021-05-21 15:00:00+00:00,1,6.333,15,4,5,0
2021-05-21 16:00:00+00:00,1,6.399,16,4,5,0
2021-05-21 17:00:00+00:00,1,14.61,17,4,5,0
2021-05-21 18:00:00+00:00,2,21.115,18,4,5,0
2021-05-21 19:00:00+00:00,1,26.048,19,4,5,0
2021-05-21 20:00:00+00:00,0,0.0,20,4,5,0
2021-05-21 21:00:00+00:00,3,14.417,21,4,5,0
2021-05-21 22:00:00+00:00,1,8.756,22,4,5,0
2021-05-21 23:00:00+00:00,1,26.906,23,4,5,0
2021-05-22 00:00:00+00:00,1,10.05,0,5,5,1
2021-05-22 01:00:00+00:00,3,42.537000000000006,1,5,5,1
2021-05-22 02:00:00+00:00,1,35.188,2,5,5,1
2021-05-22 03:00:00+00:00,0,0.0,3,5,5,1
2021-05-22 04:00:00+00:00,0,0.0,4,5,5,1
2021-05-22 05:00:00+00:00,0,0.0,5,5,5,1
2021-05-22 06:00:00+00:00,0,0.0,6,5,5,1
2021-05-22 07:00:00+00:00,0,0.0,7,5,5,1
2021-05-22 08:00:00+00:00,0,0.0,8,5,5,1
2021-05-22 09:00:00+00:00,0,0.0,9,5,5,1
2021-05-22 10:00:00+00:00,0,0.0,10,5,5,1
2021-05-22 11:00:00+00:00,0,0.0,11,5,5,1
2021-05-22 12:00:00+00:00,0,0.0,12,5,5,1
2021-05-22 13:00:00+00:00,0,0.0,13,5,5,1
2021-05-22 14:00:00+00:00,1,7.323,14,5,5,1
2021-05-22 15:00:00+00:00,0,0.0,15,5,5,1
2021-05-22 16:00:00+00:00,0,0.0,16,5,5,1
2021-05-22 17:00:00+00:00,1,4.358,17,5,5,1
2021-05-22 18:00:00+00:00,2,17.293,18,5,5,1
2021-05-22 19:00:00+00:00,0,0.0,19,5,5,1
2021-05-22 20:00:00+00:00,1,10.928,20,5,5,1
2021-05-22 21:00:00+00:00,0,0.0,21,5,5,1
2021-05-22 22:00:00+00:00,0,0.0,22,5,5,1
2021-05-22 23:00:00+00:00,1,13.747,23,5,5,1
2021-05-23 00:00:00+00:00,1,2.364,0,6,5,1
2021-05-23 01:00:00+00:00,0,0.0,1,6,5,1
2021-05-23 02:00:00+00:00,0,0.0,2,6,5,1
2021-05-23 03:00:00+00:00,1,12.848,3,6,5,1
2021-05-23 04:00:00+00:00,0,0.0,4,6,5,1
2021-05-23 05:00:00+00:00,0,0.0,5,6,5,1
2021-05-23 06:00:00+00:00,0,0.0,6,6,5,1
2021-05-23 07:00:00+00:00,0,0.0,7,6,5,1
2021-05-23 08:00:00+00:00,0,0.0,8,6,5,1
2021-05-23 09:00:00+00:00,0,0.0,9,6,5,1
2021-05-23 10:00:00+00:00,0,0.0,10,6,5,1
2021-05-23 11:00:00+00:00,0,0.0,11,6,5,1
2021-05-23 12:00:00+00:00,0,0.0,12,6,5,1
2021-05-23 13:00:00+00:00,0,0.0,13,6,5,1
2021-05-23 14:00:00+00:00,0,0.0,14,6,5,1
2021-05-23 15:00:00+00:00,0,0.0,15,6,5,1
2021-05-23 16:00:00+00:00,1,23.188,16,6,5,1
2021-05-23 17:00:00+00:00,0,0.0,17,6,5,1
2021-05-23 18:00:00+00:00,0,0.0,18,6,5,1
2021-05-23 19:00:00+00:00,3,58.637,19,6,5,1
2021-05-23 20:00:00+00:00,0,0.0,20,6,5,1
2021-05-23 21:00:00+00:00,0,0.0,21,6,5,1
2021-05-23 22:00:00+00:00,0,0.0,22,6,5,1
2021-05-23 23:00:00+00:00,1,2.356,23,6,5,1
2021-05-24 00:00:00+00:00,1,4.781,0,0,5,0
2021-05-24 01:00:00+00:00,1,1.259,1,0,5,0
2021-05-24 02:00:00+00:00,1,13.807,2,0,5,0
2021-05-24 03:00:00+00:00,0,0.0,3,0,5,0
2021-05-24 04:00:00+00:00,1,5.506,4,0,5,0
2021-05-24 05:00:00+00:00,0,0.0,5,0,5,0
2021-05-24 06:00:00+00:00,0,0.0,6,0,5,0
2021-05-24 07:00:00+00:00,0,0.0,7,0,5,0
2021-05-24 08:00:00+00:00,0,0.0,8,0,5,0
2021-05-24 09:00:00+00:00,1,10.274,9,0,5,0
2021-05-24 10:00:00+00:00,0,0.0,10,0,5,0
2021-05-24 11:00:00+00:00,0,0.0,11,0,5,0
2021-05-24 12:00:00+00:00,0,0.0,12,0,5,0
2021-05-24 13:00:00+00:00,0,0.0,13,0,5,0
2021-05-24 14:00:00+00:00,2,30.165,14,0,5,0
2021-05-24 15:00:00+00:00,1,5.643,15,0,5,0
2021-05-24 16:00:00+00:00,0,0.0,16,0,5,0
2021-05-24 17:00:00+00:00,1,6.107,17,0,5,0
2021-05-24 18:00:00+00:00,2,15.66,18,0,5,0
2021-05-24 19:00:00+00:00,1,0.847,19,0,5,0
2021-05-24 20:00:00+00:00,3,7.628,20,0,5,0
2021-05-24 21:00:00+00:00,3,29.32,21,0,5,0
2021-05-24 22:00:00+00:00,1,5.09,22,0,5,0
2021-05-24 23:00:00+00:00,1,14.667,23,0,5,0
2021-05-25 00:00:00+00:00,0,0.0,0,1,5,0
2021-05-25 01:00:00+00:00,1,3.455,1,1,5,0
2021-05-25 02:00:00+00:00,0,0.0,2,1,5,0
2021-05-25 03:00:00+00:00,0,0.0,3,1,5,0
2021-05-25 04:00:00+00:00,1,41.188,4,1,5,0
2021-05-25 05:00:00+00:00,0,0.0,5,1,5,0
2021-05-25 06:00:00+00:00,0,0.0,6,1,5,0
2021-05-25 07:00:00+00:00,0,0.0,7,1,5,0
2021-05-25 08:00:00+00:00,0,0.0,8,1,5,0
2021-05-25 09:00:00+00:00,0,0.0,9,1,5,0
2021-05-25 10:00:00+00:00,0,0.0,10,1,5,0
2021-05-25 11:00:00+00:00,0,0.0,11,1,5,0
2021-05-25 12:00:00+00:00,0,0.0,12,1,5,0
2021-05-25 13:00:00+00:00,1,23.452,13,1,5,0
2021-05-25 14:00:00+00:00,0,0.0,14,1,5,0
2021-05-25 15:00:00+00:00,4,70.489,15,1,5,0
2021-05-25 16:00:00+00:00,1,43.423,16,1,5,0
2021-05-25 17:00:00+00:00,1,28.282,17,1,5,0
2021-05-25 18:00:00+00:00,1,15.628,18,1,5,0
2021-05-25 19:00:00+00:00,1,13.7,19,1,5,0
2021-05-25 20:00:00+00:00,3,17.608,20,1,5,0
2021-05-25 21:00:00+00:00,1,4.077,21,1,5,0
2021-05-25 22:00:00+00:00,2,5.7490000000000006,22,1,5,0
2021-05-25 23:00:00+00:00,0,0.0,23,1,5,0
2021-05-26 00:00:00+00:00,1,21.018,0,2,5,0
2021-05-26 01:00:00+00:00,2,16.296,1,2,5,0
2021-05-26 02:00:00+00:00,0,0.0,2,2,5,0
2021-05-26 03:00:00+00:00,1,13.83,3,2,5,0
2021-05-26 04:00:00+00:00,0,0.0,4,2,5,0
2021-05-26 05:00:00+00:00,0,0.0,5,2,5,0
2021-05-26 06:00:00+00:00,0,0.0,6,2,5,0
2021-05-26 07:00:00+00:00,0,0.0,7,2,5,0
2021-05-26 08:00:00+00:00,0,0.0,8,2,5,0
2021-05-26 09:00:00+00:00,0,0.0,9,2,5,0
2021-05-26 10:00:00+00:00,0,0.0,10,2,5,0
2021-05-26 11:00:00+00:00,0,0.0,11,2,5,0
2021-05-26 12:00:00+00:00,0,0.0,12,2,5,0
2021-05-26 13:00:00+00:00,0,0.0,13,2,5,0
2021-05-26 14:00:00+00:00,0,0.0,14,2,5,0
2021-05-26 15:00:00+00:00,2,22.59,15,2,5,0
2021-05-26 16:00:00+00:00,0,0.0,16,2,5,0
2021-05-26 17:00:00+00:00,1,13.223,17,2,5,0
2021-05-26 18:00:00+00:00,1,1.349,18,2,5,0
2021-05-26 19:00:00+00:00,1,6.229,19,2,5,0
2021-05-26 20:00:00+00:00,1,9.566,20,2,5,0
2021-05-26 21:00:00+00:00,0,0.0,21,2,5,0
2021-05-26 22:00:00+00:00,1,2.289,22,2,5,0
2021-05-26 23:00:00+00:00,1,18.016,23,2,5,0
2021-05-27 00:00:00+00:00,1,22.752,0,3,5,0
2021-05-27 01:00:00+00:00,0,0.0,1,3,5,0
2021-05-27 02:00:00+00:00,0,0.0,2,3,5,0
2021-05-27 03:00:00+00:00,1,24.11,3,3,5,0
2021-05-27 04:00:00+00:00,1,14.639,4,3,5,0
2021-05-27 05:00:00+00:00,0,0.0,5,3,5,0
2021-05-27 06:00:00+00:00,0,0.0,6,3,5,0
2021-05-27 07:00:00+00:00,0,0.0,7,3,5,0
2021-05-27 08:00:00+00:00,0,0.0,8,3,5,0
2021-05-27 09:00:00+00:00,0,0.0,9,3,5,0
2021-05-27 10:00:00+00:00,0,0.0,10,3,5,0
2021-05-27 11:00:00+00:00,0,0.0,11,3,5,0
2021-05-27 12:00:00+00:00,0,0.0,12,3,5,0
2021-05-27 13:00:00+00:00,0,0.0,13,3,5,0
2021-05-27 14:00:00+00:00,2,21.156,14,3,5,0
2021-05-27 15:00:00+00:00,1,52.512,15,3,5,0
2021-05-27 16:00:00+00:00,0,0.0,16,3,5,0
2021-05-27 17:00:00+00:00,2,32.477000000000004,17,3,5,0
2021-05-27 18:00:00+00:00,0,0.0,18,3,5,0
2021-05-27 19:00:00+00:00,1,6.21,19,3,5,0
2021-05-27 20:00:00+00:00,1,16.179,20,3,5,0
2021-05-27 21:00:00+00:00,2,5.1419999999999995,21,3,5,0
2021-05-27 22:00:00+00:00,1,11.008,22,3,5,0
2021-05-27 23:00:00+00:00,0,0.0,23,3,5,0
2021-05-28 00:00:00+00:00,0,0.0,0,4,5,0
2021-05-28 01:00:00+00:00,1,25.968,1,4,5,0
2021-05-28 02:00:00+00:00,1,2.576,2,4,5,0
2021-05-28 03:00:00+00:00,1,13.422,3,4,5,0
2021-05-28 04:00:00+00:00,0,0.0,4,4,5,0
2021-05-28 05:00:00+00:00,0,0.0,5,4,5,0
2021-05-28 06:00:00+00:00,0,0.0,6,4,5,0
2021-05-28 07:00:00+00:00,0,0.0,7,4,5,0
2021-05-28 08:00:00+00:00,0,0.0,8,4,5,0
2021-05-28 09:00:00+00:00,0,0.0,9,4,5,0
2021-05-28 10:00:00+00:00,0,0.0,10,4,5,0
2021-05-28 11:00:00+00:00,0,0.0,11,4,5,0
2021-05-28 12:00:00+00:00,0,0.0,12,4,5,0
2021-05-28 13:00:00+00:00,1,47.794,13,4,5,0
2021-05-28 14:00:00+00:00,0,0.0,14,4,5,0
2021-05-28 15:00:00+00:00,3,30.084999999999997,15,4,5,0
2021-05-28 16:00:00+00:00,0,0.0,16,4,5,0
2021-05-28 17:00:00+00:00,1,40.298,17,4,5,0
2021-05-28 18:00:00+00:00,1,8.525,18,4,5,0
2021-05-28 19:00:00+00:00,0,0.0,19,4,5,0
2021-05-28 20:00:00+00:00,0,0.0,20,4,5,0
2021-05-28 21:00:00+00:00,2,16.505,21,4,5,0
2021-05-28 22:00:00+00:00,1,3.192,22,4,5,0
2021-05-28 23:00:00+00:00,1,22.016,23,4,5,0
2021-05-29 00:00:00+00:00,0,0.0,0,5,5,1
2021-05-29 01:00:00+00:00,2,56.064,1,5,5,1
2021-05-29 02:00:00+00:00,1,7.156,2,5,5,1
2021-05-29 03:00:00+00:00,0,0.0,3,5,5,1
2021-05-29 04:00:00+00:00,1,7.978,4,5,5,1
2021-05-29 05:00:00+00:00,0,0.0,5,5,5,1
2021-05-29 06:00:00+00:00,0,0.0,6,5,5,1
2021-05-29 07:00:00+00:00,0,0.0,7,5,5,1
2021-05-29 08:00:00+00:00,0,0.0,8,5,5,1
2021-05-29 09:00:00+00:00,0,0.0,9,5,5,1
2021-05-29 10:00:00+00:00,0,0.0,10,5,5,1
2021-05-29 11:00:00+00:00,0,0.0,11,5,5,1
2021-05-29 12:00:00+00:00,0,0.0,12,5,5,1
2021-05-29 13:00:00+00:00,0,0.0,13,5,5,1
2021-05-29 14:00:00+00:00,0,0.0,14,5,5,1
2021-05-29 15:00:00+00:00,2,38.718,15,5,5,1
2021-05-29 16:00:00+00:00,0,0.0,16,5,5,1
2021-05-29 17:00:00+00:00,1,32.612,17,5,5,1
2021-05-29 18:00:00+00:00,1,9.776,18,5,5,1
2021-05-29 19:00:00+00:00,1,31.546,19,5,5,1
2021-05-29 20:00:00+00:00,0,0.0,20,5,5,1
2021-05-29 21:00:00+00:00,1,3.539,21,5,5,1
2021-05-29 22:00:00+00:00,0,0.0,22,5,5,1
2021-05-29 23:00:00+00:00,1,11.96,23,5,5,1
2021-05-30 00:00:00+00:00,0,0.0,0,6,5,1
2021-05-30 01:00:00+00:00,0,0.0,1,6,5,1
2021-05-30 02:00:00+00:00,1,20.176,2,6,5,1
2021-05-30 03:00:00+00:00,0,0.0,3,6,5,1
2021-05-30 04:00:00+00:00,0,0.0,4,6,5,1
2021-05-30 05:00:00+00:00,0,0.0,5,6,5,1
2021-05-30 06:00:00+00:00,0,0.0,6,6,5,1
2021-05-30 07:00:00+00:00,0,0.0,7,6,5,1
2021-05-30 08:00:00+00:00,0,0.0,8,6,5,1
2021-05-30 09:00:00+00:00,0,0.0,9,6,5,1
2021-05-30 10:00:00+00:00,0,0.0,10,6,5,1
2021-05-30 11:00:00+00:00,0,0.0,11,6,5,1
2021-05-30 12:00:00+00:00,0,0.0,12,6,5,1
2021-05-30 13:00:00+00:00,0,0.0,13,6,5,1
2021-05-30 14:00:00+00:00,0,0.0,14,6,5,1
2021-05-30 15:00:00+00:00,0,0.0,15,6,5,1
2021-05-30 16:00:00+00:00,2,65.85900000000001,16,6,5,1
2021-05-30 17:00:00+00:00,0,0.0,17,6,5,1
2021-05-30 18:00:00+00:00,0,0.0,18,6,5,1
2021-05-30 19:00:00+00:00,2,9.083,19,6,5,1
2021-05-30 20:00:00+00:00,0,0.0,20,6,5,1
2021-05-30 21:00:00+00:00,0,0.0,21,6,5,1
2021-05-30 22:00:00+00:00,1,33.513,22,6,5,1
2021-05-30 23:00:00+00:00,0,0.0,23,6,5,1
2021-05-31 00:00:00+00:00,0,0.0,0,0,5,0
2021-05-31 01:00:00+00:00,0,0.0,1,0,5,0
2021-05-31 02:00:00+00:00,0,0.0,2,0,5,0
2021-05-31 03:00:00+00:00,1,30.976,3,0,5,0
2021-05-31 04:00:00+00:00,0,0.0,4,0,5,0
2021-05-31 05:00:00+00:00,0,0.0,5,0,5,0
2021-05-31 06:00:00+00:00,0,0.0,6,0,5,0
2021-05-31 07:00:00+00:00,0,0.0,7,0,5,0
2021-05-31 08:00:00+00:00,0,0.0,8,0,5,0
2021-05-31 09:00:00+00:00,0,0.0,9,0,5,0
2021-05-31 10:00:00+00:00,0,0.0,10,0,5,0
2021-05-31 11:00:00+00:00,0,0.0,11,0,5,0
2021-05-31 12:00:00+00:00,0,0.0,12,0,5,0
2021-05-31 13:00:00+00:00,1,24.83,13,0,5,0
2021-05-31 14:00:00+00:00,1,3.133,14,0,5,0
2021-05-31 15:00:00+00:00,1,13.314,15,0,5,0
2021-05-31 16:00:00+00:00,0,0.0,16,0,5,0
2021-05-31 17:00:00+00:00,0,0.0,17,0,5,0
2021-05-31 18:00:00+00:00,1,3.775,18,0,5,0
2021-05-31 19:00:00+00:00,0,0.0,19,0,5,0
2021-05-31 20:00:00+00:00,1,20.242,20,0,5,0
2021-05-31 21:00:00+00:00,0,0.0,21,0,5,0
2021-05-31 22:00:00+00:00,0,0.0,22,0,5,0
2021-05-31 23:00:00+00:00,1,23.38,23,0,5,0
